,global_sentiment
2003-02-10,-0.03268364816904068
2003-02-11,0.03371857721358538
2003-02-12,0.06228759437799454
2003-02-13,0.08697116374969482
2003-02-14,-0.10221209526062011
2003-02-17,-0.19841335713863373
2003-02-18,0.00571927335113287
2003-02-19,-0.21624302566051484
2003-02-20,0.06857195273041725
2003-02-21,-0.34120672941207886
2003-02-24,-0.2653228223323822
2003-02-25,0.05014000236988068
2003-02-26,0.05261393114924431
2003-02-27,0.07111622244119645
2003-02-28,-0.025979818403720857
2003-03-03,-0.36644466519355773
2003-03-04,0.12051244527101516
2003-03-05,0.17901893705129623
2003-03-06,0.05588833801448345
2003-03-07,0.0025782748125493526
2003-03-10,-0.10908377394080163
2003-03-11,-0.08483853787183762
2003-03-12,0.19221366047859192
2003-03-13,0.006133686657994986
2003-03-14,0.05127788335084915
2003-03-17,-0.05066059418022632
2003-03-18,0.2617482841014862
2003-03-19,-0.3122134506702423
2003-03-20,0.028937706723809242
2003-03-21,0.06393208876252174
2003-03-24,0.08246361017227173
2003-03-25,0.020935462787747383
2003-03-26,-0.2791804403066635
2003-03-27,-0.006908159703016281
2003-03-28,-0.022792600095272064
2003-03-31,-0.1920435458421707
2003-04-01,0.007170412689447403
2003-04-02,0.13368773758411406
2003-04-03,-0.054322749376297
2003-04-04,0.025420869886875152
2003-04-07,0.12920053601264953
2003-04-08,0.09754090011119843
2003-04-09,-0.1846226006746292
2003-04-10,-0.10054578930139542
2003-04-11,0.034872275590896604
2003-04-14,-0.009903200622648
2003-04-15,-0.32724249362945557
2003-04-16,-0.24014088213443757
2003-04-17,-0.09308238849043846
2003-04-18,0.14617373943328857
2003-04-21,-0.07579257190227509
2003-04-22,0.05092469677329063
2003-04-23,-0.08627960830926895
2003-04-24,-0.010774767026305199
2003-04-25,-0.1472102075815201
2003-04-28,-0.16676689684391022
2003-04-29,0.6098435997962952
2003-04-30,0.03026200272142887
2003-05-01,0.0735750762745738
2003-05-02,-0.01832267493009567
2003-05-05,0.14983952045440674
2003-05-06,0.11674729883670806
2003-05-07,0.3632183372974396
2003-05-08,0.2571340501308441
2003-05-09,0.22833823561668395
2003-05-12,0.10066205114126206
2003-05-13,-0.08505674600601196
2003-05-14,0.023500120639801024
2003-05-15,0.0778418555855751
2003-05-16,0.33787786960601807
2003-05-19,-0.03510385379195213
2003-05-20,0.15340623259544373
2003-05-21,-0.11772704720497132
2003-05-22,-0.4744321942329407
2003-05-23,0.03018830493092537
2003-05-26,0.11646992489695548
2003-05-27,0.08040831908583641
2003-05-28,-0.0031387709081172944
2003-05-29,-0.14527404606342315
2003-05-30,-0.061924314498901366
2003-06-02,-0.1896862268447876
2003-06-03,-0.19579909443855287
2003-06-04,0.22494159936904906
2003-06-05,-0.057453006505966187
2003-06-06,-0.1369367003440857
2003-06-09,0.13185651674866677
2003-06-10,0.016715876758098602
2003-06-11,-0.0007189075695350766
2003-06-12,-0.294048810005188
2003-06-13,0.04619189724326134
2003-06-16,0.1568164348602295
2003-06-17,0.34416418671607973
2003-06-18,0.40098570585250853
2003-06-19,-0.025880530849099158
2003-06-20,0.375906366109848
2003-06-23,0.01458875419339165
2003-06-24,-0.02390104904770851
2003-06-25,-0.13726916760206223
2003-06-26,0.2418332129716873
2003-06-27,-0.10962691903114319
2003-06-30,-0.006488328427076339
2003-07-01,0.09996815770864487
2003-07-02,0.06808590665459632
2003-07-03,-0.01604103818535805
2003-07-04,-0.11442975699901581
2003-07-07,-0.1715992061421275
2003-07-08,0.1151264488697052
2003-07-09,-0.3276288270950317
2003-07-10,0.43266740441322327
2003-07-11,0.06336806416511535
2003-07-14,-0.13229309916496276
2003-07-15,-0.025478316470980644
2003-07-16,-0.0860077604651451
2003-07-17,0.1132189616560936
2003-07-18,0.2783854067325592
2003-07-21,0.21358199119567872
2003-07-22,0.07861839979887009
2003-07-23,0.22929263710975648
2003-07-24,0.23136282861232757
2003-07-25,-0.07957585602998733
2003-07-28,-0.08974453806877136
2003-07-29,0.2953570455312729
2003-07-30,0.22865997403860092
2003-07-31,0.22294072508811952
2003-08-01,-0.1406032919883728
2003-08-04,0.16754851043224334
2003-08-05,0.00820527970790863
2003-08-06,0.42211470678448676
2003-08-07,0.08673294484615326
2003-08-08,0.10152615159749985
2003-08-11,0.1623309500515461
2003-08-12,0.25440339744091034
2003-08-13,-0.24623833298683168
2003-08-14,0.046939068287611005
2003-08-15,0.07819070965051651
2003-08-18,-0.05393421202898026
2003-08-19,-0.0666270099580288
2003-08-20,0.12970898896455765
2003-08-21,0.1955167382955551
2003-08-22,0.10452018529176713
2003-08-25,0.03517469083890319
2003-08-26,0.25560463666915895
2003-08-27,0.2256072998046875
2003-08-28,-0.010545536503195762
2003-08-29,0.07296602949500083
2003-09-01,0.20872982144355773
2003-09-02,0.06001276969909668
2003-09-03,0.07473436482250691
2003-09-04,0.06644408404827118
2003-09-05,0.03048296831548214
2003-09-08,-0.1338842272758484
2003-09-09,0.06199551224708557
2003-09-10,0.06199551224708557
2003-09-11,-0.078676238656044
2003-09-12,0.2517456114292145
2003-09-15,0.05841469690203667
2003-09-16,0.09090504497289657
2003-09-17,-0.2394243985414505
2003-09-18,-0.2970860660076141
2003-09-19,-0.16836245357990265
2003-09-22,0.035301943123340604
2003-09-23,-0.09587416648864747
2003-09-24,-0.17963014766573906
2003-09-25,0.7791401743888855
2003-09-26,-0.07855488508939742
2003-09-29,0.13241771459579468
2003-09-30,0.0187341402284801
2003-10-01,-0.042567867413163187
2003-10-02,0.27581924200057983
2003-10-03,0.21870850324630736
2003-10-06,-0.6041061460971833
2003-10-07,0.02238990267214831
2003-10-08,0.037926354259252545
2003-10-09,0.6595863938331604
2003-10-10,0.1118381092324853
2003-10-13,0.11721855923533439
2003-10-14,0.08110975325107575
2003-10-15,-0.07730600461363793
2003-10-16,0.430918300151825
2003-10-17,-0.13239555060863495
2003-10-20,-0.3327545533888042
2003-10-21,0.7079964995384216
2003-10-22,0.3012059986591339
2003-10-23,0.32185048162937163
2003-10-24,0.3864478349685669
2003-10-27,-0.21649474203586577
2003-10-28,0.49100576639175414
2003-10-29,0.1695850074291229
2003-10-30,0.4922438621520996
2003-10-31,0.07427580133080483
2003-11-03,-0.28223738372325896
2003-11-04,0.20103301703929902
2003-11-05,0.18847427368164063
2003-11-06,0.022298993170261384
2003-11-07,0.48068137019872664
2003-11-10,-0.01822205148637295
2003-11-11,-0.14479073286056518
2003-11-12,-0.32662356495857237
2003-11-13,-0.15657304227352142
2003-11-14,0.3009501874446869
2003-11-17,0.06393622606992722
2003-11-18,0.31032824218273164
2003-11-19,0.2677773952484131
2003-11-20,0.1787551622837782
2003-11-21,0.29256067126989366
2003-11-24,0.12812161445617676
2003-11-25,0.041833296371623876
2003-11-26,0.09301277510821819
2003-11-27,0.2450524389743805
2003-11-28,0.07463968098163605
2003-12-01,-0.11898088951711543
2003-12-02,0.21176952719688416
2003-12-03,0.14782138615846635
2003-12-04,0.297912073135376
2003-12-05,0.23552033305168152
2003-12-08,0.2740756250917912
2003-12-09,0.3398994982242584
2003-12-10,0.4195915639400482
2003-12-11,-0.026356547325849532
2003-12-12,-0.07454758211970329
2003-12-15,-0.012805903074331581
2003-12-16,-0.167029320448637
2003-12-17,0.18231414258480072
2003-12-18,0.4472466230392456
2003-12-19,0.2604931354522705
2003-12-22,0.42758980095386506
2003-12-23,0.41107953190803526
2003-12-24,-0.08774965107440949
2003-12-25,0.3867532968521118
2003-12-26,-0.9049620628356934
2003-12-29,0.0971203790511936
2003-12-30,-0.11794977635145187
2003-12-31,0.19220871329307557
2004-01-01,-0.46289735436439516
2004-01-02,-0.2198785126209259
2004-01-05,0.15786854922771454
2004-01-06,0.2172331228852272
2004-01-07,-0.3557745933532715
2004-01-08,0.4604560911655426
2004-01-09,0.19357758462429048
2004-01-12,0.015618619322776795
2004-01-13,0.6661660194396972
2004-01-14,0.2618547111749649
2004-01-15,0.24816694855690002
2004-01-16,0.40111111998558047
2004-01-19,0.42835190892219543
2004-01-20,0.40789192318916323
2004-01-21,0.46319156885147095
2004-01-22,0.426482218503952
2004-01-23,0.5020588397979736
2004-01-26,0.2944271802902222
2004-01-27,0.2944271802902222
2004-01-28,0.577099758386612
2004-01-29,0.46367186307907104
2004-01-30,0.43830405473709105
2004-02-02,-0.177199025452137
2004-02-03,0.0564573347568512
2004-02-04,0.34864893555641174
2004-02-05,0.3067707806825638
2004-02-06,0.2388553336262703
2004-02-09,-0.28736304976046084
2004-02-10,0.24366021156311035
2004-02-11,0.19183206856250762
2004-02-12,0.13756086230278014
2004-02-13,0.13161443620920182
2004-02-16,0.10857524275779724
2004-02-17,0.039736647717654706
2004-02-18,0.14760225713253022
2004-02-19,0.30023956298828125
2004-02-20,0.3499943554401398
2004-02-23,0.2132170483469963
2004-02-24,-0.21322907656431198
2004-02-25,0.144895601272583
2004-02-26,0.3678175568580627
2004-02-27,-0.23689354360103607
2004-03-01,-0.042960855970159174
2004-03-02,-0.027495381981134416
2004-03-03,-0.2814792573451996
2004-03-04,0.541791957616806
2004-03-05,0.4199973106384277
2004-03-08,0.12670029997825621
2004-03-09,0.22032598182559013
2004-03-10,0.35053043365478515
2004-03-11,0.4353513062000275
2004-03-12,-0.05914016142487526
2004-03-15,0.25113430619239807
2004-03-16,0.21774815618991852
2004-03-17,0.48089216351509095
2004-03-18,0.466258704662323
2004-03-19,0.3040491700172424
2004-03-22,0.13504623770713806
2004-03-23,-0.30388363152742387
2004-03-24,0.46480706334114075
2004-03-25,0.02833588495850563
2004-03-26,0.4077549397945404
2004-03-29,0.27835842669010163
2004-03-30,0.06942018792033196
2004-03-31,0.05393514633178711
2004-04-01,0.3138443291187286
2004-04-02,0.18033434450626373
2004-04-05,0.021809110045433046
2004-04-06,0.4990935385227203
2004-04-07,0.07060838937759399
2004-04-08,0.6765805840492248
2004-04-09,-0.24080875813961028
2004-04-12,0.2312469571828842
2004-04-13,0.06382394433021546
2004-04-14,-0.16661018133163452
2004-04-15,0.43516480922698975
2004-04-16,0.3010196924209595
2004-04-19,0.3200127318501472
2004-04-20,0.12695106208557264
2004-04-21,0.12103123962879181
2004-04-22,-0.02858298271894455
2004-04-23,0.020589180290699005
2004-04-26,0.19332716166973113
2004-04-27,0.411788746714592
2004-04-28,-0.029575752094388008
2004-04-29,0.42676424980163574
2004-04-30,0.3457020938396454
2004-05-03,0.26930835247039797
2004-05-04,0.05589005202054977
2004-05-05,0.5719576001167297
2004-05-06,0.2080843560397625
2004-05-07,0.31047639846801756
2004-05-10,0.03147803843021393
2004-05-11,-0.1380751222372055
2004-05-12,-0.2366931766271591
2004-05-13,0.31494244933128357
2004-05-14,0.15101934913545847
2004-05-17,0.09315875209867955
2004-05-18,-0.0019059643149375916
2004-05-19,0.4025400161743164
2004-05-20,0.5555541396141053
2004-05-21,0.10589854642748833
2004-05-24,-0.14507461935281754
2004-05-25,0.3684369385242462
2004-05-26,0.42243932485580443
2004-05-27,-0.014756685495376587
2004-05-28,0.18975250720977782
2004-05-31,0.034783515334129336
2004-06-01,0.3725041389465332
2004-06-02,-0.13811038732528685
2004-06-03,-0.2908353328704834
2004-06-04,0.3755487859249115
2004-06-07,-0.05156957656145096
2004-06-08,0.444972836971283
2004-06-09,0.053537221252918245
2004-06-10,0.3697021633386612
2004-06-11,0.28998392820358276
2004-06-14,0.19497941732406615
2004-06-15,0.2767426252365112
2004-06-16,0.057929211482405665
2004-06-17,0.3373659461736679
2004-06-18,-0.01336955800652504
2004-06-21,0.03667342215776444
2004-06-22,0.16442403197288513
2004-06-23,-0.32116777300834654
2004-06-24,-0.20225211679935456
2004-06-25,0.6290531873703002
2004-06-28,0.20056647062301636
2004-06-29,-0.25791268050670624
2004-06-30,-0.1210326872766018
2004-07-01,-0.054145025089383125
2004-07-02,0.44722113013267517
2004-07-05,0.23444467782974243
2004-07-06,-0.1672172114253044
2004-07-07,0.04707109034061432
2004-07-08,0.2205949455499649
2004-07-09,0.3096957981586456
2004-07-12,-0.5705213587731123
2004-07-13,-0.08899929784238339
2004-07-14,0.3525720119476318
2004-07-15,0.033204013109207155
2004-07-16,0.3775484263896942
2004-07-19,0.37305898070335386
2004-07-20,0.3615090012550354
2004-07-21,0.3803830802440643
2004-07-22,0.4951748847961426
2004-07-23,-0.2533759713172913
2004-07-26,-0.0963971272110939
2004-07-27,-0.042241544276475904
2004-07-28,-0.07742376923561096
2004-07-29,0.01575842946767807
2004-07-30,0.22228942513465882
2004-08-02,-0.0013986676931381226
2004-08-03,-0.044869120419025424
2004-08-04,-0.2471715271472931
2004-08-05,0.12747691571712494
2004-08-06,0.16374489665031433
2004-08-09,-0.4079816102981567
2004-08-10,0.12474495470523835
2004-08-11,0.09438087772578001
2004-08-12,-0.1425437867641449
2004-08-13,-0.46392390727996824
2004-08-16,-0.46392390727996824
2004-08-17,0.15131462961435319
2004-08-18,0.1048476219177246
2004-08-19,0.2629460424184799
2004-08-20,0.23562100827693938
2004-08-23,0.07609500735998154
2004-08-24,0.04381078854203224
2004-08-25,0.07505083680152894
2004-08-26,0.27155362963676455
2004-08-27,0.018629512190818785
2004-08-30,-0.05959107875823975
2004-08-31,0.1793426658026874
2004-09-01,0.2678551904857159
2004-09-02,0.3999124735593796
2004-09-03,0.029761119186878203
2004-09-06,-0.0854799583554268
2004-09-07,0.025669247657060624
2004-09-08,-0.4371225744485855
2004-09-09,0.6390223622322082
2004-09-10,0.2620520852506161
2004-09-13,0.3592045158147812
2004-09-14,-0.06652442961931229
2004-09-15,0.3132550805807114
2004-09-16,-0.1675113022327423
2004-09-17,0.12011294309049844
2004-09-20,0.3099564552307129
2004-09-21,0.04177680816501379
2004-09-22,0.279304176568985
2004-09-23,0.31828283667564394
2004-09-24,-0.17664281725883485
2004-09-27,-0.00028155818581581115
2004-09-28,0.33046548068523407
2004-09-29,-0.08147533833980561
2004-09-30,0.34912407398223877
2004-10-01,-0.07543373070657253
2004-10-04,0.31920854151248934
2004-10-05,0.4744937300682068
2004-10-06,0.14704339802265168
2004-10-07,-0.3706136099994183
2004-10-08,0.09792747348546982
2004-10-11,-0.16870321780443193
2004-10-12,0.3931415319442749
2004-10-13,0.029886288195848466
2004-10-14,0.29487973153591157
2004-10-15,-0.3119102239608765
2004-10-18,0.09714972116053104
2004-10-19,0.11195844300091266
2004-10-20,0.6094463706016541
2004-10-21,0.030043155403109267
2004-10-22,-0.2670191764831543
2004-10-25,-0.5176360130310058
2004-10-26,-0.017630647215992213
2004-10-27,0.23067394345998765
2004-10-28,-0.4412015177309513
2004-10-29,0.3244330197572708
2004-11-01,0.5525027632713317
2004-11-02,0.15650894939899446
2004-11-03,0.39433894753456117
2004-11-04,-0.23925646841526033
2004-11-05,-0.6176983073353768
2004-11-08,0.1603667050600052
2004-11-09,-0.17017943412065506
2004-11-10,0.23475973010063172
2004-11-11,0.21890675127506257
2004-11-12,0.382763010263443
2004-11-15,0.25650894045829775
2004-11-16,-0.11458856761455535
2004-11-17,0.5747827291488647
2004-11-18,0.5429640412330627
2004-11-19,0.22995927333831787
2004-11-22,0.23302532732486725
2004-11-23,0.09948444217443467
2004-11-24,0.46246896386146547
2004-11-25,0.3282267332077026
2004-11-26,0.40939255952835085
2004-11-29,0.19365925788879396
2004-11-30,-0.3320101201534271
2004-12-01,0.2795629441738129
2004-12-02,0.09232699275016784
2004-12-03,0.25453131198883056
2004-12-06,-0.09061198346316815
2004-12-07,-0.05293878763914108
2004-12-08,0.05242070220410824
2004-12-09,-0.026030474901199342
2004-12-10,0.1184113398194313
2004-12-13,0.15826242566108703
2004-12-14,0.09026750177145004
2004-12-15,0.27213647961616516
2004-12-16,0.2984048157930374
2004-12-17,0.11746666431427003
2004-12-20,0.10650594383478165
2004-12-21,0.11077168639749288
2004-12-22,0.19725834876298903
2004-12-23,0.24897201955318451
2004-12-24,0.23351409137248993
2004-12-27,0.09907083362340927
2004-12-28,0.01954493448138237
2004-12-29,0.2806294232606888
2004-12-30,-0.5737497627735137
2004-12-31,0.03115101307630539
2005-01-03,-0.8408818483352661
2005-01-04,0.33990164250135424
2005-01-05,-0.1131044164299965
2005-01-06,-0.27048414051532743
2005-01-07,-0.14726851508021355
2005-01-10,0.5762027263641357
2005-01-11,0.3694081366062164
2005-01-12,0.5249345421791076
2005-01-13,0.6536264657974243
2005-01-14,-0.324237060546875
2005-01-17,0.6016905903816223
2005-01-18,0.5745632648468018
2005-01-19,0.028642183169722557
2005-01-20,0.2746945466846228
2005-01-21,0.5609589219093323
2005-01-24,0.11563822440803051
2005-01-25,-0.1020195610821247
2005-01-26,-0.17955655185505748
2005-01-27,-0.843850189447403
2005-01-28,0.016658554039895534
2005-01-31,-0.300985649228096
2005-02-01,-0.34342349916696546
2005-02-02,0.3027182936668396
2005-02-03,0.3270500607788563
2005-02-04,-0.04087670780718326
2005-02-07,0.3067548096179962
2005-02-08,-0.25052366480231286
2005-02-09,0.3286255806684494
2005-02-10,0.15599159598350526
2005-02-11,0.41847673058509827
2005-02-14,-0.08767745196819306
2005-02-15,0.4585024893283844
2005-02-16,0.5678187251091004
2005-02-17,0.4434559941291809
2005-02-18,0.224867781996727
2005-02-21,0.28618640899658204
2005-02-22,0.48622822761535645
2005-02-23,0.3610527038574219
2005-02-24,0.05983025208115578
2005-02-25,-0.08680184483528137
2005-02-28,0.23658991754055023
2005-03-01,0.3836109906435013
2005-03-02,0.19555700123310088
2005-03-03,-0.06225295886397362
2005-03-04,-0.17164686173200608
2005-03-07,0.5568551704287529
2005-03-08,0.19654657542705536
2005-03-09,0.3004410624504089
2005-03-10,0.1490945264697075
2005-03-11,0.24160051047801973
2005-03-14,0.15894974768161774
2005-03-15,0.569026780128479
2005-03-16,0.14640267193317413
2005-03-17,0.3186304301023483
2005-03-18,0.033761797845363616
2005-03-21,0.16444028113037348
2005-03-22,0.10752958953380584
2005-03-23,-0.6114637970924377
2005-03-24,0.7724234342575074
2005-03-25,0.23673535734415055
2005-03-28,0.2375558137893677
2005-03-29,0.03146978616714478
2005-03-30,-0.001241089403629303
2005-03-31,-0.011414453387260437
2005-04-01,0.5003607034683227
2005-04-04,0.19463443886488677
2005-04-05,0.46395763754844666
2005-04-06,-0.027127111703157424
2005-04-07,0.3672964572906494
2005-04-08,0.20801497222855686
2005-04-11,0.33736446499824524
2005-04-12,0.5720761507749558
2005-04-13,0.08138972669839858
2005-04-14,0.19714402556419372
2005-04-15,0.01938043087720871
2005-04-18,0.2000965490937233
2005-04-19,0.03227890133857727
2005-04-20,0.00866084722802043
2005-04-21,0.027224857173860074
2005-04-22,-0.2447098046541214
2005-04-25,0.16964429896324873
2005-04-26,0.03217258900403976
2005-04-27,0.6015005290508271
2005-04-28,0.5117574334144592
2005-04-29,0.14426809251308442
2005-05-02,0.0287507601082325
2005-05-03,-0.14082342777401208
2005-05-04,-0.18791039437055587
2005-05-05,0.3539584636688232
2005-05-06,-0.08392267972230912
2005-05-09,-0.25534902811050414
2005-05-10,0.5998555421829224
2005-05-11,0.26175095438957213
2005-05-12,-0.2784385658800602
2005-05-13,-0.21308558732271193
2005-05-16,0.7065088033676148
2005-05-17,0.39610218405723574
2005-05-18,0.2923749014735222
2005-05-19,0.2658723726868629
2005-05-20,0.5573125362396241
2005-05-23,-0.11038443520665168
2005-05-24,0.028011471033096313
2005-05-25,0.07727991752326488
2005-05-26,0.6341296315193177
2005-05-27,0.08112892340868712
2005-05-30,0.44793284833431246
2005-05-31,0.17430662624537946
2005-06-01,-0.04685857780277729
2005-06-02,0.26822159588336947
2005-06-03,0.24484930336475372
2005-06-06,0.041203193739056586
2005-06-07,0.21712055802345276
2005-06-08,0.05503079295158386
2005-06-09,0.35719388648867606
2005-06-10,0.028432217240333558
2005-06-13,0.4202583312988281
2005-06-14,0.05415385365486145
2005-06-15,0.44842197000980377
2005-06-16,0.2854605719447136
2005-06-17,0.48004497289657594
2005-06-20,0.394217848777771
2005-06-21,0.3433706045150757
2005-06-22,-0.038235535472631456
2005-06-23,0.05560052096843719
2005-06-24,-0.46235341429710386
2005-06-27,0.0712456151843071
2005-06-28,-0.37747989371418955
2005-06-29,-0.25170711912214755
2005-06-30,0.2928913116455078
2005-07-01,0.3318578273057938
2005-07-04,0.3854519844055176
2005-07-05,0.09025534838438035
2005-07-06,0.4657674193382263
2005-07-07,0.23336428850889207
2005-07-08,0.044785812869668006
2005-07-11,0.14075121879577637
2005-07-12,0.37185302972793577
2005-07-13,0.485265189409256
2005-07-14,0.6773868083953858
2005-07-15,0.2537109233438969
2005-07-18,0.023458423279225826
2005-07-19,0.24735519234091044
2005-07-20,-0.02006246130913496
2005-07-21,0.23690948486328126
2005-07-22,0.5065583974123001
2005-07-25,0.07708140704780816
2005-07-26,0.49670417308807374
2005-07-27,0.07129930108785629
2005-07-28,0.09208700507879257
2005-07-29,0.061117999255657196
2005-08-01,0.2434527814388275
2005-08-02,-0.14301465451717377
2005-08-03,0.447526752948761
2005-08-04,-0.5143737912178039
2005-08-05,-0.2503350719809532
2005-08-08,0.2968355715274811
2005-08-09,-0.15539394319057465
2005-08-10,0.0963304504752159
2005-08-11,-0.039919094555079936
2005-08-12,0.09543275833129883
2005-08-15,0.2192871242761612
2005-08-16,0.04462888240814209
2005-08-17,0.2811286151409149
2005-08-18,-0.23612919449806213
2005-08-19,0.29282459020614626
2005-08-22,-0.22217001020908356
2005-08-23,0.10556302368640899
2005-08-24,0.047273607924580574
2005-08-25,0.19971608221530915
2005-08-26,0.204268778860569
2005-08-29,0.12209162563085556
2005-08-30,0.2820192097686231
2005-08-31,0.45422177016735077
2005-09-01,0.42126917839050293
2005-09-02,0.4663891732692719
2005-09-05,0.8600711226463318
2005-09-06,0.40417290925979615
2005-09-07,0.6027544021606446
2005-09-08,0.6134085595607758
2005-09-09,-0.06664690151810646
2005-09-12,-0.015216930769383907
2005-09-13,0.14241847395896912
2005-09-14,-0.06161852963268757
2005-09-15,-0.08176259957253933
2005-09-16,0.4089648425579071
2005-09-19,-0.06762378215789795
2005-09-20,0.5994339346885681
2005-09-21,0.44534865617752073
2005-09-22,0.10568271279335022
2005-09-23,0.2383061982691288
2005-09-26,0.3497801899909973
2005-09-27,0.39547396302223203
2005-09-28,-0.654066801071167
2005-09-29,-0.10863658878952265
2005-09-30,-0.03850928992033005
2005-10-03,0.04584075063467026
2005-10-04,0.3158757597208023
2005-10-05,0.3153065085411072
2005-10-06,-0.45772306732833384
2005-10-07,-0.22233709841966628
2005-10-10,-0.007526910305023194
2005-10-11,0.08911596685647964
2005-10-12,0.5771621227264404
2005-10-13,0.650452446937561
2005-10-14,0.2044493466615677
2005-10-17,0.38889878392219546
2005-10-18,0.20147364921867847
2005-10-19,0.36013264656066896
2005-10-20,0.3371040284633636
2005-10-21,0.18128126487135887
2005-10-24,0.21328388880938293
2005-10-25,0.6729700475931167
2005-10-26,0.3063360437750816
2005-10-27,-0.11839687898755073
2005-10-28,-0.06690285205841065
2005-10-31,0.2153213433921337
2005-11-01,0.42277992367744444
2005-11-02,0.08412777297198773
2005-11-03,0.12103842236101628
2005-11-04,0.09447403401136398
2005-11-07,-0.06772799789905548
2005-11-08,0.1123886115849018
2005-11-09,0.477060067653656
2005-11-10,0.03588850796222687
2005-11-11,0.015100868046283722
2005-11-14,0.23491773307323455
2005-11-15,-0.0007629823870956898
2005-11-16,-0.05811088774353266
2005-11-17,0.32165048718452455
2005-11-18,0.09107189178466797
2005-11-21,0.2788345038890839
2005-11-22,0.13092814683914183
2005-11-23,0.46106915473937987
2005-11-24,0.12476269602775573
2005-11-25,0.38402171730995177
2005-11-28,0.30517709255218506
2005-11-29,0.15521155297756195
2005-11-30,0.39737567901611326
2005-12-01,0.347915056347847
2005-12-02,0.025235605845227837
2005-12-05,0.5238970756530762
2005-12-06,-0.07878710478544235
2005-12-07,0.16948679983615875
2005-12-08,0.50127272605896
2005-12-09,0.37327330112457274
2005-12-12,0.17882068753242492
2005-12-13,0.11997427493333816
2005-12-14,0.04688100814819336
2005-12-15,0.4581921935081482
2005-12-16,0.0998526569455862
2005-12-19,0.3564725160598755
2005-12-20,0.5912499845027923
2005-12-21,0.1470228612422943
2005-12-22,0.4034024477005005
2005-12-23,0.5992539286613464
2005-12-26,0.5415552258491516
2005-12-27,-0.03326327651739121
2005-12-28,0.44509867429733274
2005-12-29,0.004837926477193832
2005-12-30,0.41068169474601746
2006-01-02,0.7617670178413392
2006-01-03,0.6902321815490723
2006-01-04,0.39125540405511855
2006-01-05,0.327254644036293
2006-01-06,0.26667030453681945
2006-01-09,0.1259218141436577
2006-01-10,0.3690639317035675
2006-01-11,0.13523690700531005
2006-01-12,0.32536688446998596
2006-01-13,0.3407010316848755
2006-01-16,-0.4561877131462097
2006-01-17,0.26264638304710386
2006-01-18,0.47949931025505066
2006-01-19,0.4403592348098755
2006-01-20,0.2713738590478897
2006-01-23,0.4022128820419312
2006-01-24,0.08620740668848156
2006-01-25,0.6201277256011963
2006-01-26,-0.09710069671273232
2006-01-27,0.6060314416885376
2006-01-30,-0.6907884910702705
2006-01-31,0.3949921905994415
2006-02-01,0.12006819993257523
2006-02-02,0.14612582214176656
2006-02-03,0.02535827357787639
2006-02-06,0.4057630240917206
2006-02-07,0.3847071617841721
2006-02-08,0.3062948226928711
2006-02-09,0.3030485391616821
2006-02-10,0.4677373647689819
2006-02-13,0.0013272106647491456
2006-02-14,0.27003472447395327
2006-02-15,0.45161482095718386
2006-02-16,0.1658990778028965
2006-02-17,0.1008442372083664
2006-02-20,0.5762870013713837
2006-02-21,0.18036697804927826
2006-02-22,0.44189963936805726
2006-02-23,0.15536925494670867
2006-02-24,0.4911543905735016
2006-02-27,-0.016069377213716506
2006-02-28,0.12049872800707817
2006-03-01,0.12839266285300255
2006-03-02,0.18701744079589844
2006-03-03,-0.10990869319066406
2006-03-06,0.124484683573246
2006-03-07,0.00790707878768444
2006-03-08,-0.08947316333651542
2006-03-09,0.5160531401634216
2006-03-10,0.22262252271175384
2006-03-13,0.4338244557380676
2006-03-14,0.23500918447971345
2006-03-15,-0.0945728674530983
2006-03-16,0.4879478275775909
2006-03-17,0.493792724609375
2006-03-20,0.5919231414794922
2006-03-21,0.4044989198446274
2006-03-22,0.3794126570224762
2006-03-23,0.03173231221735477
2006-03-24,0.14605212733149528
2006-03-27,0.0761511605232954
2006-03-28,0.39172194004058836
2006-03-29,0.25268671810626986
2006-03-30,0.364734360575676
2006-03-31,0.4538649946451187
2006-04-03,0.5666714549064636
2006-04-04,0.2999704509973526
2006-04-05,-0.1219373494386673
2006-04-06,-0.1656777247786522
2006-04-07,0.133073291182518
2006-04-10,0.34253965616226195
2006-04-11,0.20507632717490196
2006-04-12,0.3633406460285187
2006-04-13,0.4614961683750153
2006-04-14,-0.10805384218692779
2006-04-17,0.027425549924373627
2006-04-18,0.4891174852848053
2006-04-19,0.2320588380098343
2006-04-20,0.510206800699234
2006-04-21,0.4568800747394562
2006-04-24,0.3948284983634949
2006-04-25,0.6211333751678467
2006-04-26,0.2909668117761612
2006-04-27,0.326747864484787
2006-04-28,0.45067907571792604
2006-05-01,0.582917332649231
2006-05-02,0.5019000887870788
2006-05-03,0.22355091497302054
2006-05-04,0.32643337845802306
2006-05-05,0.15537414848804473
2006-05-08,0.308063331246376
2006-05-09,0.4716005325317383
2006-05-10,0.42990567088127135
2006-05-11,0.30122642815113065
2006-05-12,0.33253733813762665
2006-05-15,0.2927878201007843
2006-05-16,0.3864812940359116
2006-05-17,0.3738443911075592
2006-05-18,0.21567204743623733
2006-05-19,0.5317009031772614
2006-05-22,0.3613235175609589
2006-05-23,0.28773412108421326
2006-05-24,0.6419060230255127
2006-05-25,0.5752051711082459
2006-05-26,0.6159694075584412
2006-05-29,0.20583195388317108
2006-05-30,0.17781850472092628
2006-05-31,0.33661899268627166
2006-06-01,0.13504133559763432
2006-06-02,0.2534434586763382
2006-06-05,0.5264366269111633
2006-06-06,0.21380912214517594
2006-06-07,0.08673087009228767
2006-06-08,0.4800590932369232
2006-06-09,0.3643339812755585
2006-06-12,0.6236300826072693
2006-06-13,0.5064335823059082
2006-06-14,0.1504804790019989
2006-06-15,0.5323014795780182
2006-06-16,0.08348476290702819
2006-06-19,0.4118035852909088
2006-06-20,0.2335706889629364
2006-06-21,0.1813097219914198
2006-06-22,0.5395195245742798
2006-06-23,0.14582077967352233
2006-06-26,0.21704226285219191
2006-06-27,0.1694084331393242
2006-06-28,-0.054133196175098416
2006-06-29,0.17673820853233338
2006-06-30,0.28990975916385653
2006-07-03,0.3564248263835907
2006-07-04,0.09286825805902481
2006-07-05,0.47684940695762634
2006-07-06,0.3821742594242096
2006-07-07,-0.11129372119903565
2006-07-10,0.47681108117103577
2006-07-11,0.3270537734031677
2006-07-12,0.1622927188873291
2006-07-13,-0.1994425892829895
2006-07-14,0.19030347764492034
2006-07-17,0.4913432218134403
2006-07-18,0.3227604925632477
2006-07-19,0.47367610931396487
2006-07-20,-0.04021684434264898
2006-07-21,0.2707220286130905
2006-07-24,0.35614008009433745
2006-07-25,0.40934845209121706
2006-07-26,0.2365632623434067
2006-07-27,0.651289290189743
2006-07-28,0.03818061947822571
2006-07-31,-0.15212810039520264
2006-08-01,0.3662689119577408
2006-08-02,0.4197891891002655
2006-08-03,0.5812706232070923
2006-08-04,-0.20798535346984864
2006-08-07,-0.12781015336513518
2006-08-08,0.395405775308609
2006-08-09,0.3319202959537506
2006-08-10,-0.17974438779056073
2006-08-11,0.34000909328460693
2006-08-14,0.5574300765991211
2006-08-15,0.15737178772687913
2006-08-16,-0.024591223150491715
2006-08-17,0.19533222019672394
2006-08-18,0.007500392198562622
2006-08-21,0.14651646725833417
2006-08-22,-0.16975928097963333
2006-08-23,0.28836925625801085
2006-08-24,0.06185776796191931
2006-08-25,0.24930085837841034
2006-08-28,0.42878241539001466
2006-08-29,0.3873257637023926
2006-08-30,0.29380491375923157
2006-08-31,0.4125954508781433
2006-09-01,-0.16196271032094955
2006-09-04,0.27083575129508974
2006-09-05,0.533888065814972
2006-09-06,0.1894967585802078
2006-09-07,0.33618803024291993
2006-09-08,0.30941136479377745
2006-09-11,0.36081992983818056
2006-09-12,0.36376765966415403
2006-09-13,0.3399473249912262
2006-09-14,0.01656262669712305
2006-09-15,0.3308705687522888
2006-09-18,0.22120243310928345
2006-09-19,0.4087334781885147
2006-09-20,-0.3256429970264435
2006-09-21,0.1880388878285885
2006-09-22,0.23244185447692872
2006-09-25,0.03757807835936546
2006-09-26,0.5073678255081177
2006-09-27,0.3198104080860503
2006-09-28,0.3326906442642212
2006-09-29,0.3920398116111755
2006-10-02,0.17869077920913695
2006-10-03,0.14692322909832
2006-10-04,0.5765425562858582
2006-10-05,0.394310337305069
2006-10-06,0.20848043337464334
2006-10-09,0.4347538471221924
2006-10-10,0.39554818868637087
2006-10-11,0.23771393597126006
2006-10-12,0.4329585015773773
2006-10-13,0.5263484716415405
2006-10-16,0.691405427455902
2006-10-17,0.6257778286933899
2006-10-18,0.206709024310112
2006-10-19,0.1678929954767227
2006-10-20,0.4013428509235382
2006-10-23,0.2658035159111023
2006-10-24,0.31057588160037997
2006-10-25,0.4088179498910904
2006-10-26,0.49884827733039855
2006-10-27,0.4377581477165222
2006-10-30,0.3909485787153244
2006-10-31,0.3853967398405075
2006-11-01,0.4323038876056671
2006-11-02,0.06493058502674103
2006-11-03,0.022237841784954072
2006-11-06,0.17003321200609206
2006-11-07,0.46114936769008635
2006-11-08,-0.12527022063732146
2006-11-09,0.31587318181991575
2006-11-10,0.30749434530735015
2006-11-13,0.04335085153579712
2006-11-14,-0.13508481681346893
2006-11-15,-0.000691629946231842
2006-11-16,0.3372675985097885
2006-11-17,0.3888875164091587
2006-11-20,0.029439133405685425
2006-11-21,0.3583370834589005
2006-11-22,0.14484223052859307
2006-11-23,0.3969057500362396
2006-11-24,0.2086198538541794
2006-11-27,0.7837409615516663
2006-11-28,0.2738483190536499
2006-11-29,0.403280907869339
2006-11-30,0.07143361568450927
2006-12-01,0.1642630934715271
2006-12-04,0.2931049048900604
2006-12-05,0.5020520925521851
2006-12-06,0.6324504137039184
2006-12-07,0.253597617149353
2006-12-08,0.33080231547355654
2006-12-11,0.2828573614358902
2006-12-12,0.4129934698343277
2006-12-13,0.08734025582671165
2006-12-14,0.19639342725276948
2006-12-15,0.19555328488349916
2006-12-18,0.7075838923454285
2006-12-19,-0.007760841771960259
2006-12-20,0.16337784379720688
2006-12-21,0.37719261050224306
2006-12-22,0.5067633330821991
2006-12-25,-0.18912853598594664
2006-12-26,0.529109537601471
2006-12-27,-0.36801688075065614
2006-12-28,0.01931941881775856
2006-12-29,0.07552607655525208
2007-01-01,0.4615370690822601
2007-01-02,0.02234163284301758
2007-01-03,0.006199502199888229
2007-01-04,-0.16391248777508735
2007-01-05,0.2599323570728302
2007-01-08,0.8007364869117737
2007-01-09,0.1285656526684761
2007-01-10,0.387462317943573
2007-01-11,0.4951784014701843
2007-01-12,0.37868820428848265
2007-01-15,0.6188826143741608
2007-01-16,0.056714928150177
2007-01-17,0.44783580899238584
2007-01-18,-0.049806109676137564
2007-01-19,0.02054309695959091
2007-01-22,-0.6658156633377075
2007-01-23,0.05015283226966858
2007-01-24,0.3308819204568863
2007-01-25,0.7620214223861694
2007-01-26,0.3077869266271591
2007-01-29,0.14556329250335692
2007-01-30,0.36561205685138704
2007-01-31,0.38766000866889955
2007-02-01,0.17391848359256984
2007-02-02,-0.2891965456306934
2007-02-05,0.5454673558473587
2007-02-06,0.2237325757741928
2007-02-07,0.4052937388420105
2007-02-08,0.18082017898559571
2007-02-09,-0.656878924369812
2007-02-12,-0.6268435716629028
2007-02-13,0.24057706594467163
2007-02-14,0.24707042202353477
2007-02-15,0.4837916374206543
2007-02-16,0.23293787352740764
2007-02-19,0.4689717471599579
2007-02-20,0.2447471499443054
2007-02-21,0.18517570048570633
2007-02-22,-0.05814496660605073
2007-02-23,0.08764663636684418
2007-02-26,0.35018292665481565
2007-02-27,0.55580233335495
2007-02-28,0.24762686491012573
2007-03-01,0.0371187724173069
2007-03-02,0.49571645855903623
2007-03-05,0.5009757041931152
2007-03-06,-0.44228174090385436
2007-03-07,0.46737694144248965
2007-03-08,-0.21260515004396438
2007-03-09,-0.2131023660302162
2007-03-12,-0.0997702419757843
2007-03-13,0.618055808544159
2007-03-14,0.11250442415475845
2007-03-15,0.1430976077914238
2007-03-16,0.3637357920408249
2007-03-19,0.4195421040058136
2007-03-20,0.8425920605659485
2007-03-21,0.3000523805618286
2007-03-22,0.1687405899167061
2007-03-23,0.44006706178188326
2007-03-26,0.004892149567604065
2007-03-27,-0.2683581322431564
2007-03-28,0.8135826468467713
2007-03-29,-0.25188135728240013
2007-03-30,0.1267619663849473
2007-04-02,0.0866740107536316
2007-04-03,-0.07099496908485889
2007-04-04,0.09539799392223358
2007-04-05,0.2736757189035416
2007-04-06,0.164555387198925
2007-04-09,0.02428689356893301
2007-04-10,0.4829470694065094
2007-04-11,0.21734456717967987
2007-04-12,0.7851884365081787
2007-04-13,0.1682615175843239
2007-04-16,0.7991757154464721
2007-04-17,0.3741279810667038
2007-04-18,0.4351043999195099
2007-04-19,0.39340939521789553
2007-04-20,-0.04473276101052761
2007-04-23,0.6618939638137817
2007-04-24,0.18017054498195648
2007-04-25,0.48716095089912415
2007-04-26,0.4087991535663605
2007-04-27,0.13024692442268132
2007-04-30,0.24399059116840363
2007-05-01,0.3906831622123718
2007-05-02,0.3689999580383301
2007-05-03,-0.1154891774058342
2007-05-04,0.799062705039978
2007-05-07,0.3337464079260826
2007-05-08,0.1536790817975998
2007-05-09,0.1603412225842476
2007-05-10,0.5562645792961121
2007-05-11,-0.31987041532993316
2007-05-14,-0.6356171309947968
2007-05-15,0.16592976152896882
2007-05-16,0.13133063316345214
2007-05-17,0.48943678438663485
2007-05-18,0.40532715916633605
2007-05-21,0.4564012289047241
2007-05-22,0.223866805434227
2007-05-23,0.29271208345890043
2007-05-24,0.027953837579116226
2007-05-25,0.29894486963748934
2007-05-28,0.1764404743909836
2007-05-29,0.563594251871109
2007-05-30,0.4714457273483276
2007-05-31,-0.039570999890565874
2007-06-01,-0.047982043027877806
2007-06-04,0.15159877836704255
2007-06-05,-0.016920513473451138
2007-06-06,0.40654476284980773
2007-06-07,0.4329684317111969
2007-06-08,-0.03852524533867836
2007-06-11,0.0670332819223404
2007-06-12,0.6374713599681854
2007-06-13,-0.062247428297996524
2007-06-14,0.4303060114383698
2007-06-15,0.6922054648399353
2007-06-18,0.38829708099365234
2007-06-19,0.6168307781219482
2007-06-20,0.14617995023727418
2007-06-21,0.5521832644939423
2007-06-22,0.26565019488334657
2007-06-25,0.35712272822856905
2007-06-26,0.5349244356155396
2007-06-27,0.3225147366523743
2007-06-28,0.2105610877275467
2007-06-29,0.36744636595249175
2007-07-02,-0.005877236276865006
2007-07-03,0.442973381280899
2007-07-04,0.19497164189815522
2007-07-05,0.45889402031898496
2007-07-06,0.5746973037719727
2007-07-09,-0.09892288111150264
2007-07-10,0.13083877749741077
2007-07-11,0.3044287145137787
2007-07-12,0.05810516141355038
2007-07-13,0.35159671902656553
2007-07-16,0.09566069878637791
2007-07-17,0.6356209695339203
2007-07-18,-0.17959870547056198
2007-07-19,-0.03642425993457436
2007-07-20,0.6435798645019531
2007-07-23,0.42270596623420714
2007-07-24,0.3755676507949829
2007-07-25,0.5863380432128906
2007-07-26,0.8924395442008972
2007-07-27,0.5597899794578552
2007-07-30,0.24720454216003418
2007-07-31,0.327684023976326
2007-08-01,0.4192726701498032
2007-08-02,0.05764565914869309
2007-08-03,0.29931492954492567
2007-08-06,0.43676379323005676
2007-08-07,0.24348655641078948
2007-08-08,0.39566374868154525
2007-08-09,-0.07592440196312963
2007-08-10,0.096879689139314
2007-08-13,0.023674255609512328
2007-08-14,0.1253390282392502
2007-08-15,-0.565313532948494
2007-08-16,-0.4617550015449524
2007-08-17,-0.20336289405822755
2007-08-20,0.18254255950450898
2007-08-21,0.2154800623655319
2007-08-22,0.6349908769130707
2007-08-23,0.4955941379070282
2007-08-24,0.16511178016662598
2007-08-27,0.2186911255121231
2007-08-28,0.20131684541702272
2007-08-29,-0.4800648659467697
2007-08-30,0.1340410202741623
2007-08-31,0.41625880300998686
2007-09-03,0.3949593663215637
2007-09-04,0.10850412473082542
2007-09-05,-0.4647686809301376
2007-09-06,0.11649321839213371
2007-09-07,-0.032289138063788414
2007-09-10,0.477429723739624
2007-09-11,0.2573534160852432
2007-09-12,-0.09430423602461815
2007-09-13,0.32386028170585635
2007-09-14,0.39840427935123446
2007-09-17,-0.23449787497520447
2007-09-18,-0.2307363986968994
2007-09-19,0.29814491271972654
2007-09-20,0.40753288865089415
2007-09-21,0.13029493764042854
2007-09-24,0.676688039302826
2007-09-25,0.4635786354541779
2007-09-26,0.0839358925819397
2007-09-27,0.5024742960929871
2007-09-28,0.5160477757453918
2007-10-01,-0.21604386568069459
2007-10-02,0.1817029222846031
2007-10-03,0.6110140085220337
2007-10-04,-0.021223706379532813
2007-10-05,0.12041840627789498
2007-10-08,0.10918729603290558
2007-10-09,0.5581688582897186
2007-10-10,0.008253879845142365
2007-10-11,0.4039063394069672
2007-10-12,0.355560165643692
2007-10-15,0.12760477662086486
2007-10-16,0.5813473284244537
2007-10-17,0.49025524482131005
2007-10-18,0.563759732246399
2007-10-19,0.2420202225446701
2007-10-22,-0.03842683956027031
2007-10-23,0.774119758605957
2007-10-24,0.6052669554948806
2007-10-25,-0.16835287362337112
2007-10-26,0.559339439868927
2007-10-29,0.3356763139367104
2007-10-30,-0.024968308582901954
2007-10-31,0.4377500116825104
2007-11-01,0.5366903126239777
2007-11-02,-0.010699031129479408
2007-11-05,-0.8367667198181152
2007-11-06,0.027983854711055755
2007-11-07,0.1668248027563095
2007-11-08,0.14261125326156615
2007-11-09,-0.13211123645305634
2007-11-12,0.3617083728313446
2007-11-13,0.07603908181190491
2007-11-14,0.16967370854690672
2007-11-15,0.6538524508476258
2007-11-16,0.6317653775215148
2007-11-19,0.38800708651542665
2007-11-20,0.12870320230722426
2007-11-21,0.10123282000422477
2007-11-22,0.23599553406238555
2007-11-23,0.30900741219520567
2007-11-26,0.09097258970141411
2007-11-27,0.584408563375473
2007-11-28,0.2277017280459404
2007-11-29,-0.17640914767980576
2007-11-30,0.6035327136516571
2007-12-03,0.20788997113704683
2007-12-04,-0.00810130536556244
2007-12-05,-0.29042730331420896
2007-12-06,0.5288268566131592
2007-12-07,0.1931940123438835
2007-12-10,0.19789777100086212
2007-12-11,0.5779575705528259
2007-12-12,0.04711395036429167
2007-12-13,-0.08040166292339564
2007-12-14,0.397113972902298
2007-12-17,0.38500405550003053
2007-12-18,-0.051981021836400035
2007-12-19,0.1670065253973007
2007-12-20,0.29153555631637573
2007-12-21,-0.416285528242588
2007-12-24,0.035910415649414065
2007-12-25,0.1203038278967142
2007-12-26,0.03544485569000244
2007-12-27,0.35620110630989077
2007-12-28,0.010511489585042
2007-12-31,-0.03891582787036896
2008-01-01,0.17272815108299255
2008-01-02,0.04434887263923883
2008-01-03,0.14918345510959624
2008-01-04,0.40327629148960115
2008-01-07,-0.043978837132453916
2008-01-08,0.2375539258122444
2008-01-09,0.11430803388357162
2008-01-10,0.7030977606773376
2008-01-11,0.37619432210922243
2008-01-14,0.5225642502307892
2008-01-15,0.3597016215324402
2008-01-16,0.16117192655801774
2008-01-17,0.5460503697395325
2008-01-18,0.3568588554859161
2008-01-21,0.7303853750228881
2008-01-22,0.23725424706935883
2008-01-23,0.6913313508033753
2008-01-24,0.6076266944408417
2008-01-25,0.1428380161523819
2008-01-28,0.6661890506744385
2008-01-29,-0.11127167344093322
2008-01-30,0.48335719108581543
2008-01-31,-0.1711810052394867
2008-02-01,0.3373842477798462
2008-02-04,0.03915066123008728
2008-02-05,0.3448642700910568
2008-02-06,0.3447908341884613
2008-02-07,-0.25915345549583435
2008-02-08,0.4188268154859543
2008-02-11,0.05545779019594192
2008-02-12,-0.08842321410775185
2008-02-13,0.5025950491428375
2008-02-14,0.2089092642068863
2008-02-15,-0.6082026064395905
2008-02-18,0.2857900410890579
2008-02-19,0.3989417254924774
2008-02-20,-0.06508750021457672
2008-02-21,-0.08861824423074723
2008-02-22,0.14072429183870555
2008-02-25,-0.30687068700790404
2008-02-26,-0.2979982256889343
2008-02-27,0.4782408207654953
2008-02-28,0.25484963655471804
2008-02-29,-0.021273250132799147
2008-03-03,0.6350371837615967
2008-03-04,0.14053851515054702
2008-03-05,0.13215476125478745
2008-03-06,0.1652288954705
2008-03-07,0.11750397980213165
2008-03-10,-0.40816713571548463
2008-03-11,0.03636920601129532
2008-03-12,0.1875151053071022
2008-03-13,0.4668289482593536
2008-03-14,0.4939653933048248
2008-03-17,0.04800081104040146
2008-03-18,0.4094599574804306
2008-03-19,0.09133558571338654
2008-03-20,-0.25656072720885276
2008-03-21,0.044628465175628663
2008-03-24,0.867395532131195
2008-03-25,-0.001617455016821623
2008-03-26,0.4080378830432892
2008-03-27,0.07492712475359439
2008-03-28,0.47205848395824435
2008-03-31,0.12580700516700744
2008-04-01,0.013876685872673988
2008-04-02,-0.28277838677167894
2008-04-03,-0.16067650765180588
2008-04-04,-0.1948914870619774
2008-04-07,0.4237300157546997
2008-04-08,0.29693603515625
2008-04-09,-0.33431556224823
2008-04-10,-0.06973507702350616
2008-04-11,-0.13632619883865119
2008-04-14,-0.27865217328071595
2008-04-15,0.17719635367393494
2008-04-16,0.2972293496131897
2008-04-17,0.6523041605949402
2008-04-18,-0.130719918012619
2008-04-21,-0.7099236845970154
2008-04-22,0.12669238299131394
2008-04-23,-0.19154906272888184
2008-04-24,-0.2998588621616364
2008-04-25,-0.061071456596255305
2008-04-28,0.9264273047447205
2008-04-29,-0.11085155606269836
2008-04-30,0.07426242530345917
2008-05-01,0.24612073004245758
2008-05-02,-0.18798581873998046
2008-05-05,0.049951761960983276
2008-05-06,0.2489622175693512
2008-05-07,-0.017205438017845152
2008-05-08,0.14935748875141144
2008-05-09,0.0431372657418251
2008-05-12,0.1335582911968231
2008-05-13,-0.004451003670692444
2008-05-14,0.14749619271606207
2008-05-15,-0.1983901083469391
2008-05-16,0.09161873310804367
2008-05-19,0.08655474036931991
2008-05-20,-0.04778019636869431
2008-05-21,0.0925690695643425
2008-05-22,0.1931731343269348
2008-05-23,0.011701855808496475
2008-05-26,0.6418958604335785
2008-05-27,0.09590794295072555
2008-05-28,0.14741215780377387
2008-05-29,0.18445440307259559
2008-05-30,0.059416957944631574
2008-06-02,0.2505818843841553
2008-06-03,0.33938355147838595
2008-06-04,0.07712983177043498
2008-06-05,-0.28507820665836336
2008-06-06,-0.09188073761761188
2008-06-09,0.21355898529291154
2008-06-10,0.1944262206554413
2008-06-11,-0.04191683232784271
2008-06-12,0.287833508849144
2008-06-13,0.05505556352436543
2008-06-16,-0.20469941794872284
2008-06-17,-0.08164696544408798
2008-06-18,0.15718687772750856
2008-06-19,0.422520112991333
2008-06-20,0.04196455664932728
2008-06-23,0.06730134338140488
2008-06-24,0.009195043705403805
2008-06-25,0.11161544471979142
2008-06-26,0.6037544369697571
2008-06-27,-0.1606808051466942
2008-06-30,-0.03433691561222076
2008-07-01,-0.22525627063587308
2008-07-02,-0.10032560005784034
2008-07-03,-0.07841447079554201
2008-07-04,0.010107386857271194
2008-07-07,0.119808629155159
2008-07-08,0.011774587631225585
2008-07-09,-0.31642250418663026
2008-07-10,0.02832420915365219
2008-07-11,0.0771500140428543
2008-07-14,0.06205424517393112
2008-07-15,-0.13368885666131974
2008-07-16,0.28634943068027496
2008-07-17,0.21652581691741943
2008-07-18,-0.24388071056455374
2008-07-21,-0.015431751869618893
2008-07-22,0.12302634418010712
2008-07-23,0.06634487360715866
2008-07-24,0.108464515209198
2008-07-25,-0.3563178896903992
2008-07-28,0.4227554500102997
2008-07-29,0.22385741788893937
2008-07-30,0.035468307137489316
2008-07-31,0.3692575514316559
2008-08-01,0.2288589134812355
2008-08-04,0.2206712245941162
2008-08-05,-0.13830329179763795
2008-08-06,0.3639667510986328
2008-08-07,0.22158739864826202
2008-08-08,0.3286768674850464
2008-08-11,0.22044858932495118
2008-08-12,0.46025484800338745
2008-08-13,0.07310725450515747
2008-08-14,0.5032280147075653
2008-08-15,0.36154900789260863
2008-08-18,0.24040624797344207
2008-08-19,0.21523907780647278
2008-08-20,0.37237120866775514
2008-08-21,0.5426044821739197
2008-08-22,0.696380877494812
2008-08-25,0.2090942919254303
2008-08-26,0.004250115342438221
2008-08-27,-0.0030462068505585195
2008-08-28,0.13900186121463776
2008-08-29,0.15404999554157256
2008-09-01,0.4928130149841309
2008-09-02,0.48293220400810244
2008-09-03,0.11128926444798708
2008-09-04,-0.2746444970369339
2008-09-05,-0.007129351794719696
2008-09-08,0.6258545875549316
2008-09-09,-0.02467496693134308
2008-09-10,-0.17500463016331197
2008-09-11,0.027088561467826365
2008-09-12,0.13758142665028572
2008-09-15,-0.42569535970687866
2008-09-16,-0.13092061411589384
2008-09-17,0.03565703146159649
2008-09-18,0.12264521569013595
2008-09-19,-0.017520083487033843
2008-09-22,-0.10835220962762833
2008-09-23,0.08265829458832741
2008-09-24,0.04151787487789989
2008-09-25,0.1361718624830246
2008-09-26,-0.06761560766026378
2008-09-29,-0.23720380365848542
2008-09-30,0.04238252891227603
2008-10-01,-0.13808340579271317
2008-10-02,-0.14297946617007257
2008-10-03,-0.019813470728695392
2008-10-06,0.15892359614372253
2008-10-07,0.2413662075996399
2008-10-08,0.23668452203273774
2008-10-09,0.16260791271924974
2008-10-10,-0.23758225440979003
2008-10-13,-0.28999614864587786
2008-10-14,-0.0408428025431931
2008-10-15,0.010331393778324127
2008-10-16,0.06050921007990837
2008-10-17,0.5518461525440216
2008-10-20,-0.34638637900352476
2008-10-21,0.34508012384176256
2008-10-22,-0.03718426562845707
2008-10-23,-0.08220184072852135
2008-10-24,-0.0556913610547781
2008-10-27,0.30689960792660714
2008-10-28,-0.3945059545338154
2008-10-29,0.1104606568813324
2008-10-30,0.08746557906270028
2008-10-31,0.6348867535591125
2008-11-03,0.3636362701654434
2008-11-04,-0.4998580276966095
2008-11-05,-0.3515741050243378
2008-11-06,-0.20598278045654297
2008-11-07,-0.3596579670906067
2008-11-10,0.023941338621079923
2008-11-11,-0.10753009552136064
2008-11-12,-0.1913626253604889
2008-11-13,-0.06608594059944153
2008-11-14,0.25437270998954775
2008-11-17,-0.0328554441453889
2008-11-18,-0.19666900336742402
2008-11-19,0.16169607937335967
2008-11-20,0.1256938908714801
2008-11-21,-0.30314655005931856
2008-11-24,0.5184891283512115
2008-11-25,0.2237759292125702
2008-11-26,0.2037280023097992
2008-11-27,-0.2775490075349808
2008-11-28,-0.05047516822814942
2008-12-01,0.16480884598568082
2008-12-02,-0.24905807971954347
2008-12-03,0.17396992743015288
2008-12-04,-0.014288580417633057
2008-12-05,0.4707120001316071
2008-12-08,-0.08914832770824432
2008-12-09,0.04089502170681954
2008-12-10,0.32803940773010254
2008-12-11,0.0710327947512269
2008-12-12,-0.07978132516145706
2008-12-15,0.019851796329021454
2008-12-16,-0.061018801480531695
2008-12-17,0.09128011362627149
2008-12-18,0.009668587520718575
2008-12-19,0.09884106330573558
2008-12-22,-0.22791811749339103
2008-12-23,-0.1986147165298462
2008-12-24,0.04847891092067584
2008-12-25,-0.011760606616735458
2008-12-26,0.09830839559435844
2008-12-29,-0.08314105868339539
2008-12-30,-0.019104841351509094
2008-12-31,-0.2094564288854599
2009-01-01,-0.025607392191886902
2009-01-02,0.09183870665729046
2009-01-05,-0.10327785015106201
2009-01-06,0.08393294811248779
2009-01-07,0.07874525710940361
2009-01-08,-0.30794722139835357
2009-01-09,-0.05110694319009781
2009-01-12,-0.27484954595565797
2009-01-13,-0.09471181705594063
2009-01-14,-0.06433530580252408
2009-01-15,-0.24500298798084258
2009-01-16,-0.12955227345228196
2009-01-19,0.45497010052204134
2009-01-20,0.23741098046302794
2009-01-21,0.16727076321840287
2009-01-22,-0.05488708168268204
2009-01-23,0.19585548639297484
2009-01-26,-0.15198453962802888
2009-01-27,-0.09097227863967419
2009-01-28,0.3090458184480667
2009-01-29,0.3508703798055649
2009-01-30,0.040567330387420955
2009-02-02,-0.0046717021614313126
2009-02-03,0.4049019694328308
2009-02-04,0.27988412231206894
2009-02-05,-0.05516759902238846
2009-02-06,-0.2654352094978094
2009-02-09,0.11034117192029953
2009-02-10,0.004601381719112396
2009-02-11,0.13787235021591188
2009-02-12,0.45014539659023284
2009-02-13,-0.04943762570619583
2009-02-16,0.22243396788835526
2009-02-17,-0.23118839263916016
2009-02-18,0.0265074260532856
2009-02-19,0.1999024897813797
2009-02-20,-0.07324577569961548
2009-02-23,0.0206588227301836
2009-02-24,0.5953450560569763
2009-02-25,-0.2927795112133026
2009-02-26,-0.13551500737667083
2009-02-27,0.11781671196222306
2009-03-02,-0.4121097356081009
2009-03-03,0.32739941477775575
2009-03-04,-0.006971825286746025
2009-03-05,-0.14614574015140533
2009-03-06,0.11649612821638584
2009-03-09,0.12394474446773529
2009-03-10,0.16238948106765747
2009-03-11,0.3375221073627472
2009-03-12,0.014174887537956237
2009-03-13,0.15003727674484252
2009-03-16,-0.06138738095760345
2009-03-17,-0.15172195583581924
2009-03-18,0.22651455998420716
2009-03-19,-0.007667704671621323
2009-03-20,0.294477254152298
2009-03-23,0.39956456422805786
2009-03-24,0.20317559242248534
2009-03-25,-0.37219046950340273
2009-03-26,0.3932584643363953
2009-03-27,-0.018040588498115538
2009-03-30,0.23607468605041504
2009-03-31,0.01863371431827545
2009-04-01,-0.3451122283935547
2009-04-02,-0.15240006148815155
2009-04-03,-0.07566201314330101
2009-04-06,0.12772249281406403
2009-04-07,0.07250857055187225
2009-04-08,0.3471656322479248
2009-04-09,-0.3519373655319214
2009-04-10,0.30485791265964507
2009-04-13,0.36232134997844695
2009-04-14,-0.017573383962735535
2009-04-15,0.6023683160543442
2009-04-16,0.40376299023628237
2009-04-17,-0.3723966419696808
2009-04-20,-0.4902232110500336
2009-04-21,0.05639808773994446
2009-04-22,0.25596690773963926
2009-04-23,0.09515256136655807
2009-04-24,0.19465845823287964
2009-04-27,0.19964919686317445
2009-04-28,0.010689739417284728
2009-04-29,0.24995069056749344
2009-04-30,-0.1726568877696991
2009-05-01,0.29687186181545255
2009-05-04,0.5517596244812012
2009-05-05,0.0275444102473557
2009-05-06,0.27018887400627134
2009-05-07,0.045980268716812135
2009-05-08,0.12326378673315048
2009-05-11,0.2826248437166214
2009-05-12,0.1359448716044426
2009-05-13,-0.03587278500199318
2009-05-14,0.28260658830404284
2009-05-15,-0.10707324370741844
2009-05-18,-0.2374924749135971
2009-05-19,0.5130251973867417
2009-05-20,0.29486651420593263
2009-05-21,0.22359353601932525
2009-05-22,0.29554555043578146
2009-05-25,0.3449700206518173
2009-05-26,0.4579430103302002
2009-05-27,0.11257330775260925
2009-05-28,0.2662182867527008
2009-05-29,0.18503398150205613
2009-06-01,0.373566073179245
2009-06-02,0.4662348866462708
2009-06-03,0.17919694483280182
2009-06-04,0.2608451142907143
2009-06-05,-0.18040223848074674
2009-06-08,0.23259011209011077
2009-06-09,0.47899550199508667
2009-06-10,0.39624027609825135
2009-06-11,-0.007457156293094158
2009-06-12,-0.1461462639272213
2009-06-15,0.24934356957674025
2009-06-16,0.3338132157921791
2009-06-17,0.34666672348976135
2009-06-18,0.07272829264402389
2009-06-19,0.04783463105559349
2009-06-22,0.5238027304410935
2009-06-23,0.037080366909503934
2009-06-24,0.3402785986661911
2009-06-25,0.22162580005824567
2009-06-26,0.4031761586666107
2009-06-29,-0.10144302695989608
2009-06-30,-0.18383285021409393
2009-07-01,0.4374774694442749
2009-07-02,0.2470693528652191
2009-07-03,0.13490111753344536
2009-07-06,0.3597985029220581
2009-07-07,0.3170487701892853
2009-07-08,0.07280354276299476
2009-07-09,0.10664556734263897
2009-07-10,0.06687567234039307
2009-07-13,0.04733285345137119
2009-07-14,0.4071547329425812
2009-07-15,0.49463191628456116
2009-07-16,0.39638373255729675
2009-07-17,0.07851849496364594
2009-07-20,0.5391811192035675
2009-07-21,-0.05127081573009491
2009-07-22,0.23190670907497407
2009-07-23,0.3749412477016449
2009-07-24,0.34782682061195375
2009-07-27,0.4245234489440918
2009-07-28,0.4430054724216461
2009-07-29,0.4288531064987183
2009-07-30,0.0010488337837159633
2009-07-31,0.313806414604187
2009-08-03,0.5287509679794311
2009-08-04,0.07584723830223083
2009-08-05,0.03697772771120071
2009-08-06,-0.020174255780875682
2009-08-07,-0.2530608281493187
2009-08-10,0.3057551681995392
2009-08-11,0.11316989213228226
2009-08-12,-0.026604436431080104
2009-08-13,0.2642880201339722
2009-08-14,0.059133732318878175
2009-08-17,-0.07377133667469024
2009-08-18,0.10927419513463973
2009-08-19,0.2135740727186203
2009-08-20,0.41304553151130674
2009-08-21,-0.1178281158208847
2009-08-24,0.20355348587036132
2009-08-25,0.31503531336784363
2009-08-26,0.2531778305768967
2009-08-27,0.26488996744155885
2009-08-28,0.09060813337564469
2009-08-31,0.3861622095108032
2009-09-01,0.1377989709377289
2009-09-02,0.14570913910865785
2009-09-03,0.3313438594341278
2009-09-04,0.2439281761646271
2009-09-07,0.16009431183338166
2009-09-08,0.1805647313594818
2009-09-09,0.09309960305690765
2009-09-10,0.00509956079768017
2009-09-11,-0.09200854226946831
2009-09-14,0.2789910614490509
2009-09-15,0.5493307769298553
2009-09-16,0.17020668238401412
2009-09-17,0.3447355806827545
2009-09-18,-0.0153859943151474
2009-09-21,0.09842022955417633
2009-09-22,0.21665703505277634
2009-09-23,0.14453229308128357
2009-09-24,-0.03137157410383225
2009-09-25,0.1557758167386055
2009-09-28,-0.0407190702855587
2009-09-29,-0.18484595492482186
2009-09-30,0.19734123349189758
2009-10-01,0.050703538954257964
2009-10-02,0.13659169673919677
2009-10-05,0.4378546714782715
2009-10-06,-0.05659422799944878
2009-10-07,0.07706017009913921
2009-10-08,0.31114995777606963
2009-10-09,0.20916908085346222
2009-10-12,0.03903714595362544
2009-10-13,0.4256002128124237
2009-10-14,-0.035649970173835754
2009-10-15,0.06861362457275391
2009-10-16,-0.04291878417134285
2009-10-19,0.4052819013595581
2009-10-20,0.4388669490814209
2009-10-21,-0.618742260336876
2009-10-22,-0.05227375701069832
2009-10-23,0.22218147655948997
2009-10-26,0.1797705963253975
2009-10-27,0.22510701566934585
2009-10-28,0.31420537233352663
2009-10-29,0.33400658071041106
2009-10-30,0.3803015470504761
2009-11-02,0.4620097875595093
2009-11-03,0.07712768483906984
2009-11-04,0.5985660970211029
2009-11-05,0.19770081639289855
2009-11-06,0.221815624833107
2009-11-09,-0.00265902504324913
2009-11-10,0.20215898454189302
2009-11-11,0.2130373328924179
2009-11-12,-0.013923157379031182
2009-11-13,-0.011163703352212905
2009-11-16,0.21667562425136566
2009-11-17,0.3268211841583252
2009-11-18,0.14147671610116958
2009-11-19,0.5982667088508606
2009-11-20,0.44267778396606444
2009-11-23,-0.023404793010558932
2009-11-24,0.4169018268585205
2009-11-25,0.2915695607662201
2009-11-26,0.3100511282682419
2009-11-27,-0.06174801103770733
2009-11-30,0.022497868951177225
2009-12-01,0.19194022119045256
2009-12-02,0.2116565689444542
2009-12-03,0.43172106742858884
2009-12-04,0.1914818227291107
2009-12-07,-0.2013617843389511
2009-12-08,0.28046865463256837
2009-12-09,-0.10476490296423435
2009-12-10,0.18986716568470002
2009-12-11,0.33225672841072085
2009-12-14,0.2715869188308716
2009-12-15,0.06061913035809994
2009-12-16,0.12293997555971145
2009-12-17,0.27591416239738464
2009-12-18,0.013636326789855957
2009-12-21,0.4129937708377838
2009-12-22,0.2948514252901077
2009-12-23,0.4892683267593384
2009-12-24,0.24240040481090547
2009-12-25,0.2970391809940338
2009-12-28,0.18059355318546294
2009-12-29,0.12394378669559955
2009-12-30,0.16031376458704472
2009-12-31,0.5265683174133301
2010-01-01,0.13801829367876053
2010-01-04,0.3430977135896683
2010-01-05,-0.23310341835021972
2010-01-06,0.32252504825592043
2010-01-07,0.20890180468559266
2010-01-08,0.12352410997264088
2010-01-11,0.13943346887826918
2010-01-12,0.29514516443014144
2010-01-13,0.06782919690012931
2010-01-14,0.38147249817848206
2010-01-15,0.6013364136219025
2010-01-18,0.43336626291275027
2010-01-19,0.29830485582351685
2010-01-20,-0.16618091762065887
2010-01-21,0.44423545598983766
2010-01-22,0.18556018471717833
2010-01-25,-0.6726658999919891
2010-01-26,0.7393319964408874
2010-01-27,0.35072973668575286
2010-01-28,0.14193315617740154
2010-01-29,-0.0813179511576891
2010-02-01,0.14074812456965446
2010-02-02,0.08646230660378933
2010-02-03,0.10752621069550514
2010-02-04,0.24105115830898285
2010-02-05,0.053828864358365536
2010-02-08,0.145309516787529
2010-02-09,0.35214527547359464
2010-02-10,0.30613985657691956
2010-02-11,0.2402068167924881
2010-02-12,-0.14757046699523926
2010-02-15,0.046537138521671295
2010-02-16,-0.13068363517522813
2010-02-17,0.06541815847158432
2010-02-18,0.24736155569553375
2010-02-19,0.2124461352825165
2010-02-22,0.42015076875686647
2010-02-23,-0.09932249821722508
2010-02-24,-0.10615440011024475
2010-02-25,0.2770498514175415
2010-02-26,0.0693612601608038
2010-03-01,-0.061850405484437945
2010-03-02,0.0848596558906138
2010-03-03,-0.004623259976506233
2010-03-04,0.1193156123161316
2010-03-05,0.32460408806800845
2010-03-08,-0.2236020475625992
2010-03-09,0.11743740141391754
2010-03-10,0.03207311276346445
2010-03-11,0.27464196383953093
2010-03-12,0.15114858895540237
2010-03-15,0.2903942555189133
2010-03-16,0.06291225850582123
2010-03-17,0.5982306599617004
2010-03-18,0.14797779321670532
2010-03-19,0.22694818675518036
2010-03-22,0.2716097056865692
2010-03-23,-0.04260714501142502
2010-03-24,0.06420547142624855
2010-03-25,0.45175949931144715
2010-03-26,0.012176921218633651
2010-03-29,0.5319608509540558
2010-03-30,0.23552535474300385
2010-03-31,0.3997025728225708
2010-04-01,0.2200643837451935
2010-04-02,0.11511645168066025
2010-04-05,-0.08737083710730076
2010-04-06,0.23941246271133423
2010-04-07,-0.0790541023015976
2010-04-08,0.4625166356563568
2010-04-09,0.2944383442401886
2010-04-12,0.4213398933410645
2010-04-13,-0.1758364662528038
2010-04-14,-0.042717161029577254
2010-04-15,0.03778684511780739
2010-04-16,0.27895031347870825
2010-04-19,-0.09828574359416961
2010-04-20,0.11363838706165552
2010-04-21,0.36352782845497134
2010-04-22,0.2988454818725586
2010-04-23,0.39725878834724426
2010-04-26,0.6169842064380646
2010-04-27,0.6197571277618408
2010-04-28,0.08419274091720581
2010-04-29,0.21089419722557068
2010-04-30,0.62518031001091
2010-05-03,0.14377798438072203
2010-05-04,0.18736016601324082
2010-05-05,0.20075415968894958
2010-05-06,0.04523141793906689
2010-05-07,0.12226935215294361
2010-05-10,0.37724681198596954
2010-05-11,-0.16006186306476594
2010-05-12,0.15972137153148652
2010-05-13,0.2545440673828125
2010-05-14,-0.1714174196124077
2010-05-17,0.15313121676445007
2010-05-18,0.0077533874660730365
2010-05-19,0.5005875706672669
2010-05-20,-0.01390167580684647
2010-05-21,-0.1920213881880045
2010-05-24,-0.010369193553924561
2010-05-25,0.24237541556358339
2010-05-26,0.4288270056247711
2010-05-27,0.36425421237945554
2010-05-28,0.2455884873867035
2010-05-31,-0.1602590630413033
2010-06-01,0.10485104843974113
2010-06-02,-0.05726448148488998
2010-06-03,-0.2898047283291817
2010-06-04,-0.018322314694523813
2010-06-07,0.21533375531435012
2010-06-08,0.14760637879371644
2010-06-09,0.11667712144553662
2010-06-10,0.49917217493057253
2010-06-11,0.31348204612731934
2010-06-14,0.19701073467731475
2010-06-15,-0.018273517023772
2010-06-16,0.16783997416496277
2010-06-17,0.45678985118865967
2010-06-18,-0.041902418434619906
2010-06-21,-0.024211056437343358
2010-06-22,0.03593748211860657
2010-06-23,0.35256237983703614
2010-06-24,0.19049414992332458
2010-06-25,0.5065723538398743
2010-06-28,-0.22339036762714387
2010-06-29,0.20630812793970107
2010-06-30,-0.050033398997038604
2010-07-01,0.3073309242725372
2010-07-02,0.12716061398386955
2010-07-05,0.2737153947353363
2010-07-06,0.06612671818584204
2010-07-07,0.23942239582538605
2010-07-08,0.33661915063858033
2010-07-09,0.2938005954027176
2010-07-12,-0.34223698675632475
2010-07-13,0.3325315356254578
2010-07-14,-0.038863413780927655
2010-07-15,0.38183251619338987
2010-07-16,0.24643529653549195
2010-07-19,-0.021991489548236133
2010-07-20,0.16514491736888887
2010-07-21,0.2244849294424057
2010-07-22,0.4474501132965088
2010-07-23,0.7619781017303466
2010-07-26,0.4187895357608795
2010-07-27,0.6481329679489136
2010-07-28,0.27047558426856994
2010-07-29,0.7785924792289733
2010-07-30,0.30343239903450014
2010-08-02,0.15295110791921615
2010-08-03,0.12171092852950097
2010-08-04,0.3368929624557495
2010-08-05,0.04492178335785866
2010-08-06,0.2628093272447586
2010-08-09,0.07017155587673188
2010-08-10,0.05282109510153532
2010-08-11,0.2776337116956711
2010-08-12,0.3919616639614105
2010-08-13,0.24201786816120147
2010-08-16,0.32890771627426146
2010-08-17,0.2647320330142975
2010-08-18,0.16081442832946777
2010-08-19,0.30995307862758636
2010-08-20,-0.0664756069658324
2010-08-23,0.564982682466507
2010-08-24,0.2534551203250885
2010-08-25,0.2244950458407402
2010-08-26,0.034466907382011414
2010-08-27,0.01878686174750328
2010-08-30,0.11615450829267501
2010-08-31,0.06081640087068081
2010-09-01,0.2862025320529938
2010-09-02,0.13522085398435593
2010-09-03,-0.14374881386756896
2010-09-06,0.0709514707326889
2010-09-07,0.008268247544765472
2010-09-08,0.2526480138301849
2010-09-09,0.33958622217178347
2010-09-10,0.09692034721374512
2010-09-13,0.3237773239612579
2010-09-14,0.09688435643911361
2010-09-15,-0.27177380621433256
2010-09-16,0.643187814950943
2010-09-17,0.10758611410856248
2010-09-20,0.35627609491348267
2010-09-21,0.24550365209579467
2010-09-22,0.08510707765817642
2010-09-23,0.23731677401810886
2010-09-24,0.0043706301599740986
2010-09-27,0.02282446511089802
2010-09-28,0.16215674430131913
2010-09-29,0.4938153624534607
2010-09-30,0.28678442239761354
2010-10-01,0.42309696674346925
2010-10-04,0.33367764204740524
2010-10-05,0.08289462253451348
2010-10-06,0.22890495657920837
2010-10-07,0.2859165608882904
2010-10-08,0.08471180945634842
2010-10-11,0.5570339918136596
2010-10-12,0.04970521479845047
2010-10-13,0.41063005924224855
2010-10-14,0.009901104681193828
2010-10-15,0.29229134023189546
2010-10-18,0.5093752861022949
2010-10-19,0.0960461862385273
2010-10-20,0.12599092423915864
2010-10-21,0.23376344591379167
2010-10-22,0.3434191346168518
2010-10-25,0.10135081894695759
2010-10-26,0.2884346842765808
2010-10-27,-0.1114978976547718
2010-10-28,0.0381511352956295
2010-10-29,0.11287591606378555
2010-11-01,0.4920263171195984
2010-11-02,0.21911367774009705
2010-11-03,0.6983651578426361
2010-11-04,0.3031923770904541
2010-11-05,-0.16063914597034454
2010-11-08,-0.021590694040060043
2010-11-09,0.01060018539428711
2010-11-10,0.3759787678718567
2010-11-11,0.48426173329353334
2010-11-12,0.1489777147769928
2010-11-15,-0.15709077510982752
2010-11-16,0.14672222584486008
2010-11-17,-0.5030120193958283
2010-11-18,0.31068237125873566
2010-11-19,-0.2802425265312195
2010-11-22,0.002563267946243286
2010-11-23,-0.13480400145053864
2010-11-24,-0.020651719719171523
2010-11-25,-0.037555203214287756
2010-11-26,0.0323038462549448
2010-11-29,-0.21807981431484222
2010-11-30,0.18597953394055367
2010-12-01,-0.07987990528345108
2010-12-02,0.005034556239843368
2010-12-03,0.21391518414020538
2010-12-06,0.1935454435646534
2010-12-07,0.34830515682697294
2010-12-08,0.0905585840344429
2010-12-09,0.20116572380065917
2010-12-10,0.3063207447528839
2010-12-13,0.11072130650281906
2010-12-14,0.48881744146347045
2010-12-15,0.18614130467176437
2010-12-16,0.021491580829024314
2010-12-17,0.14996247813105584
2010-12-20,0.2056536853313446
2010-12-21,-0.35657477378845215
2010-12-22,0.1519770085811615
2010-12-23,0.2537965357303619
2010-12-24,-0.24011776745319366
2010-12-27,0.78671315908432
2010-12-28,0.2793153390288353
2010-12-29,0.1603502243757248
2010-12-30,0.40933278799057005
2010-12-31,-0.04224522411823273
2011-01-03,-0.2004050001502037
2011-01-04,0.17924768775701522
2011-01-05,-0.003669118881225586
2011-01-06,0.03800047636032104
2011-01-07,-0.0238874614238739
2011-01-10,0.2372710645198822
2011-01-11,0.3648751497268677
2011-01-12,-0.0612026859074831
2011-01-13,0.21944173872470857
2011-01-14,0.0602612885646522
2011-01-17,0.9303184747695923
2011-01-18,-0.11379020884633065
2011-01-19,0.22301526367664337
2011-01-20,-0.034429447096772495
2011-01-21,0.19255890250205993
2011-01-24,0.2675089806318283
2011-01-25,0.3053675204515457
2011-01-26,-0.31621649861335754
2011-01-27,0.3178552806377411
2011-01-28,0.22395482659339905
2011-01-31,0.4239037424325943
2011-02-01,0.31147651076316835
2011-02-02,0.16992830783128737
2011-02-03,0.208191978931427
2011-02-04,0.12062080949544907
2011-02-07,-0.024934178590774535
2011-02-08,0.14722020477056502
2011-02-09,0.41691762804985044
2011-02-10,0.267032715678215
2011-02-11,0.1944226488471031
2011-02-14,-0.07460131868720055
2011-02-15,0.2694138646125793
2011-02-16,0.015286102890968323
2011-02-17,0.4018104553222656
2011-02-18,0.32517828345298766
2011-02-21,0.3202173948287964
2011-02-22,-0.06068388968706131
2011-02-23,0.47744142413139345
2011-02-24,0.32956790626049043
2011-02-25,0.5204786241054535
2011-02-28,0.20481464862823487
2011-03-01,0.2604122132062912
2011-03-02,0.38177565932273866
2011-03-03,0.31173163652420044
2011-03-04,0.4926239728927612
2011-03-07,0.8082290053367615
2011-03-08,0.1036615215241909
2011-03-09,-0.025249463319778443
2011-03-10,0.28071054220199587
2011-03-11,0.10175490379333496
2011-03-14,-0.22208413779735564
2011-03-15,0.3135921388864517
2011-03-16,0.047419141978025436
2011-03-17,0.19428600668907164
2011-03-18,0.5851372957229615
2011-03-21,0.19855303466320037
2011-03-22,0.2062043070793152
2011-03-23,0.06245362237095833
2011-03-24,0.17705269157886505
2011-03-25,-0.23755103051662446
2011-03-28,0.33925983905792234
2011-03-29,0.07259898260235786
2011-03-30,-0.38815158903598784
2011-03-31,-0.18594175726175308
2011-04-01,0.08284875527024269
2011-04-04,-0.1358579345047474
2011-04-05,-0.17758612036705018
2011-04-06,-0.07125377599149943
2011-04-07,0.43596355319023133
2011-04-08,0.36359791159629823
2011-04-11,0.2261264443397522
2011-04-12,-0.17934790812432766
2011-04-13,0.12732905223965646
2011-04-14,0.15090299844741822
2011-04-15,-0.007105884701013565
2011-04-18,0.18470276594161988
2011-04-19,-0.2670637319795787
2011-04-20,0.4581467151641846
2011-04-21,0.1956765443086624
2011-04-22,0.11749242842197419
2011-04-25,0.33911179900169375
2011-04-26,0.46097450852394106
2011-04-27,0.2253972738981247
2011-04-28,0.2452085316181183
2011-04-29,0.2747173607349396
2011-05-02,0.2454943984746933
2011-05-03,0.3865594923496246
2011-05-04,0.18807305097579957
2011-05-05,0.3495722234249115
2011-05-06,0.1371350735425949
2011-05-09,0.37323327660560607
2011-05-10,0.16991423517465593
2011-05-11,0.2624920755624771
2011-05-12,0.3088348925113678
2011-05-13,0.2903734028339386
2011-05-16,0.2684886395931244
2011-05-17,-0.00969110820442438
2011-05-18,0.2597850292921066
2011-05-19,0.21740476042032242
2011-05-20,0.17557212188839913
2011-05-23,0.03115047812461853
2011-05-24,0.08550859987735748
2011-05-25,0.15418550074100495
2011-05-26,0.2756636917591095
2011-05-27,0.049283313751220706
2011-05-30,0.40541801452636717
2011-05-31,-0.037620195746421815
2011-06-01,0.21057846993207932
2011-06-02,0.0974404752254486
2011-06-03,0.3152860164642334
2011-06-06,0.1275520622730255
2011-06-07,-0.08742445483803749
2011-06-08,0.05120998397469521
2011-06-09,0.01547754816710949
2011-06-10,0.16059522032737733
2011-06-13,0.2266032874584198
2011-06-14,0.1885902278125286
2011-06-15,-0.07774878442287445
2011-06-16,0.08056486845016479
2011-06-17,0.11129482351243496
2011-06-20,0.2836397230625153
2011-06-21,0.03703716173768044
2011-06-22,0.17072086185216903
2011-06-23,0.27132821679115293
2011-06-24,0.02629341185092926
2011-06-27,0.21754868030548097
2011-06-28,0.09307630360126495
2011-06-29,-0.2760846883058548
2011-06-30,0.17348391115665435
2011-07-01,-0.0193182073533535
2011-07-04,0.10474518835544586
2011-07-05,0.3068967044353485
2011-07-06,0.4754336655139923
2011-07-07,0.25370020866394044
2011-07-08,0.05640629455447197
2011-07-11,0.6700453639030457
2011-07-12,0.29472004771232607
2011-07-13,-0.0567061573266983
2011-07-14,0.5072027742862701
2011-07-15,0.3430093050003052
2011-07-18,-0.1533985674381256
2011-07-19,-0.021217797696590424
2011-07-20,0.052373355627059935
2011-07-21,0.23412761986255645
2011-07-22,0.28465415835380553
2011-07-25,0.4538239359855652
2011-07-26,0.23837531618773938
2011-07-27,0.2210204154253006
2011-07-28,-0.25356335490942
2011-07-29,0.06213018782436848
2011-08-01,0.07914855778217315
2011-08-02,-0.25492356419563295
2011-08-03,0.17398789376020432
2011-08-04,0.14681802690029144
2011-08-05,0.1318834587931633
2011-08-08,-0.1442077323794365
2011-08-09,-0.14742256253957747
2011-08-10,-0.0027331244200468063
2011-08-11,0.0922532133758068
2011-08-12,0.05379589460790157
2011-08-15,-0.2709584474563599
2011-08-16,0.5164707422256469
2011-08-17,0.00038936547935009
2011-08-18,0.03510164692997932
2011-08-19,-0.28227717727422713
2011-08-22,0.2421179383993149
2011-08-23,-0.017648210003972053
2011-08-24,-0.15910036005079747
2011-08-25,0.020606209337711335
2011-08-26,0.11428954899311065
2011-08-29,-0.16400006711483
2011-08-30,-0.07493946924805642
2011-08-31,0.10220896787941455
2011-09-01,-0.12424650490283966
2011-09-02,0.4227050244808197
2011-09-05,0.12944075763225554
2011-09-06,0.12781079672276974
2011-09-07,-0.227057147026062
2011-09-08,0.08651592265814542
2011-09-09,-0.42133408784866333
2011-09-12,-0.1665266167372465
2011-09-13,-0.12986013740301133
2011-09-14,-0.05063866847194731
2011-09-15,0.22203435003757477
2011-09-16,0.02278340682387352
2011-09-19,0.18948426321148873
2011-09-20,-0.0408862441778183
2011-09-21,-0.07349169850349427
2011-09-22,0.16116970032453537
2011-09-23,0.27090648412704466
2011-09-26,0.035989342629909514
2011-09-27,-0.16491166204214097
2011-09-28,0.027655819058418275
2011-09-29,-0.0646624132990837
2011-09-30,0.16466180086135865
2011-10-03,-0.1372464433312416
2011-10-04,-0.08052506968379021
2011-10-05,-0.24471816122531892
2011-10-06,0.15516015514731407
2011-10-07,-0.17909304797649384
2011-10-10,-0.12293284833431244
2011-10-11,0.03164906818419695
2011-10-12,-0.3857885241508484
2011-10-13,0.08798276102170348
2011-10-14,0.1977859765291214
2011-10-17,0.14158946573734282
2011-10-18,0.3752531290054321
2011-10-19,0.016153582930564882
2011-10-20,0.028054156806319952
2011-10-21,0.19348371028900146
2011-10-24,0.09410327896475792
2011-10-25,-0.2809673249721527
2011-10-26,0.0659646026790142
2011-10-27,0.019852738082408904
2011-10-28,0.2539014995098114
2011-10-31,0.16888774670660495
2011-11-01,-0.16517868041992187
2011-11-02,0.12696843594312668
2011-11-03,0.24381656050682068
2011-11-04,0.40094674825668336
2011-11-07,0.10707554444670678
2011-11-08,-0.12297402247786522
2011-11-09,0.05098611973226071
2011-11-10,0.2406372219324112
2011-11-11,0.17309610098600386
2011-11-14,0.18770708292722701
2011-11-15,-0.010941341519355774
2011-11-16,0.00449244175106287
2011-11-17,0.08014770224690437
2011-11-18,-0.13449924141168595
2011-11-21,-0.5171249747276306
2011-11-22,0.2596226617693901
2011-11-23,0.0058164320886135105
2011-11-24,0.002342020720243454
2011-11-25,-0.12292131334543228
2011-11-28,-0.018341554701328276
2011-11-29,0.04805867224931717
2011-11-30,-0.140991572663188
2011-12-01,-0.04742770567536354
2011-12-02,-0.00554839993128553
2011-12-05,0.2743843376636505
2011-12-06,-0.28905620574951174
2011-12-07,0.05699501037597656
2011-12-08,0.1723260372877121
2011-12-09,0.020331510901451112
2011-12-12,0.4180635869503021
2011-12-13,0.04606647023756523
2011-12-14,-0.0832796448841691
2011-12-15,0.07634456902742386
2011-12-16,0.039328600838780405
2011-12-19,0.11957542225718498
2011-12-20,0.1134815238416195
2011-12-21,0.09225301295518876
2011-12-22,-0.045033234544098376
2011-12-23,-0.05160016659647226
2011-12-26,0.05602591261267662
2011-12-27,-0.1340767189860344
2011-12-28,0.1383206069469452
2011-12-29,0.2023393601179123
2011-12-30,0.2899931252002716
2012-01-02,0.7229597330093384
2012-01-03,0.005684751644730568
2012-01-04,0.1276494069490582
2012-01-05,-0.10634047798812389
2012-01-06,-0.01437823474407196
2012-01-09,-0.2729400545358658
2012-01-10,-0.04101881086826324
2012-01-11,0.1129230298101902
2012-01-12,0.14917550943791866
2012-01-13,0.16456250250339508
2012-01-16,0.24052782952785492
2012-01-17,0.1215259537100792
2012-01-18,0.22068507373332977
2012-01-19,-0.036663901433348654
2012-01-20,0.2662363052368164
2012-01-23,-0.13506221473217012
2012-01-24,-0.10418717563152313
2012-01-25,0.2342451125383377
2012-01-26,-0.1528569232672453
2012-01-27,0.3149077892303467
2012-01-30,-0.002516231592744589
2012-01-31,0.17746910452842712
2012-02-01,0.21881158873438836
2012-02-02,0.1341324315406382
2012-02-03,0.06208039540797472
2012-02-06,0.25467381775379183
2012-02-07,-0.3953575253486633
2012-02-08,-0.10950930118560791
2012-02-09,0.050454845651984215
2012-02-10,-0.29420440793037417
2012-02-13,-0.18007297515869142
2012-02-14,0.20262558609247208
2012-02-15,0.04323607496917248
2012-02-16,-0.32462280094623563
2012-02-17,-0.3681147426366806
2012-02-20,0.7547259330749512
2012-02-21,0.22379158139228822
2012-02-22,0.11444204486906528
2012-02-23,-0.1490584183484316
2012-02-24,-0.27225145101547243
2012-02-27,0.46135902404785156
2012-02-28,-0.028857991844415665
2012-02-29,0.1495217651128769
2012-03-01,-0.12846074625849724
2012-03-02,0.05959640257060528
2012-03-05,0.1892497718334198
2012-03-06,-0.19758076667785646
2012-03-07,0.12476204633712769
2012-03-08,-0.1046939492225647
2012-03-09,-0.2865972757339478
2012-03-12,-0.3365118980407715
2012-03-13,0.058015826344490054
2012-03-14,0.012089799344539642
2012-03-15,-0.2077371060848236
2012-03-16,0.18870439529418945
2012-03-19,0.38560931086540223
2012-03-20,0.09965102225542069
2012-03-21,0.05773926638066769
2012-03-22,-0.15618913024663925
2012-03-23,-0.32333681285381316
2012-03-26,0.6051373481750488
2012-03-27,-0.01005665510892868
2012-03-28,0.11385207697749138
2012-03-29,0.20715820044279099
2012-03-30,-0.07474827170372009
2012-04-02,0.04570234268903732
2012-04-03,-0.15833580046892165
2012-04-04,0.13613484934321604
2012-04-05,-0.32039340734481814
2012-04-06,-0.006217777729034424
2012-04-09,-0.3709045976400375
2012-04-10,0.055100318789482114
2012-04-11,0.05672349669039249
2012-04-12,0.12258033305406571
2012-04-13,0.1054845793172717
2012-04-16,0.18037227988243104
2012-04-17,0.04118884205818176
2012-04-18,0.08001500070095062
2012-04-19,-0.2830004394054413
2012-04-20,-0.0844699464738369
2012-04-23,-0.19691593423485756
2012-04-24,-0.0887634128332138
2012-04-25,0.08151546604931355
2012-04-26,0.17178437113761902
2012-04-27,0.42137173414230344
2012-04-30,-0.9096340775489807
2012-05-01,0.002761046588420868
2012-05-02,-0.10461178123950958
2012-05-03,0.028901586961001157
2012-05-04,-0.03765130285173655
2012-05-07,0.22314055562019347
2012-05-08,-0.040499229729175565
2012-05-09,0.19124976694583892
2012-05-10,0.07982634454965591
2012-05-11,-0.014854712039232254
2012-05-14,-0.150307597219944
2012-05-15,-0.33975745737552643
2012-05-16,0.26303838938474655
2012-05-17,-0.7662433028221131
2012-05-18,-0.1771281659603119
2012-05-21,-0.1887311965227127
2012-05-22,-0.09316519275307655
2012-05-23,0.012373975943773985
2012-05-24,0.05500272549688816
2012-05-25,-0.23419096171855927
2012-05-28,0.6296284526586533
2012-05-29,-0.1293777272105217
2012-05-30,0.05828200466930866
2012-05-31,-0.21535488963127136
2012-06-01,-0.07135221213102341
2012-06-04,-0.20304578989744188
2012-06-05,-0.06602502763271331
2012-06-06,-0.01618088223040104
2012-06-07,0.10052791386842727
2012-06-08,0.3542609393596649
2012-06-11,0.1128737397491932
2012-06-12,-0.4277456641197205
2012-06-13,0.21497391760349274
2012-06-14,-0.04485860541462898
2012-06-15,-0.03354219160974026
2012-06-18,-0.24887781739234924
2012-06-19,-0.04038281887769699
2012-06-20,0.19044169634580613
2012-06-21,-0.2277217499911785
2012-06-22,-0.2566186755895615
2012-06-25,0.1071632880717516
2012-06-26,-0.08720196112990379
2012-06-27,0.1393593430519104
2012-06-28,0.015977750718593597
2012-06-29,-0.22613660395145416
2012-07-02,0.38970554769039156
2012-07-03,-0.0565407857298851
2012-07-04,-0.033052796870470046
2012-07-05,-0.20492820739746093
2012-07-06,-0.23566425442695618
2012-07-09,-0.3232387363910675
2012-07-10,0.15891614705324172
2012-07-11,0.41902782320976256
2012-07-12,0.05051068440079689
2012-07-13,-0.09804742708802223
2012-07-16,-0.0024591460824012756
2012-07-17,0.06184914223849773
2012-07-18,0.08276495486497878
2012-07-19,0.18106573671102524
2012-07-20,0.31033133864402773
2012-07-23,-0.10563766956329346
2012-07-24,-0.01036723330616951
2012-07-25,-0.03497097045183182
2012-07-26,0.29959034323692324
2012-07-27,0.11202914416790008
2012-07-30,0.026699701324105263
2012-07-31,0.15597243309020997
2012-08-01,0.1406747117638588
2012-08-02,0.09264416024088859
2012-08-03,-0.1940889000892639
2012-08-06,0.283790248632431
2012-08-07,-0.2536097183823586
2012-08-08,0.2848233789205551
2012-08-09,-0.05964674279093742
2012-08-10,-0.5102305233478546
2012-08-13,-0.04804175272583962
2012-08-14,-0.08803992122411727
2012-08-15,0.2904478222131729
2012-08-16,0.36712151765823364
2012-08-17,-0.2323544889688492
2012-08-20,0.17988656163215638
2012-08-21,0.09197645634412766
2012-08-22,-0.18260278999805452
2012-08-23,-0.361130490899086
2012-08-24,-0.25024582743644713
2012-08-27,-0.22762353718280792
2012-08-28,-0.04710485627874732
2012-08-29,0.028993601351976393
2012-08-30,0.2057766228914261
2012-08-31,-0.2689287275075912
2012-09-03,0.3716327726840973
2012-09-04,-0.050991513580083844
2012-09-05,0.29949961602687836
2012-09-06,0.19995157718658446
2012-09-07,-0.16563060581684114
2012-09-10,-0.10790454261004925
2012-09-11,0.2184966191649437
2012-09-12,0.11212942972779275
2012-09-13,0.028485536575317383
2012-09-14,-0.14754752367734908
2012-09-17,-0.12300290064886213
2012-09-18,0.19338255617767572
2012-09-19,0.03369180709123611
2012-09-20,0.2018313616514206
2012-09-21,-0.07366639152169227
2012-09-24,0.059950216114521025
2012-09-25,-0.12369440868496895
2012-09-26,0.027854301035404205
2012-09-27,0.06722423955798149
2012-09-28,-0.005751617252826691
2012-10-01,0.1420660749077797
2012-10-02,-0.23135945647954942
2012-10-03,0.028165589645504953
2012-10-04,0.08938824534416198
2012-10-05,-0.03172178044915199
2012-10-08,0.21440672874450684
2012-10-09,0.0983576774597168
2012-10-10,-0.1526602253317833
2012-10-11,0.2676018849015236
2012-10-12,0.19442477822303772
2012-10-15,0.008888716995716094
2012-10-16,-0.24154311120510102
2012-10-17,-0.13097697496414185
2012-10-18,-0.2323872983455658
2012-10-19,0.00952204056084156
2012-10-22,-0.12564050108194352
2012-10-23,0.45741849541664126
2012-10-24,0.21903665959835053
2012-10-25,0.29015620052814484
2012-10-26,0.009379280358552932
2012-10-29,-0.49746158719062805
2012-10-30,-0.44304868280887605
2012-10-31,0.10852477550506592
2012-11-01,0.17809873521327974
2012-11-02,-0.1691010743379593
2012-11-05,0.10559534206986428
2012-11-06,-0.16571279764175414
2012-11-07,0.09266840172931552
2012-11-08,0.2159464180469513
2012-11-09,-0.036673997342586515
2012-11-12,0.16097999662160872
2012-11-13,0.09376963065005839
2012-11-14,0.16031408533453942
2012-11-15,-0.10875707715749741
2012-11-16,-0.23442038893699646
2012-11-19,-0.05321542471647263
2012-11-20,0.08251217845827341
2012-11-21,0.005052104406058788
2012-11-22,0.1685181550681591
2012-11-23,0.038676236569881436
2012-11-26,0.053555240482091905
2012-11-27,-0.09401344433426857
2012-11-28,0.11477054730057716
2012-11-29,0.016090530902147293
2012-11-30,-0.008848052099347114
2012-12-03,-0.06944288983941078
2012-12-04,-0.12486821785569191
2012-12-05,0.010343502461910247
2012-12-06,0.22671255916357042
2012-12-07,-0.258614718914032
2012-12-10,0.3851737275719643
2012-12-11,0.05176942050457001
2012-12-12,0.10428273528814316
2012-12-13,-0.1046246349811554
2012-12-14,0.06900494173169136
2012-12-17,-0.5040460959076881
2012-12-18,-0.07536605983041227
2012-12-19,0.003929013758897782
2012-12-20,-0.026420816779136658
2012-12-21,-0.1756760932505131
2012-12-24,0.37316864132881167
2012-12-25,-0.367298549413681
2012-12-26,0.2034963011741638
2012-12-27,0.15473797023296357
2012-12-28,-0.033721667155623435
2012-12-31,0.05087526924908161
2013-01-01,0.12486710846424103
2013-01-02,0.007906148582696915
2013-01-03,0.271441937237978
2013-01-04,0.06370516195893287
2013-01-07,0.22618839740753174
2013-01-08,0.033748736494453625
2013-01-09,0.05712386057712138
2013-01-10,0.28059772253036497
2013-01-11,0.07978793606162071
2013-01-14,-0.35968936085700987
2013-01-15,0.09014361202716828
2013-01-16,-0.08236816609278322
2013-01-17,-0.03415366467088461
2013-01-18,0.26820017397403717
2013-01-21,0.3379583418369293
2013-01-22,0.31955084055662153
2013-01-23,0.3372765228152275
2013-01-24,0.2540369391441345
2013-01-25,-0.14802321642637253
2013-01-28,0.36432512402534484
2013-01-29,0.1482248015701771
2013-01-30,-0.05343197584152222
2013-01-31,0.22592920660972596
2013-02-01,0.18931279629468917
2013-02-04,-0.195136889629066
2013-02-05,-0.27791319191455843
2013-02-06,-0.016560626775026323
2013-02-07,-0.3414625287055969
2013-02-08,-0.19391892552375795
2013-02-11,-0.5829201340675354
2013-02-12,-0.13034928739070892
2013-02-13,-0.10616225004196167
2013-02-14,0.29988243281841276
2013-02-15,-0.04205650594085455
2013-02-18,0.31071237921714784
2013-02-19,0.22087212204933165
2013-02-20,-0.10131577104330063
2013-02-21,0.042087267711758615
2013-02-22,0.1376463755965233
2013-02-25,-0.06494503915309906
2013-02-26,0.16433320045471192
2013-02-27,0.2288101989775896
2013-02-28,-0.055130016058683395
2013-03-01,0.2999802350997925
2013-03-04,0.025826091319322585
2013-03-05,0.08269050903618336
2013-03-06,-0.02464557345956564
2013-03-07,0.08558266703039408
2013-03-08,0.07512977123260497
2013-03-11,0.04560591615736485
2013-03-12,0.26611440628767014
2013-03-13,-0.07805135101079941
2013-03-14,-0.09358464702963828
2013-03-15,0.1501455432269722
2013-03-18,-0.04439799301326275
2013-03-19,-0.04655401855707168
2013-03-20,-0.04639293688815087
2013-03-21,0.13681996166706084
2013-03-22,-0.2032571792602539
2013-03-25,0.15578435361385345
2013-03-26,0.39703078269958497
2013-03-27,0.03995754849165678
2013-03-28,0.04381223507225514
2013-03-29,0.008346602646633982
2013-04-01,0.23533447161316873
2013-04-02,0.33355421721935274
2013-04-03,0.07277158722281456
2013-04-04,0.13943087831139564
2013-04-05,0.14893941730260848
2013-04-08,-0.1812915951013565
2013-04-09,-0.04039120115339756
2013-04-10,-0.09658079147338867
2013-04-11,0.22173023223876953
2013-04-12,-0.09565181285142899
2013-04-15,0.2843779534101486
2013-04-16,-0.023764925822615624
2013-04-17,-0.044708249345421794
2013-04-18,0.0910184621810913
2013-04-19,-0.076261330768466
2013-04-22,-0.004936963319778442
2013-04-23,-0.16355485916137696
2013-04-24,0.4007823824882507
2013-04-25,0.18398914337158204
2013-04-26,0.009205735474824905
2013-04-29,0.32332744002342223
2013-04-30,-0.06099418699741364
2013-05-01,0.10200942158699036
2013-05-02,0.14680468961596488
2013-05-03,-0.3956219553947449
2013-05-06,0.14015815556049346
2013-05-07,-0.1477177508175373
2013-05-08,-0.30045692026615145
2013-05-09,-0.08862001448869705
2013-05-10,0.018622931092977524
2013-05-13,0.030306732654571532
2013-05-14,-0.12689398676157
2013-05-15,-0.3705988585948944
2013-05-16,0.07981149898841977
2013-05-17,-0.23032102435827256
2013-05-20,0.3032543003559113
2013-05-21,0.5300106525421142
2013-05-22,0.09917356744408608
2013-05-23,0.029671765863895416
2013-05-24,-0.03130031656473875
2013-05-27,0.015018293261528015
2013-05-28,0.2825869470834732
2013-05-29,0.1490252397954464
2013-05-30,-0.039202054217457774
2013-05-31,-0.45911829471588134
2013-06-03,0.2378944993019104
2013-06-04,0.08662967830896377
2013-06-05,-0.0006290275603532791
2013-06-06,-0.043304515309864657
2013-06-07,-0.0925847664475441
2013-06-10,-0.19306121915578842
2013-06-11,0.13507817536592484
2013-06-12,0.22105292081832886
2013-06-13,0.14467844031751156
2013-06-14,-0.023388764634728432
2013-06-17,-0.3137998417019844
2013-06-18,-0.14108690917491912
2013-06-19,0.07615296617150306
2013-06-20,-0.01746546234935522
2013-06-21,-0.212570521235466
2013-06-24,0.051255646347999576
2013-06-25,0.28883349895477295
2013-06-26,-0.004239025572314858
2013-06-27,0.155728030949831
2013-06-28,0.028772465512156488
2013-07-01,0.02255311980843544
2013-07-02,0.10460209473967552
2013-07-03,-0.04990680813789368
2013-07-04,0.04827723428606987
2013-07-05,0.07366128470748663
2013-07-08,-0.28712035715579987
2013-07-09,0.09740666300058365
2013-07-10,0.256539323925972
2013-07-11,-0.08860650807619094
2013-07-12,-0.0037119584158062935
2013-07-15,0.22439936101436614
2013-07-16,-0.036483827978372574
2013-07-17,0.22300101816654205
2013-07-18,0.22236833572387696
2013-07-19,-0.38826305270195005
2013-07-22,-0.23314038515090943
2013-07-23,0.19979686588048934
2013-07-24,0.14115660190582274
2013-07-25,0.04357903553172946
2013-07-26,0.012485599145293236
2013-07-29,0.03939613401889801
2013-07-30,-0.25657927989959717
2013-07-31,0.2287586286664009
2013-08-01,0.2135806016623974
2013-08-02,0.3888523519039154
2013-08-05,-0.17028191089630126
2013-08-06,0.17248641550540925
2013-08-07,0.31959162950515746
2013-08-08,-0.033310163766145706
2013-08-09,-0.2013152703642845
2013-08-12,-0.33407959043979646
2013-08-13,-0.07587380707263947
2013-08-14,-0.26838828101754186
2013-08-15,0.18139815032482148
2013-08-16,-0.1218742311000824
2013-08-19,0.1748521149158478
2013-08-20,0.26975700855255125
2013-08-21,0.20717089176177977
2013-08-22,0.07114088982343673
2013-08-23,0.20710807740688325
2013-08-26,0.09704176113009452
2013-08-27,-0.45386541485786436
2013-08-28,-0.08456619773060084
2013-08-29,0.04838623777031899
2013-08-30,-0.0405759260058403
2013-09-02,0.05011477768421173
2013-09-03,0.10988489985466003
2013-09-04,0.1073701798915863
2013-09-05,0.0789990708231926
2013-09-06,0.30552439093589784
2013-09-09,0.018237221986055374
2013-09-10,0.3841030836105347
2013-09-11,-0.18724605515599252
2013-09-12,0.2958711087703705
2013-09-13,-0.05318260639905929
2013-09-16,0.11383042600937188
2013-09-17,0.10154571831226349
2013-09-18,0.26170247197151186
2013-09-19,0.32001551389694216
2013-09-20,0.17336936742067338
2013-09-23,0.02343839257955551
2013-09-24,0.27555829882621763
2013-09-25,0.10880980640649796
2013-09-26,0.19466073215007781
2013-09-27,0.0913447991013527
2013-09-30,0.15188230723142623
2013-10-01,-0.3391475409269333
2013-10-02,0.16703551560640334
2013-10-03,0.20526804625988007
2013-10-04,-0.03648995645344257
2013-10-07,0.022864897549152375
2013-10-08,-0.22687241733074187
2013-10-09,0.12686977982521058
2013-10-10,0.07979509886354208
2013-10-11,-0.008239299803972245
2013-10-14,0.10143283382058144
2013-10-15,0.10160306841135025
2013-10-16,0.17667871415615083
2013-10-17,-0.1518895924091339
2013-10-18,0.08493533097207547
2013-10-21,0.4524916231632233
2013-10-22,0.049441037327051164
2013-10-23,0.20600298941135406
2013-10-24,-0.15911576403304933
2013-10-25,0.06718053370714187
2013-10-28,0.2060103327035904
2013-10-29,0.31775776445865633
2013-10-30,0.15704315900802612
2013-10-31,0.10141976941376925
2013-11-01,0.06278658770024777
2013-11-04,0.30116422176361085
2013-11-05,0.033731527626514435
2013-11-06,0.11272452473640442
2013-11-07,0.053188877273350955
2013-11-08,-0.014702974259853363
2013-11-11,0.134075728058815
2013-11-12,0.06674984320998192
2013-11-13,0.006725109741091728
2013-11-14,0.27231683433055875
2013-11-15,0.06223004199564457
2013-11-18,0.2097984790802002
2013-11-19,-0.20308915972709657
2013-11-20,0.23786483705043793
2013-11-21,0.10599826127290726
2013-11-22,0.0018890825158450752
2013-11-25,0.04889082536101341
2013-11-26,-0.039317545108497144
2013-11-27,0.009959501307457685
2013-11-28,0.23962938487529756
2013-11-29,-0.024684400483965873
2013-12-02,0.44535107016563413
2013-12-03,0.1762483984231949
2013-12-04,0.07146102041006089
2013-12-05,0.0968218905851245
2013-12-06,-0.31677222847938535
2013-12-09,-0.03918235152959824
2013-12-10,0.006386557221412658
2013-12-11,0.020778395235538483
2013-12-12,0.036236352473497394
2013-12-13,0.1518110454082489
2013-12-16,-0.005407372489571571
2013-12-17,-0.052006948832422496
2013-12-18,-0.17073075771331786
2013-12-19,0.20259677171707152
2013-12-20,0.015861140191555025
2013-12-23,-0.07898161634802818
2013-12-24,-0.056280204094946384
2013-12-25,0.49105997532606127
2013-12-26,0.08699292354285718
2013-12-27,-0.06855202987790107
2013-12-30,-0.016126799583435058
2013-12-31,0.22164706587791444
2014-01-01,0.23451758529990913
2014-01-02,-0.24063525199890137
2014-01-03,0.16224890798330308
2014-01-06,-0.36370238065719607
2014-01-07,0.2341025412082672
2014-01-08,0.17814432382583617
2014-01-09,0.06719111874699593
2014-01-10,0.0736429363489151
2014-01-13,-0.22707253098487853
2014-01-14,-0.31361362934112547
2014-01-15,-0.04167643878608942
2014-01-16,0.3813514027744532
2014-01-17,0.02045829501003027
2014-01-20,0.02827243208885193
2014-01-21,0.2910540074110031
2014-01-22,0.1936638593673706
2014-01-23,-0.01381026692688465
2014-01-24,-0.1252911001443863
2014-01-27,0.41786834597587585
2014-01-28,-0.032450733706355095
2014-01-29,0.15978748500347137
2014-01-30,0.0015640169382095336
2014-01-31,-0.1542543075978756
2014-02-03,-0.018973138928413392
2014-02-04,-0.16881809532642364
2014-02-05,0.055581601336598396
2014-02-06,-0.03539554663002491
2014-02-07,0.0713543277233839
2014-02-10,-0.3652123987674713
2014-02-11,-0.33048006892204285
2014-02-12,0.06690755598247052
2014-02-13,0.1393595188856125
2014-02-14,0.0034370170906186104
2014-02-17,0.03521110638976097
2014-02-18,0.27490420937538146
2014-02-19,0.297665910422802
2014-02-20,-0.03824514448642731
2014-02-21,-0.4506709694862366
2014-02-24,-0.3788199543952942
2014-02-25,0.09773627370595932
2014-02-26,0.2788193762302399
2014-02-27,0.07124049067497254
2014-02-28,-0.046278245747089386
2014-03-03,-0.024900493025779725
2014-03-04,-0.06286459043622017
2014-03-05,0.1521476224064827
2014-03-06,0.06962202750146389
2014-03-07,-0.27845128774642947
2014-03-10,-0.3313647210597992
2014-03-11,-0.03394382894039154
2014-03-12,0.38290274143218994
2014-03-13,0.05172492116689682
2014-03-14,0.028104770556092264
2014-03-17,-0.06021095663309097
2014-03-18,-0.013429465517401696
2014-03-19,0.15193952918052672
2014-03-20,0.18495349287986756
2014-03-21,0.04504556208848953
2014-03-24,-0.15279976278543472
2014-03-25,0.35850715041160586
2014-03-26,0.07455695569515228
2014-03-27,0.04867851957678795
2014-03-28,0.13183129985118286
2014-03-31,0.17553548663854598
2014-04-01,0.08680285140872002
2014-04-02,0.03084710668772459
2014-04-03,0.2482495963573456
2014-04-04,0.1290216863155365
2014-04-07,0.03971397802233696
2014-04-08,-0.18828912675380707
2014-04-09,-0.03760447949171066
2014-04-10,0.08634419739246368
2014-04-11,-0.019178131222724916
2014-04-14,-0.04841421730816364
2014-04-15,0.03465261794626713
2014-04-16,0.041605019569396974
2014-04-17,0.2391564056277275
2014-04-18,0.6871375620365143
2014-04-21,-0.20488919615745543
2014-04-22,-0.08726592659950257
2014-04-23,0.1473557621240616
2014-04-24,0.3114043056964874
2014-04-25,-0.10645685568451882
2014-04-28,0.011080101132392883
2014-04-29,0.19012254178524018
2014-04-30,0.06600443944334984
2014-05-01,-0.03014291301369667
2014-05-02,-0.02706137700006366
2014-05-05,0.07812237441539764
2014-05-06,0.2050412643700838
2014-05-07,0.23537009954452515
2014-05-08,0.17892479300498962
2014-05-09,0.0793524831533432
2014-05-12,0.1182864174246788
2014-05-13,0.6256625413894653
2014-05-14,-0.06330692395567894
2014-05-15,0.2922164618968964
2014-05-16,0.021415505185723306
2014-05-19,-0.15761591792106627
2014-05-20,0.010420147888362407
2014-05-21,0.10808815807104111
2014-05-22,-0.25742407888174057
2014-05-23,0.014166481792926788
2014-05-26,0.17813385725021363
2014-05-27,0.1358935683965683
2014-05-28,0.10344903133809566
2014-05-29,-0.14502584785223008
2014-05-30,0.1889736732468009
2014-06-02,0.06187589317560196
2014-06-03,-0.10993034169077873
2014-06-04,0.3056438207626343
2014-06-05,0.0692516803741455
2014-06-06,-0.025063163414597512
2014-06-09,0.08561618030071258
2014-06-10,-0.1124438539147377
2014-06-11,0.034438174962997434
2014-06-12,0.2409329295158386
2014-06-13,0.2648576468229294
2014-06-16,0.3123656898736954
2014-06-17,0.13093826919794083
2014-06-18,-0.16083666384220124
2014-06-19,-0.15838687717914582
2014-06-20,0.028074595704674722
2014-06-23,-0.061550936102867125
2014-06-24,0.14207098633050919
2014-06-25,0.22638821899890899
2014-06-26,-0.005144213140010834
2014-06-27,0.3391986131668091
2014-06-30,0.14710364639759063
2014-07-01,-0.17898021042346954
2014-07-02,0.018704166868701577
2014-07-03,0.15935108866542577
2014-07-04,-0.011962366104125977
2014-07-07,0.5343392014503479
2014-07-08,-0.031108833849430084
2014-07-09,0.25986449122428895
2014-07-10,0.42729151248931885
2014-07-11,0.18919545114040376
2014-07-14,0.23204064667224883
2014-07-15,0.05003883317112923
2014-07-16,0.19874345511198044
2014-07-17,0.07012194097042083
2014-07-18,-0.0671967662870884
2014-07-21,0.0008071753429248929
2014-07-22,0.20372892022132874
2014-07-23,0.0339007742702961
2014-07-24,0.10954061895608902
2014-07-25,0.29662584960460664
2014-07-28,-0.08841392397880554
2014-07-29,0.3918030858039856
2014-07-30,0.17911315262317656
2014-07-31,-0.3707593083381653
2014-08-01,-0.09908467382192612
2014-08-04,0.22474122196435928
2014-08-05,0.06132441908121109
2014-08-06,-0.26815513893961906
2014-08-07,0.12768531143665313
2014-08-08,-0.13167069405317305
2014-08-11,0.4430139660835266
2014-08-12,0.1847723662853241
2014-08-13,0.32998678684234617
2014-08-14,-0.0073558583855628966
2014-08-15,0.015100186504423619
2014-08-18,-0.16225761026144028
2014-08-19,0.13190952688455582
2014-08-20,0.05112026929855347
2014-08-21,0.09064482487738132
2014-08-22,-0.007641978561878204
2014-08-25,0.17354315817356109
2014-08-26,0.01604396253824234
2014-08-27,-0.0421189621090889
2014-08-28,-0.21981231719255448
2014-08-29,0.18686907291412352
2014-09-01,0.07325175702571869
2014-09-02,0.04721550643444061
2014-09-03,0.028517185896635055
2014-09-04,0.10215982943773269
2014-09-05,-0.11806069910526276
2014-09-08,0.28553141951560973
2014-09-09,0.06238660924136639
2014-09-10,-0.14082379937171935
2014-09-11,-0.004766960814595223
2014-09-12,0.17049054503440858
2014-09-15,0.38046887516975403
2014-09-16,0.15116119980812073
2014-09-17,0.06798177808523179
2014-09-18,0.05181025043129921
2014-09-19,-0.10483244732022286
2014-09-22,0.10972914304584265
2014-09-23,0.13581404611468315
2014-09-24,0.315628844499588
2014-09-25,-0.33937379717826843
2014-09-26,0.011340123414993287
2014-09-29,-0.1121394008398056
2014-09-30,-0.24184657335281373
2014-10-01,0.24122041761875151
2014-10-02,-0.14425188452005386
2014-10-03,0.48748597502708435
2014-10-06,-0.33887345194816587
2014-10-07,0.1457834005355835
2014-10-08,0.0888623371720314
2014-10-09,0.05112835615873337
2014-10-10,0.10229462832212448
2014-10-13,-0.36036065220832825
2014-10-14,0.0641265019774437
2014-10-15,-0.0683346377685666
2014-10-16,0.279270076751709
2014-10-17,0.20546752419322728
2014-10-20,0.14009681195020676
2014-10-21,0.2716733872890472
2014-10-22,0.3315326750278473
2014-10-23,-0.08491752669215202
2014-10-24,0.03363793641328812
2014-10-27,0.12753648683428764
2014-10-28,0.06736450642347336
2014-10-29,-0.06263371678069234
2014-10-30,0.01595804716926068
2014-10-31,0.1744567036628723
2014-11-03,-0.3704775869846344
2014-11-04,0.047948424518108365
2014-11-05,-0.5299703717231751
2014-11-06,0.24674273431301116
2014-11-07,0.005725433165207505
2014-11-10,-0.30433025658130647
2014-11-11,0.15241904109716414
2014-11-12,-0.11502202600240707
2014-11-13,-0.07223449721932411
2014-11-14,-0.030346766859292985
2014-11-17,0.10087246745824814
2014-11-18,0.09381797611713409
2014-11-19,-0.3197544991970062
2014-11-20,0.20400250852108
2014-11-21,-0.21079270646441728
2014-11-24,0.1452989786863327
2014-11-25,-0.1810736835002899
2014-11-26,-0.001352486526593566
2014-11-27,0.1597950279712677
2014-11-28,-0.010225612670183182
2014-12-01,-0.12075014431029558
2014-12-02,-0.2013097271323204
2014-12-03,-0.04385288283228874
2014-12-04,-0.005155842751264572
2014-12-05,-0.1473722279071808
2014-12-08,-0.16879691928625107
2014-12-09,0.1957240432500839
2014-12-10,-0.01216830313205719
2014-12-11,0.12209733258932828
2014-12-12,0.3412528336048126
2014-12-15,0.03611111156642437
2014-12-16,0.05160519555211067
2014-12-17,0.08609865009784698
2014-12-18,0.10630229623056948
2014-12-19,-0.14529993534088134
2014-12-22,0.018074319884181022
2014-12-23,-0.03001504801213741
2014-12-24,-0.19081935286521912
2014-12-25,-0.07164310235530139
2014-12-26,0.28321372270584105
2014-12-29,0.2759902685880661
2014-12-30,-0.28335451781749726
2014-12-31,-0.24696069657802583
2015-01-01,-0.0017207080498337745
2015-01-02,0.11161866933107376
2015-01-05,0.4668031632900238
2015-01-06,0.12294701784849167
2015-01-07,0.3529441237449646
2015-01-08,0.20321767628192902
2015-01-09,0.2632348477840424
2015-01-12,0.023633705079555513
2015-01-13,-0.07353228814899922
2015-01-14,-0.05623297207057476
2015-01-15,0.11345953494310379
2015-01-16,-0.22337421774864197
2015-01-19,-0.019384241849184036
2015-01-20,0.002317240717820823
2015-01-21,0.017679503583349288
2015-01-22,-0.06917382255196572
2015-01-23,0.37939764857292174
2015-01-26,0.2972870200872421
2015-01-27,0.07628327161073685
2015-01-28,0.19849507808685302
2015-01-29,0.43208619952201843
2015-01-30,-0.25212363749742506
2015-02-02,-0.028605314530432226
2015-02-03,0.19342640042304993
2015-02-04,0.22251384556293488
2015-02-05,0.21316379606723784
2015-02-06,-0.033909746631979945
2015-02-09,0.34912188053131105
2015-02-10,0.004797825962305069
2015-02-11,0.1542507976293564
2015-02-12,-0.1920437291264534
2015-02-13,-0.036059487517923115
2015-02-16,-0.09622205719351769
2015-02-17,0.11454735398292541
2015-02-18,-0.025526241213083268
2015-02-19,0.11109412908554077
2015-02-20,-0.01591857452876866
2015-02-23,-0.26304829195141793
2015-02-24,0.15550596714019777
2015-02-25,0.35544551014900205
2015-02-26,-0.07527458816766738
2015-02-27,-0.08073474913835525
2015-03-02,0.17138498574495314
2015-03-03,-0.08842010125517845
2015-03-04,0.08663854822516441
2015-03-05,-0.10620610415935516
2015-03-06,0.07093052059426555
2015-03-09,0.09623125940561295
2015-03-10,0.3053578048944473
2015-03-11,0.05823239386081695
2015-03-12,0.10173891037702561
2015-03-13,0.18032149448990822
2015-03-16,0.03929251506924629
2015-03-17,0.02523344159126282
2015-03-18,0.19317735433578492
2015-03-19,0.19579992145299913
2015-03-20,-0.048540829122066496
2015-03-23,0.06233993992209434
2015-03-24,0.10872889906167985
2015-03-25,0.28692288398742677
2015-03-26,-0.1993887722492218
2015-03-27,-0.1513271689414978
2015-03-30,-0.13288669884204865
2015-03-31,0.32765777707099913
2015-04-01,0.1042491540312767
2015-04-02,0.14653997421264647
2015-04-03,-0.06049492508172989
2015-04-06,0.2509816884994507
2015-04-07,-0.046461150795221326
2015-04-08,0.20078113335184752
2015-04-09,0.20429027378559111
2015-04-10,0.03029496818780899
2015-04-13,0.01959707448258996
2015-04-14,0.009987427294254303
2015-04-15,0.0803486868739128
2015-04-16,0.2090342879295349
2015-04-17,0.09500085227191449
2015-04-20,-0.4019922450184822
2015-04-21,0.0452117932960391
2015-04-22,0.41968329548835753
2015-04-23,0.024690885841846467
2015-04-24,0.08029478006064891
2015-04-27,-0.172075492143631
2015-04-28,0.5280510604381561
2015-04-29,0.09419860243797303
2015-04-30,0.10069578532129526
2015-05-01,0.1725805401802063
2015-05-04,0.07416298240423203
2015-05-05,0.0022422380745410917
2015-05-06,0.18533329889178277
2015-05-07,0.30835085511207583
2015-05-08,0.27788695991039275
2015-05-11,0.2645422033034265
2015-05-12,0.12860668897628785
2015-05-13,-0.284387543797493
2015-05-14,0.11922096014022827
2015-05-15,-0.012282097083516418
2015-05-18,0.13685047924518584
2015-05-19,0.11216832753270864
2015-05-20,-0.34393689930439
2015-05-21,-0.211753249168396
2015-05-22,-0.20702528059482575
2015-05-25,0.4634153485298157
2015-05-26,-0.01039925403892994
2015-05-27,-0.26540752947330476
2015-05-28,0.3985097348690033
2015-05-29,-0.10520725436508656
2015-06-01,0.15418992862105368
2015-06-02,-0.184402172267437
2015-06-03,-0.37117195725440977
2015-06-04,0.19910992924124002
2015-06-05,0.3705053269863129
2015-06-08,0.24044794626533986
2015-06-09,0.07595498859882355
2015-06-10,0.03301843702793121
2015-06-11,0.0919584646821022
2015-06-12,-0.1384783389978111
2015-06-15,0.15710041671991348
2015-06-16,0.08340237215161324
2015-06-17,-0.12576611898839474
2015-06-18,0.2738324612379074
2015-06-19,0.2368089291267097
2015-06-22,-0.05595334470272064
2015-06-23,0.232443967461586
2015-06-24,0.07577456831932068
2015-06-25,0.14394299685955048
2015-06-26,0.1508112996816635
2015-06-29,-0.26287980675697326
2015-06-30,0.23692880086600782
2015-07-01,-0.040169821865856645
2015-07-02,0.1655732810497284
2015-07-03,0.016879591345787048
2015-07-06,0.3472302734851837
2015-07-07,0.38160077333450315
2015-07-08,0.08649331033229828
2015-07-09,-0.011398931965231895
2015-07-10,0.026914983987808228
2015-07-13,0.4200950086116791
2015-07-14,0.06056152731180191
2015-07-15,-0.22316088974475862
2015-07-16,0.19860404431819917
2015-07-17,0.0421733021736145
2015-07-20,-0.07457883059978485
2015-07-21,-0.031875227391719815
2015-07-22,0.10106543004512787
2015-07-23,0.39461295008659364
2015-07-24,0.011505546979606152
2015-07-27,0.05797494426369667
2015-07-28,-0.11954619847238064
2015-07-29,-0.1497335284948349
2015-07-30,-0.14267261624336242
2015-07-31,-0.1492145111784339
2015-08-03,-0.1286868155002594
2015-08-04,-0.2919384241104126
2015-08-05,-0.1463275857269764
2015-08-06,0.0455376148223877
2015-08-07,0.11899750921875238
2015-08-10,0.3929505467414856
2015-08-11,0.08035011366009712
2015-08-12,-0.41329923570156096
2015-08-13,-0.12350924462080001
2015-08-14,-0.0918845608830452
2015-08-17,0.03897978067398071
2015-08-18,0.06641164273023606
2015-08-19,-0.0032988183200359346
2015-08-20,0.2531262904405594
2015-08-21,-0.14962927699089051
2015-08-24,-0.16906348168849944
2015-08-25,0.008845078945159911
2015-08-26,0.07040083948522806
2015-08-27,0.33405565917491914
2015-08-28,-0.0373659759759903
2015-08-31,0.13142163455486297
2015-09-01,-0.2064345210790634
2015-09-02,-0.20680769681930541
2015-09-03,-0.04209212362766266
2015-09-04,-0.2876521460711956
2015-09-07,-0.05647570937871933
2015-09-08,-0.09935490041971207
2015-09-09,0.09391305493190885
2015-09-10,-0.6603533029556274
2015-09-11,0.28538760244846345
2015-09-14,0.33779050707817077
2015-09-15,0.13331309743225575
2015-09-16,0.30057777762413024
2015-09-17,0.2085700124502182
2015-09-18,-0.236786912381649
2015-09-21,0.07791125029325485
2015-09-22,0.2994338035583496
2015-09-23,-0.10830657854676247
2015-09-24,0.2587410271167755
2015-09-25,-0.11047984659671783
2015-09-28,-0.06725822910666465
2015-09-29,0.04044409766793251
2015-09-30,-0.7400081306695938
2015-10-01,-0.03069748878479004
2015-10-02,0.13702635932713747
2015-10-05,-0.0982986956834793
2015-10-06,0.0799737025052309
2015-10-07,0.11312579177320004
2015-10-08,-0.09715093858540058
2015-10-09,0.17603354156017303
2015-10-12,0.13995304554700852
2015-10-13,-0.023702835920266806
2015-10-14,0.15005108267068862
2015-10-15,0.2913555860519409
2015-10-16,0.10334748923778533
2015-10-19,0.08412594497203826
2015-10-20,0.005871005682274699
2015-10-21,0.14950499832630157
2015-10-22,-0.18635545819997787
2015-10-23,0.12752458900213243
2015-10-26,-0.29414705038070676
2015-10-27,0.11037351861596108
2015-10-28,-0.4400818467140198
2015-10-29,0.29531873762607574
2015-10-30,0.13430946990847586
2015-11-02,0.017898763157427312
2015-11-03,-0.3282301962375641
2015-11-04,0.059666472300887105
2015-11-05,-0.41067474484443667
2015-11-06,0.10609427317976952
2015-11-09,-0.3164641514420509
2015-11-10,-0.20086791813373567
2015-11-11,0.2400585025548935
2015-11-12,0.2400585025548935
2015-11-13,0.3830517053604126
2015-11-16,-0.16456243246793748
2015-11-17,-0.2074751079082489
2015-11-18,0.038136997073888776
2015-11-19,-0.24209672212600708
2015-11-20,-0.1855749621987343
2015-11-23,0.25173298716545106
2015-11-24,0.15583445578813554
2015-11-25,0.15151014626026155
2015-11-26,0.18130817264318466
2015-11-27,-0.05673546874895692
2015-11-30,0.05488615706562996
2015-12-01,0.201754367351532
2015-12-02,0.3898097813129425
2015-12-03,-0.08509831875562668
2015-12-04,-0.09553734250366688
2015-12-07,0.40871278941631317
2015-12-08,0.08074238747358323
2015-12-09,0.08068433031439781
2015-12-10,0.05660430490970612
2015-12-11,-0.3690856873989105
2015-12-14,0.13074795305728912
2015-12-15,0.03535430021584034
2015-12-16,0.002897014282643795
2015-12-17,-0.05782025530934334
2015-12-18,0.020304270088672638
2015-12-21,0.22838816940784454
2015-12-22,0.24094114005565642
2015-12-23,0.02976502776145935
2015-12-24,-0.10986016169190407
2015-12-25,-0.31855323538184166
2015-12-28,-0.6335524320602417
2015-12-29,0.482134735584259
2015-12-30,-0.21959892213344573
2015-12-31,-0.1200105894356966
2016-01-01,-0.42477046251296996
2016-01-04,-0.03556098118424415
2016-01-05,0.060539967566728595
2016-01-06,0.2932839274406433
2016-01-07,-0.1255926951766014
2016-01-08,-0.3136556953191757
2016-01-11,-0.010672639310359954
2016-01-12,-0.2092115916311741
2016-01-13,0.21022512018680573
2016-01-14,0.005813152343034744
2016-01-15,-0.13623009175062178
2016-01-18,0.1653980627655983
2016-01-19,0.08324220851063728
2016-01-20,0.2281306803226471
2016-01-21,0.2190209910273552
2016-01-22,0.20352828055620192
2016-01-25,0.02547186017036438
2016-01-26,0.14464986869134008
2016-01-27,0.02717413306236267
2016-01-28,-0.0797717809677124
2016-01-29,0.016512900590896606
2016-02-01,0.1568216685205698
2016-02-02,0.09322122484445572
2016-02-03,0.7431545257568359
2016-02-04,0.3113650679588318
2016-02-05,0.08115323297679425
2016-02-08,0.330718794465065
2016-02-09,0.09836544692516327
2016-02-10,-0.02724832221865654
2016-02-11,-0.210632561147213
2016-02-12,-0.20537871718406678
2016-02-15,0.4532333165407181
2016-02-16,-0.36180226802825927
2016-02-17,-0.1224672794342041
2016-02-18,0.004854796826839447
2016-02-19,0.00022688060998916627
2016-02-22,-0.09953575730323791
2016-02-23,-0.4160875141620636
2016-02-24,-0.15043055713176728
2016-02-25,0.6206929624080658
2016-02-26,0.19438612908124925
2016-02-29,0.14344753324985504
2016-03-01,0.05365234836935997
2016-03-02,0.01965545043349266
2016-03-03,-0.14318186044692993
2016-03-04,0.10403702743351459
2016-03-07,0.01781497523188591
2016-03-08,-0.0836219996213913
2016-03-09,-0.13288908451795578
2016-03-10,-0.04569635987281799
2016-03-11,-0.13672934994101524
2016-03-14,0.011105220392346382
2016-03-15,-0.08759890347719193
2016-03-16,-0.08659102693200112
2016-03-17,0.37284348011016843
2016-03-18,0.04043851494789123
2016-03-21,-0.1452298179268837
2016-03-22,0.2459655821323395
2016-03-23,-0.35228111147880553
2016-03-24,-0.1341354787349701
2016-03-25,-0.1193221628665924
2016-03-28,-0.18974569439888
2016-03-29,-0.13287885040044783
2016-03-30,0.05398804489523172
2016-03-31,-0.10014567002654076
2016-04-01,0.2692228078842163
2016-04-04,0.07678755857050419
2016-04-05,-0.07780898753553629
2016-04-06,0.26019664108753204
2016-04-07,-0.03836897015571594
2016-04-08,0.07312104552984237
2016-04-11,-0.16845992654561998
2016-04-12,-0.34669097065925597
2016-04-13,-0.04101953059434891
2016-04-14,-0.12220343053340912
2016-04-15,-0.34238952994346616
2016-04-18,0.10717095136642456
2016-04-19,-0.11275667697191238
2016-04-20,0.05260366350412369
2016-04-21,-0.11872316151857376
2016-04-22,0.3744643598794937
2016-04-25,0.11328214406967163
2016-04-26,-0.05465418584644795
2016-04-27,0.10420030076056719
2016-04-28,0.22019917666912078
2016-04-29,-0.16119642332196235
2016-05-02,-0.7843157887458801
2016-05-03,-0.17222470492124559
2016-05-04,0.002306859940290451
2016-05-05,0.09379937052726746
2016-05-06,0.11019254078855738
2016-05-09,-0.07798463255167007
2016-05-10,-0.08344866931438447
2016-05-11,0.021627937257289887
2016-05-12,-0.10777862127870322
2016-05-13,-0.1305640757083893
2016-05-16,0.20682082772254945
2016-05-17,-0.2819811552762985
2016-05-18,-0.07760227769613266
2016-05-19,-0.006006252020597458
2016-05-20,-0.2799058064818382
2016-05-23,-0.15123002529144286
2016-05-24,0.2646705836057663
2016-05-25,-0.32882788181304934
2016-05-26,0.01240113377571106
2016-05-27,0.1955825448036194
2016-05-30,-0.619646655023098
2016-05-31,0.02344592660665512
2016-06-01,-0.20564451068639755
2016-06-02,-0.07933170516043901
2016-06-03,0.25617351531982424
2016-06-06,-0.0023093365132808687
2016-06-07,0.05702292695641518
2016-06-08,0.24917185306549072
2016-06-09,-0.1702552855014801
2016-06-10,-0.07170075178146362
2016-06-13,-0.05355006580648478
2016-06-14,0.011444398760795593
2016-06-15,-0.10341135561466216
2016-06-16,0.03663622848689556
2016-06-17,0.11068806946277618
2016-06-20,-0.21910973079502583
2016-06-21,0.029482340067625047
2016-06-22,0.07843178063631058
2016-06-23,-0.14800666593946515
2016-06-24,0.022662416379898787
2016-06-27,-0.2123630315065384
2016-06-28,0.2979752764105797
2016-06-29,0.2648469775915146
2016-06-30,0.3551107943058014
2016-07-01,-0.06694818064570426
2016-07-04,0.011038947943598032
2016-07-05,0.08417747877538204
2016-07-06,0.05953752398490906
2016-07-07,-0.11916315630078315
2016-07-08,0.10283746048808098
2016-07-11,0.14496955573558806
2016-07-12,0.12427850365638733
2016-07-13,0.2635021597146988
2016-07-14,0.19674991071224213
2016-07-15,0.027563020586967468
2016-07-18,-0.28004783391952515
2016-07-19,0.17125604450702667
2016-07-20,-0.10171389877796173
2016-07-21,0.14507897309958934
2016-07-22,0.13427261859178544
2016-07-25,-0.008317012339830399
2016-07-26,-0.060786785930395125
2016-07-27,-0.11485198475420474
2016-07-28,0.25524001717567446
2016-07-29,-0.5042757242918015
2016-08-01,0.23783595561981202
2016-08-02,0.3908392250537872
2016-08-03,0.11841810792684555
2016-08-04,0.23843333423137664
2016-08-05,0.25668988525867464
2016-08-08,0.13414409756660461
2016-08-09,0.05984397865831852
2016-08-10,0.30928412079811096
2016-08-11,0.17058992087841035
2016-08-12,-0.028955742716789246
2016-08-15,-0.004823766648769379
2016-08-16,0.17993134260177612
2016-08-17,0.16377540528774262
2016-08-18,-0.07580058872699738
2016-08-19,0.005160112679004669
2016-08-22,-0.0445916198194027
2016-08-23,0.5384137511253357
2016-08-24,0.20166344195604324
2016-08-25,-0.12322717308998107
2016-08-26,-0.021382161974906923
2016-08-29,0.1309586063027382
2016-08-30,0.11296290904283524
2016-08-31,0.021069431304931642
2016-09-01,0.238352033495903
2016-09-02,-0.04597006626427173
2016-09-05,0.1280098557472229
2016-09-06,0.41309140920639037
2016-09-07,0.05336078852415085
2016-09-08,-0.09618926737457514
2016-09-09,0.08049496877938508
2016-09-12,0.2883117079734802
2016-09-13,-0.11173085570335388
2016-09-14,0.08049334585666656
2016-09-15,-0.08055680990219116
2016-09-16,0.02771154846996069
2016-09-19,-0.05881908312439919
2016-09-20,-0.41685147285461427
2016-09-21,0.22603972852230073
2016-09-22,0.21157222390174865
2016-09-23,-0.32208165191113947
2016-09-26,0.32700630724430085
2016-09-27,0.017665109783411025
2016-09-28,-0.33076422810554507
2016-09-29,0.026851213723421096
2016-09-30,-0.014673479553312063
2016-10-03,-0.06611861661076546
2016-10-04,0.09354654476046562
2016-10-05,-0.11177413370460272
2016-10-06,-0.014585349336266517
2016-10-07,-0.1856527492403984
2016-10-10,-0.2251972958445549
2016-10-11,0.032744812592864034
2016-10-12,-0.00825488567352295
2016-10-13,0.28079801946878435
2016-10-14,-0.3383471131324768
2016-10-17,0.6066269397735595
2016-10-18,0.24459033012390136
2016-10-19,-0.023025991022586824
2016-10-20,-0.13346015214920043
2016-10-21,-0.3172175407409668
2016-10-24,0.13357148468494415
2016-10-25,-0.08369466364383697
2016-10-26,0.12033830732107162
2016-10-27,0.24582303315401077
2016-10-28,-0.1429218750447035
2016-10-31,-0.28366180658340456
2016-11-01,0.06725118160247803
2016-11-02,0.14051711782813073
2016-11-03,-0.05803084522485733
2016-11-04,-0.32783563286066053
2016-11-07,-0.2199336051940918
2016-11-08,-0.047947874665260314
2016-11-09,-0.05794234275817871
2016-11-10,0.035026475042104724
2016-11-11,-0.08983349315822124
2016-11-14,0.15117776598781346
2016-11-15,0.14788476526737213
2016-11-16,-0.1528707727789879
2016-11-17,0.05493858903646469
2016-11-18,-0.06421303823590278
2016-11-21,-0.2470999538898468
2016-11-22,0.06876715868711472
2016-11-23,0.05714050978422165
2016-11-24,-0.10911044701933861
2016-11-25,0.03961613401770592
2016-11-28,0.326275622844696
2016-11-29,-0.3875075213611126
2016-11-30,-0.014102239534258843
2016-12-01,0.08333931192755699
2016-12-02,-0.03193993456661701
2016-12-05,-0.0704631969332695
2016-12-06,-0.246559234848246
2016-12-07,0.15874457955360413
2016-12-08,0.15328203290700912
2016-12-09,0.0668891791254282
2016-12-12,-0.10395204275846481
2016-12-13,0.025618281960487366
2016-12-14,0.22887629568576812
2016-12-15,-0.06805542409420014
2016-12-16,0.0610289178788662
2016-12-19,0.3555759906768799
2016-12-20,0.5801898956298828
2016-12-21,0.14081256091594696
2016-12-22,-0.11395818069577217
2016-12-23,0.26948134899139403
2016-12-26,0.03525551036000252
2016-12-27,-0.36451435685157774
2016-12-28,-0.11713138371706008
2016-12-29,-0.14790642410516738
2016-12-30,0.28239619433879853
2017-01-02,0.25099163949489595
2017-01-03,0.08646180927753448
2017-01-04,0.2889294996857643
2017-01-05,0.19048012495040895
2017-01-06,-0.2934890687465668
2017-01-09,0.010595210641622544
2017-01-10,0.5383077919483185
2017-01-11,-0.2856049329042435
2017-01-12,-0.2787538170814514
2017-01-13,0.21866969615221024
2017-01-16,0.04713054522871971
2017-01-17,-0.0685193408280611
2017-01-18,-0.05236764140427112
2017-01-19,0.39435104578733443
2017-01-20,0.1290961779654026
2017-01-23,0.04852755181491375
2017-01-24,0.26781856615561994
2017-01-25,0.3385500073432922
2017-01-26,-0.029501406848430632
2017-01-27,-0.15567410588264466
2017-01-30,0.035990530252456666
2017-01-31,-0.04169352203607559
2017-02-01,-0.5244122207164764
2017-02-02,0.057356278598308566
2017-02-03,0.14278701990842818
2017-02-06,0.22039920687675477
2017-02-07,0.25670950412750243
2017-02-08,-0.1913035988807678
2017-02-09,0.2319853276014328
2017-02-10,-0.20216243863105773
2017-02-13,-0.052113784849643706
2017-02-14,0.32773745954036715
2017-02-15,0.2116994857788086
2017-02-16,-0.13287058398127555
2017-02-17,0.12300514355301857
2017-02-20,0.34816588163375856
2017-02-21,-0.06338505446910858
2017-02-22,0.11464601904153823
2017-02-23,0.20982300937175752
2017-02-24,-0.1458486348390579
2017-02-27,-0.20825676023960113
2017-02-28,-0.03707436509430408
2017-03-01,0.13722979426383972
2017-03-02,-0.05774053037166595
2017-03-03,0.13291318118572235
2017-03-06,0.021878601610660554
2017-03-07,-0.005526310950517655
2017-03-08,0.012557755783200264
2017-03-09,0.28445001170039175
2017-03-10,0.11847248747944832
2017-03-13,0.338879132270813
2017-03-14,-0.571252191066742
2017-03-15,0.1991550862789154
2017-03-16,-0.18498938977718354
2017-03-17,-0.4564018458127975
2017-03-20,0.12452432066202164
2017-03-21,-0.4326279491186142
2017-03-22,-0.3308982789516449
2017-03-23,0.14411736456677318
2017-03-24,-0.40081066489219663
2017-03-27,-0.10291104912757873
2017-03-28,-0.13513821549713612
2017-03-29,0.1452420487999916
2017-03-30,0.21730820834636688
2017-03-31,0.1643646016716957
2017-04-03,-0.29582713842391967
2017-04-04,0.034338283259421586
2017-04-05,0.04656626880168915
2017-04-06,-0.4295708775520325
2017-04-07,0.332536780834198
2017-04-10,-0.15424290150403977
2017-04-11,0.2087155282497406
2017-04-12,-0.12398641090840101
2017-04-13,0.05679623559117317
2017-04-14,0.13761336356401443
2017-04-17,0.3161095708608627
2017-04-18,-0.3065811455249786
2017-04-19,0.172240974009037
2017-04-20,0.3446060001850128
2017-04-21,-0.09455029414966702
2017-04-24,0.44589307308197024
2017-04-25,0.32191944122314453
2017-04-26,0.22609941214323043
2017-04-27,0.22177451550960542
2017-04-28,-0.07536970973014831
2017-05-01,-0.012920188345015049
2017-05-02,0.04761605821549893
2017-05-03,-0.08537764772772789
2017-05-04,0.25069913268089294
2017-05-05,0.23637747764587402
2017-05-08,0.1269419640302658
2017-05-09,0.5311191022396088
2017-05-10,0.17377770096063613
2017-05-11,-0.18222794234752654
2017-05-12,-0.3948430299758911
2017-05-15,-0.2941052317619324
2017-05-16,-0.01615907761733979
2017-05-17,-0.04000164926983416
2017-05-18,0.01861598528921604
2017-05-19,0.15959703996777536
2017-05-22,0.005746288131922484
2017-05-23,-0.16218094229698182
2017-05-24,0.2568303495645523
2017-05-25,0.30775213688611985
2017-05-26,-0.09920931458473206
2017-05-29,0.555688488483429
2017-05-30,0.15549874007701875
2017-05-31,-0.20838050693273544
2017-06-01,-0.4014849990606308
2017-06-02,-0.3359110563993454
2017-06-05,0.1331405932083726
2017-06-06,-0.3937757506966591
2017-06-07,-0.060455577075481416
2017-06-08,-0.07650978863239288
2017-06-09,0.06821653563529254
2017-06-12,-0.037849894165992735
2017-06-13,-0.040490936301648614
2017-06-14,-0.09552280753850936
2017-06-15,-0.04213857054710388
2017-06-16,-0.01580975279211998
2017-06-19,-0.06910430192947388
2017-06-20,0.007775532454252243
2017-06-21,0.005972166731953621
2017-06-22,-0.028672095388174057
2017-06-23,-0.03207696070894599
2017-06-26,0.19595654904842377
2017-06-27,-0.23823431581258775
2017-06-28,-0.42510187029838564
2017-06-29,-0.20611658692359924
2017-06-30,0.20171776600182056
2017-07-03,0.06157710254192352
2017-07-04,0.5409499406814575
2017-07-05,-0.25787186026573183
2017-07-06,-0.3639457881450653
2017-07-07,0.010637040436267852
2017-07-10,0.020521476119756698
2017-07-11,0.2570434227585793
2017-07-12,0.015393245220184325
2017-07-13,0.22389885783195496
2017-07-14,-0.04805329442024231
2017-07-17,0.27679648995399475
2017-07-18,-0.8406906247138977
2017-07-19,0.05490231290459633
2017-07-20,0.14121741354465484
2017-07-21,0.2506889522075653
2017-07-24,-0.3684471398591995
2017-07-25,0.01895237751305103
2017-07-26,-0.16126419082283974
2017-07-27,0.19645159542560578
2017-07-28,0.5376302361488342
2017-07-31,0.09800982475280762
2017-08-01,-0.24501867592334747
2017-08-02,-0.04357991684228182
2017-08-03,-0.056793809786904605
2017-08-04,0.41832545548677447
2017-08-07,-0.050793936010450125
2017-08-08,-0.3653463304042816
2017-08-09,-0.2057701677083969
2017-08-10,0.12622673080768437
2017-08-11,0.21906644403934478
2017-08-14,0.20847444832324982
2017-08-15,0.8000709295272828
2017-08-16,0.2717399448156357
2017-08-17,-0.18482868373394012
2017-08-18,-0.2934641927480698
2017-08-21,0.21413586735725404
2017-08-22,-0.08459860980510711
2017-08-23,-0.12851566262543201
2017-08-24,-0.24716606438159944
2017-08-25,-0.022583484649658203
2017-08-28,-0.2980536222457886
2017-08-29,0.6457365930080414
2017-08-30,0.1324530966579914
2017-08-31,0.024347592145204544
2017-09-01,0.31073454320430755
2017-09-04,-0.02493674270808697
2017-09-05,0.07659176662564278
2017-09-06,-0.2048884466290474
2017-09-07,0.010106994211673737
2017-09-08,0.014374257996678352
2017-09-11,0.7322575569152832
2017-09-12,0.0526586964726448
2017-09-13,0.1523372545838356
2017-09-14,0.3301335692405701
2017-09-15,-0.3460839092731476
2017-09-18,-0.03530077114701271
2017-09-19,0.3288000822067261
2017-09-20,0.12124089747667313
2017-09-21,-0.3260911077260971
2017-09-22,-0.02836606898345053
2017-09-25,-0.1309626132249832
2017-09-26,-0.2551319867372513
2017-09-27,0.1361842542886734
2017-09-28,-0.6741706639528274
2017-09-29,0.4254715621471405
2017-10-02,-0.08192568942904473
2017-10-03,0.3184335708618164
2017-10-04,0.16421039626002312
2017-10-05,0.5967864573001862
2017-10-06,-0.43362014591693876
2017-10-09,-0.034318116633221506
2017-10-10,0.37844268083572385
2017-10-11,0.21143603324890137
2017-10-12,0.009754930436611176
2017-10-13,-0.5105882108211517
2017-10-16,-0.348179367184639
2017-10-17,0.3901911020278931
2017-10-18,-0.5761739432811737
2017-10-19,-0.24056995585560798
2017-10-20,0.20359286069869995
2017-10-23,-0.01522141471505165
2017-10-24,-0.060775256156921385
2017-10-25,0.41621699929237366
2017-10-26,0.10849580317735671
2017-10-27,0.05497650969773531
2017-10-30,-0.07037999127060175
2017-10-31,0.26222297847270964
2017-11-01,0.3476807773113251
2017-11-02,-0.2104834571480751
2017-11-03,-0.10316427350044251
2017-11-06,0.3347273528575897
2017-11-07,0.20466743381693958
2017-11-08,0.19917576313018798
2017-11-09,0.20236587524414062
2017-11-10,0.07758545055985451
2017-11-13,-0.10985979959368705
2017-11-14,-0.003803981840610504
2017-11-15,0.04103807806968689
2017-11-16,0.09977687299251556
2017-11-17,0.5134609282016754
2017-11-20,0.05363596826791763
2017-11-21,-0.13869069665670394
2017-11-22,-0.25321162641048434
2017-11-23,0.40551267862319945
2017-11-24,-0.21136615821160376
2017-11-27,0.8122528433799744
2017-11-28,0.052544111758470534
2017-11-29,0.29752749502658843
2017-11-30,-0.14488493800163268
2017-12-01,-0.08803675174713135
2017-12-04,0.0515587855130434
2017-12-05,-0.10455846823751927
2017-12-06,-0.3428961575031281
2017-12-07,0.37138175666332246
2017-12-08,-0.22361862063407897
2017-12-11,-0.12887019217014312
2017-12-12,-0.36700921654701235
2017-12-13,-0.041008349508047104
2017-12-14,0.27740093469619753
2017-12-15,-0.06462377607822418
2017-12-18,-0.012092698365449905
2017-12-19,0.13599685505032538
2017-12-20,0.14365220963954925
2017-12-21,0.11484911590814591
2017-12-22,-0.0038748164661228657
2017-12-25,0.16870260192081332
2017-12-26,-0.10751815512776375
2017-12-27,0.2817228376865387
2017-12-28,-0.4443807780742645
2017-12-29,0.3700565993785858
2018-01-01,0.5496135383844376
2018-01-02,0.21050376892089845
2018-01-03,0.06286441534757614
2018-01-04,0.31441300809383393
2018-01-05,0.2296576514840126
2018-01-08,0.25877779722213745
2018-01-09,-0.020286771655082702
2018-01-10,0.19688934683799744
2018-01-11,0.4354280591011047
2018-01-12,-0.11006216704845428
2018-01-15,0.04065010249614716
2018-01-16,0.07265094108879566
2018-01-17,0.06421930715441704
2018-01-18,0.343235981464386
2018-01-19,0.26996402740478515
2018-01-22,-0.19273003041744233
2018-01-23,0.2635588765144348
2018-01-24,0.013602463155984878
2018-01-25,0.07532919012010098
2018-01-26,0.22730531692504882
2018-01-29,0.009810208342969418
2018-01-30,-0.18562062978744506
2018-01-31,-0.040172483585774896
2018-02-01,-0.15204848498106002
2018-02-02,-0.3366919010877609
2018-02-05,-0.6228159904479981
2018-02-06,-0.0182204309021472
2018-02-07,-0.08065072000026703
2018-02-08,-0.013680189847946167
2018-02-09,-0.029466097056865693
2018-02-12,-0.09045257195830345
2018-02-13,-0.2941436767578125
2018-02-14,0.15437448918819427
2018-02-15,0.12561411410570145
2018-02-16,-0.3899381697177887
2018-02-19,-0.18180729448795319
2018-02-20,-0.24898374676704407
2018-02-21,0.09367797672748565
2018-02-22,-0.40263029336929324
2018-02-23,-0.2798787750303745
2018-02-26,-0.09864735789597034
2018-02-27,-0.011286666989326477
2018-02-28,-0.48115973472595214
2018-03-01,0.14230222553014754
2018-03-02,-0.6796388566493988
2018-03-05,-0.1418367125093937
2018-03-06,-0.20248053558170795
2018-03-07,-0.23198874294757843
2018-03-08,-0.1170645035803318
2018-03-09,-0.3424648821353912
2018-03-12,-0.07216490656137467
2018-03-13,-0.06685770004987716
2018-03-14,-0.2905866503715515
2018-03-15,-0.5173571765422821
2018-03-16,0.024158811569213866
2018-03-19,-0.5196826934814454
2018-03-20,-0.06860115081071853
2018-03-21,-0.02857519215904176
2018-03-22,0.21306763712782412
2018-03-23,-0.08917482867836952
2018-03-26,0.11999760866165161
2018-03-27,0.06747554242610931
2018-03-28,-0.39434475898742677
2018-03-29,-0.40746614933013914
2018-03-30,0.19352675080299378
2018-04-02,-0.25532922297716143
2018-04-03,0.07989201843738555
2018-04-04,0.19591244868934155
2018-04-05,0.3090543508529663
2018-04-06,-0.2569464802742004
2018-04-09,-0.06274774484336376
2018-04-10,-0.160092855989933
2018-04-11,-0.5158966660499573
2018-04-12,-0.35205464959144595
2018-04-13,-0.15670161545276642
2018-04-16,0.02826655493117869
2018-04-17,-0.26199134774506094
2018-04-18,-0.3925157368183136
2018-04-19,0.01121717132627964
2018-04-20,-0.6613086044788361
2018-04-23,0.008505589514970779
2018-04-24,-0.15729040205478667
2018-04-25,0.007637505233287811
2018-04-26,0.07440930604934692
2018-04-27,-0.391094034910202
2018-04-30,-0.385691773891449
2018-05-01,-0.0908385917544365
2018-05-02,-0.14760634675621986
2018-05-03,-0.02574342004954815
2018-05-04,0.21415670216083527
2018-05-07,-0.17062278389930724
2018-05-08,0.19925429821014404
2018-05-09,0.1928819753229618
2018-05-10,-0.1016048826277256
2018-05-11,0.12329613501206041
2018-05-14,0.05223611630499363
2018-05-15,-0.3923966646194458
2018-05-16,-0.06467926977202296
2018-05-17,0.03900186792016029
2018-05-18,0.3386457324028015
2018-05-21,-0.11786112613044679
2018-05-22,-0.05417250543832779
2018-05-23,-0.246470308303833
2018-05-24,0.22803737819194794
2018-05-25,0.5950728356838226
2018-05-28,0.8727967500686645
2018-05-29,-0.2246791511774063
2018-05-30,-0.6085474729537964
2018-05-31,-0.7587496280670166
2018-06-01,-0.009855804406106472
2018-06-04,-0.001273617148399353
2018-06-05,0.11297731399536133
2018-06-06,0.0025204211473464967
2018-06-07,0.24454841166734695
2018-06-08,-0.15722849369049072
2018-06-11,-0.10381520912051201
2018-06-12,-0.16240409165620803
2018-06-13,0.3475874841213226
2018-06-14,0.04332609996199608
2018-06-15,-0.30146114230155946
2018-06-18,-0.028742352873086928
2018-06-19,-0.4743946135044098
2018-06-20,0.15243155271746217
2018-06-21,-0.005547098070383072
2018-06-22,-0.015026295185089111
2018-06-25,-0.25272453427314756
2018-06-26,-0.044126088917255404
2018-06-27,0.38820633068680765
2018-06-28,0.05180226247757673
2018-06-29,-0.05830827951431274
2018-07-02,-0.001852380484342575
2018-07-03,0.15117407403886318
2018-07-04,0.28968037366867067
2018-07-05,0.4080988436937332
2018-07-06,0.10447022020816803
2018-07-09,-0.08190024569630623
2018-07-10,0.060019131004810336
2018-07-11,-0.733968585729599
2018-07-12,-0.17483459413051605
2018-07-13,0.2228836316615343
2018-07-16,0.06196713745594025
2018-07-17,-0.09494352787733078
2018-07-18,-0.03127332357689738
2018-07-19,0.3600919544696808
2018-07-20,-0.009039693512022495
2018-07-23,0.22918471544981003
2018-07-24,-0.4233512610197067
2018-07-25,-0.10838444232940674
2018-07-26,0.1071199182420969
2018-07-27,0.12276375591754914
2018-07-30,0.10982092022895813
2018-07-31,0.046665428392589095
2018-08-01,-0.058818407356739044
2018-08-02,0.0763375572860241
2018-08-03,0.7388507604599
2018-08-06,-0.110521952342242
2018-08-07,-0.13491590470075607
2018-08-08,0.17298562228679656
2018-08-09,0.1726169615983963
2018-08-10,-0.4014151066541672
2018-08-13,0.03370884247124195
2018-08-14,0.034292076528072354
2018-08-15,0.19142477810382844
2018-08-16,0.056733880937099454
2018-08-17,-0.20195051282644272
2018-08-20,-0.18547705113887786
2018-08-21,-0.040245743840932845
2018-08-22,-0.07833251357078552
2018-08-23,0.04130416214466095
2018-08-24,-0.054102128557860854
2018-08-27,-0.06975291296839714
2018-08-28,0.022504425048828124
2018-08-29,-0.29511521458625795
2018-08-30,0.05448844060301781
2018-08-31,-0.015514450520277024
2018-09-03,-0.40595523715019227
2018-09-04,-0.14385494589805603
2018-09-05,-0.20372974425554274
2018-09-06,0.353641477227211
2018-09-07,0.173647141456604
2018-09-10,0.26258101761341096
2018-09-11,-0.25883265435695646
2018-09-12,-0.05556625351309776
2018-09-13,0.4100065290927887
2018-09-14,-0.5665201365947723
2018-09-17,0.22706522345542907
2018-09-18,-0.6796253591775894
2018-09-19,-0.27872425466775896
2018-09-20,-0.08051473759114743
2018-09-21,0.1819433905184269
2018-09-24,-0.7113426625728607
2018-09-25,0.06984730735421181
2018-09-26,-0.2284834310412407
2018-09-27,-0.3037881702184677
2018-09-28,0.004674215614795685
2018-10-01,0.017626821890007704
2018-10-02,0.5132626563310623
2018-10-03,-0.1546372205018997
2018-10-04,0.20860033929347993
2018-10-05,-0.21658933758735657
2018-10-08,-0.30366023555397986
2018-10-09,-0.09472619481384754
2018-10-10,-0.17351653575897216
2018-10-11,-0.046886489354074
2018-10-12,-0.4631199538707733
2018-10-15,-0.24600377753376962
2018-10-16,-0.28726096749305724
2018-10-17,-0.30685555636882783
2018-10-18,-0.014188571274280548
2018-10-19,-0.4408397406339645
2018-10-22,-0.05909658782184124
2018-10-23,0.15783746875822544
2018-10-24,-0.04297005608677864
2018-10-25,-0.30974556803703307
2018-10-26,0.21137889623641967
2018-10-29,-0.1661943554878235
2018-10-30,-0.1262264061719179
2018-10-31,0.05521716587245464
2018-11-01,-0.24160609543323516
2018-11-02,-0.008360014110803605
2018-11-05,-0.025082626566290855
2018-11-06,0.06116525009274483
2018-11-07,-0.022058194130659105
2018-11-08,0.20415562391281128
2018-11-09,0.37252282798290254
2018-11-12,-0.3175231724977493
2018-11-13,-0.41918027997016905
2018-11-14,-0.12846072800457478
2018-11-15,-0.25393729135394094
2018-11-16,0.14647503197193146
2018-11-19,-0.33159361481666566
2018-11-20,-0.1230967566370964
2018-11-21,-0.1967701196670532
2018-11-22,0.33242934942245483
2018-11-23,-0.058797560445964334
2018-11-26,-0.05650862008333206
2018-11-27,0.056315126828849316
2018-11-28,0.057076402567327024
2018-11-29,-0.2789276331663132
2018-11-30,-0.13450472950935363
2018-12-03,-0.03856880292296409
2018-12-04,0.035348570346832274
2018-12-05,-0.23656356930732728
2018-12-06,0.03172346726059914
2018-12-07,-0.035067588090896606
2018-12-10,0.24329084753990174
2018-12-11,0.0689700117567554
2018-12-12,0.17091306447982788
2018-12-13,0.025477830693125723
2018-12-14,-0.4287555247545242
2018-12-17,-0.25261877477169037
2018-12-18,-0.3047460734844208
2018-12-19,0.024476104835048317
2018-12-20,-0.1576167657971382
2018-12-21,-0.1233269065618515
2018-12-24,0.19398927744477987
2018-12-25,-0.4456411600112915
2018-12-26,-0.2298087328672409
2018-12-27,-0.21358376145362853
2018-12-28,-0.39896349906921386
2018-12-31,-0.44373188614845277
2019-01-01,-0.11956955790519715
2019-01-02,-0.1124247674830258
2019-01-03,0.0549233503639698
2019-01-04,-0.3979482531547546
2019-01-07,0.0061062037944793705
2019-01-08,-0.21006690561771393
2019-01-09,-0.1619897350668907
2019-01-10,0.20844260454177857
2019-01-11,0.3679498016834259
2019-01-14,-0.12299432158470154
2019-01-15,-0.677780294418335
2019-01-16,0.3321246325969696
2019-01-17,0.1499231353402138
2019-01-18,0.38344223201274874
2019-01-21,-0.18457581251859664
2019-01-22,0.26889254450798034
2019-01-23,0.23570982366800308
2019-01-24,-0.5939224243164063
2019-01-25,0.15288720577955245
2019-01-28,0.14028345420956612
2019-01-29,0.2172786921262741
2019-01-30,-0.1374342232942581
2019-01-31,-0.08095985427498817
2019-02-01,-0.11974190697073936
2019-02-04,-0.4030718684196472
2019-02-05,0.05026525594294071
2019-02-06,-0.19686678275465966
2019-02-07,0.3329896092414856
2019-02-08,-0.14739138782024383
2019-02-11,0.4478399634361267
2019-02-12,0.20225225640460848
2019-02-13,-0.02026825468055904
2019-02-14,0.005365924071520567
2019-02-15,-0.11419716477394104
2019-02-18,-0.5689324975013733
2019-02-19,0.027862175554037093
2019-02-20,0.11996377408504486
2019-02-21,0.1877696171402931
2019-02-22,0.5952911674976349
2019-02-25,0.3070962781086564
2019-02-26,-0.035251230001449585
2019-02-27,-0.09220526814460754
2019-02-28,0.07721344828605652
2019-03-01,0.1659232959151268
2019-03-04,0.13111186772584915
2019-03-05,-0.21918096840381623
2019-03-06,0.3343486666679382
2019-03-07,0.017439623107202352
2019-03-08,0.016704152524471282
2019-03-11,0.27970172464847565
2019-03-12,-0.19076291620731353
2019-03-13,0.3668953500688076
2019-03-14,0.24753695130348205
2019-03-15,-0.1990419864654541
2019-03-18,-0.32820674777030945
2019-03-19,-0.44556713104248047
2019-03-20,-0.19628826379776002
2019-03-21,0.4133353531360626
2019-03-22,-0.6858998000621795
2019-03-25,0.04953017383813858
2019-03-26,-0.007255515456199646
2019-03-27,-0.01290166974067688
2019-03-28,0.06495617032051086
2019-03-29,-0.04997395537793636
2019-04-01,0.17085052281618118
2019-04-02,-0.46042421609163287
2019-04-03,-0.07642655391246081
2019-04-04,-0.03375126495957374
2019-04-05,0.18305256813764573
2019-04-08,0.05455723106861114
2019-04-09,-0.44538375437259675
2019-04-10,-0.13879021406173705
2019-04-11,0.30847093313932417
2019-04-12,-0.2839560151100159
2019-04-15,-0.9429338693618774
2019-04-16,-0.007252116035670042
2019-04-17,0.1651905208826065
2019-04-18,-0.0008711516857147217
2019-04-19,0.9276809692382812
2019-04-22,0.5547529757022858
2019-04-23,0.04573685377836227
2019-04-24,0.4160175621509552
2019-04-25,-0.2976049229502678
2019-04-26,-0.06898419037461281
2019-04-29,-0.21837229728698732
2019-04-30,-0.010631113499403
2019-05-01,-0.3816711664199829
2019-05-02,0.20840418040752412
2019-05-03,-0.6530520915985107
2019-05-06,0.005966988205909729
2019-05-07,0.11591850221157074
2019-05-08,-0.4417343080043793
2019-05-09,-0.08827144652605057
2019-05-10,-0.1238114406587556
2019-05-13,0.10572943538427353
2019-05-14,0.25974553525447847
2019-05-15,-0.2709930598735809
2019-05-16,-0.22258513011038303
2019-05-17,-0.12075225934386254
2019-05-20,-0.18618978708982467
2019-05-21,-0.2195957839488983
2019-05-22,-0.1745386838912964
2019-05-23,-0.27169092297554015
2019-05-24,0.28824110329151154
2019-05-27,-0.06737501919269562
2019-05-28,-0.1992848575115204
2019-05-29,0.15766846686601638
2019-05-30,-0.41606044173240664
2019-05-31,0.30697982758283615
2019-06-03,-0.04390265941619873
2019-06-04,0.213751856982708
2019-06-05,-0.02543116956949234
2019-06-06,-0.3124783277511597
2019-06-07,-0.2899802178144455
2019-06-10,-0.20137736648321153
2019-06-11,0.20561830699443817
2019-06-12,0.20809453800320626
2019-06-13,-0.07145859450101852
2019-06-14,0.0278745349496603
2019-06-17,-0.006187201663851738
2019-06-18,-0.011114462092518807
2019-06-19,-0.29784547686576845
2019-06-20,0.4312120318412781
2019-06-21,0.14647015929222107
2019-06-24,0.12749526500701905
2019-06-25,-0.10276408791542054
2019-06-26,-0.35569295287132263
2019-06-27,-0.8879038333892822
2019-06-28,-0.17901344895362853
2019-07-01,0.08348323553800582
2019-07-02,0.48423404693603517
2019-07-03,0.4287126839160919
2019-07-04,0.060963010787963866
2019-07-05,-0.7675388216972351
2019-07-08,0.051459926273673774
2019-07-09,0.10484206676483154
2019-07-10,-0.30765533447265625
2019-07-11,0.19809524118900299
2019-07-12,0.39293097257614135
2019-07-15,-0.03579861298203468
2019-07-16,0.5705938577651978
2019-07-17,-0.08534226715564727
2019-07-18,-0.11542993783950806
2019-07-19,-0.10038766339421272
2019-07-22,-0.301360085606575
2019-07-23,0.11187082417309284
2019-07-24,-0.14729850785806775
2019-07-25,0.6040275156497955
2019-07-26,0.3228917956352234
2019-07-29,-0.028320255875587463
2019-07-30,-0.24568984508514405
2019-07-31,0.14365537613630294
2019-08-01,-0.07700370065867901
2019-08-02,-0.6743383206427097
2019-08-05,-0.024042491614818574
2019-08-06,0.25909538716077807
2019-08-07,-0.07501356517896056
2019-08-08,0.08259568586945534
2019-08-09,-0.3809012174606323
2019-08-12,-0.3131752748042345
2019-08-13,0.4737775266170502
2019-08-14,-0.16753688901662828
2019-08-15,-0.4415306359529495
2019-08-16,-0.08495061695575715
2019-08-19,0.011080210283398628
2019-08-20,0.01547716222703457
2019-08-21,0.16371302008628846
2019-08-22,-0.6517731726169587
2019-08-23,0.14625704064965248
2019-08-26,-0.048514533787965775
2019-08-27,0.09219443541951478
2019-08-28,0.05509667322039604
2019-08-29,0.557043606042862
2019-08-30,-0.2464154213666916
2019-09-02,-0.0782820962369442
2019-09-03,0.038051333650946616
2019-09-04,-0.1968942552804947
2019-09-05,0.03152761422097683
2019-09-06,0.10040684193372726
2019-09-09,-0.20794218592345715
2019-09-10,0.29288968443870544
2019-09-11,0.14922515898942948
2019-09-12,-0.07918141186237335
2019-09-13,-0.3938521798700094
2019-09-16,0.09929859973490238
2019-09-17,-0.20412024855613708
2019-09-18,-0.02165254093706608
2019-09-19,-0.04213340703863651
2019-09-20,-0.03346669152379036
2019-09-23,0.18073205053806304
2019-09-24,-0.19371618032455445
2019-09-25,-0.17152921855449677
2019-09-26,-0.04844430834054947
2019-09-27,0.12328887972980737
2019-09-30,-0.30182130336761476
2019-10-01,-0.2570639356970787
2019-10-02,-0.3854538142681122
2019-10-03,-0.09339200742542744
2019-10-04,-0.28762608021497726
2019-10-07,-0.20060920268297194
2019-10-08,0.1394956238567829
2019-10-09,0.25214086286723614
2019-10-10,-0.0030204448848962784
2019-10-11,0.07437527887523174
2019-10-14,-0.028100619465112685
2019-10-15,-0.3177710473537445
2019-10-16,-0.17343372777104377
2019-10-17,0.050591885857284066
2019-10-18,0.07232839167118073
2019-10-21,-0.08093173876404762
2019-10-22,-0.12456056773662567
2019-10-23,-0.4758531153202057
2019-10-24,-0.47888216376304626
2019-10-25,0.22611966095864772
2019-10-28,-0.028760233893990517
2019-10-29,0.2958874925971031
2019-10-30,0.3020814314484596
2019-10-31,0.2487071394920349
2019-11-01,-0.22336347661912442
2019-11-04,-0.2287355914711952
2019-11-05,-0.29744124710559844
2019-11-06,0.197055321931839
2019-11-07,-0.05528351813554764
2019-11-08,-0.3013446629047394
2019-11-11,-0.008677292917855083
2019-11-12,-0.07353790160268545
2019-11-13,-0.2686262995004654
2019-11-14,-0.053787267208099364
2019-11-15,0.29300314784049986
2019-11-18,0.031684853881597516
2019-11-19,-0.2989960201084614
2019-11-20,-0.17752353698015214
2019-11-21,-0.30445061922073363
2019-11-22,-0.0812031865119934
2019-11-25,0.22363832592964172
2019-11-26,0.025261490349657835
2019-11-27,-0.0008226929232478142
2019-11-28,0.35055564641952514
2019-11-29,0.1526857025921345
2019-12-02,-0.03209584876894951
2019-12-03,0.004495034553110599
2019-12-04,0.07446084320545196
2019-12-05,-0.04307200633920729
2019-12-06,0.18578277826309203
2019-12-09,0.1748538076877594
2019-12-10,-0.05784932151436806
2019-12-11,-0.1462602898478508
2019-12-12,-0.35408373177051544
2019-12-13,0.10056518279016018
2019-12-16,-0.00514693483710289
2019-12-17,-0.08268762975931168
2019-12-18,0.017146075144410133
2019-12-19,0.2020333528518677
2019-12-20,0.358746263384819
2019-12-23,0.08595331311225891
2019-12-24,-0.14779811203479767
2019-12-25,-0.6745559573173523
2019-12-26,0.17685962617397308
2019-12-27,0.14555855169892312
2019-12-30,0.0033481370657682417
2019-12-31,0.21212691366672515
2020-01-01,0.5258051306009293
2020-01-02,0.013148046843707562
2020-01-03,0.11712441742420196
2020-01-06,0.07390800267457961
2020-01-07,-0.280268307775259
2020-01-08,0.09591964557766915
2020-01-09,-0.08549229204654693
2020-01-10,0.1488337591290474
2020-01-13,-0.18880257681012153
2020-01-14,0.038409441243857145
2020-01-15,-0.13340859599411486
2020-01-16,0.10240264814347029
2020-01-17,0.2580625355243683
2020-01-20,0.060928885638713834
2020-01-21,0.07371070999652148
2020-01-22,-0.5200053580105305
2020-01-23,0.05616733133792877
2020-01-24,0.08552942797541618
2020-01-27,-0.004166902601718902
2020-01-28,0.1231679454445839
2020-01-29,0.18775501251220703
2020-01-30,-0.3035150445997715
2020-01-31,-0.13002863004803658
2020-02-03,0.3082367300987244
2020-02-04,-0.313990318775177
2020-02-05,0.1065517047420144
2020-02-06,-0.2598043750971556
2020-02-07,-0.13843999579548835
2020-02-10,-0.11635041236877441
2020-02-11,-0.32154507637023927
2020-02-12,0.004684356227517128
2020-02-13,0.011807921435683965
2020-02-14,0.2576031506061554
2020-02-17,0.3080127120018005
2020-02-18,-0.06087304651737213
2020-02-19,-0.16237881779670715
2020-02-20,-0.11634175553917885
2020-02-21,0.19658913016319274
2020-02-24,-0.3134598359465599
2020-02-25,-0.20822117961943148
2020-02-26,-0.14941732138395308
2020-02-27,-0.3702802896499634
2020-02-28,-0.2201296180486679
2020-03-02,-0.2131061315536499
2020-03-03,0.2872446835041046
2020-03-04,0.19571878910064697
2020-03-05,-0.17937022298574448
2020-03-06,-0.21092392206192018
2020-03-09,-0.35403222441673277
2020-03-10,-0.06874578446149826
2020-03-11,-0.20411381423473357
2020-03-12,-0.38572363555431366
2020-03-13,-0.0582568246871233
2020-03-16,-0.5424640417098999
2020-03-17,-0.37424621284008025
2020-03-18,-0.3362692594528198
2020-03-19,-0.16868397891521453
2020-03-20,-0.46633474826812743
2020-03-23,-0.36004145443439484
2020-03-24,-0.23236380219459535
2020-03-25,-0.2518217235803604
2020-03-26,-0.2792724475264549
2020-03-27,-0.10435654029715806
2020-03-30,-0.6727271437644958
2020-03-31,-0.3561964988708496
2020-04-01,-0.09076501727104187
2020-04-02,-0.06511248201131821
2020-04-03,-0.3187572300434113
2020-04-06,-0.16658322811126708
2020-04-07,0.222427536547184
2020-04-08,0.009199140965938568
2020-04-09,0.04044687822461128
2020-04-10,0.006902465224266052
2020-04-13,0.06649754997342824
2020-04-14,-0.21624340415000914
2020-04-15,0.1385330878198147
2020-04-16,-0.35490073561668395
2020-04-17,-0.24898283779621125
2020-04-20,0.14555334616452456
2020-04-21,-0.016350871324539183
2020-04-22,-0.3532920554280281
2020-04-23,-0.19801681041717528
2020-04-24,-0.25163628403097393
2020-04-27,-0.23710400462150574
2020-04-28,-0.0756749901920557
2020-04-29,0.7044554650783539
2020-04-30,-0.3567544311285019
2020-05-01,0.013904144847765565
2020-05-04,-0.32823445200920104
2020-05-05,-0.10265549719333648
2020-05-06,0.36917014271020887
2020-05-07,-0.1635063871741295
2020-05-08,-0.1255095660686493
2020-05-11,0.06798768071457743
2020-05-12,0.24345739632844926
2020-05-13,0.08593539223074913
2020-05-14,-0.21535896509885788
2020-05-15,0.0770416021347046
2020-05-18,-0.0978482872247696
2020-05-19,-0.5491814732551574
2020-05-20,-0.06852135099470616
2020-05-21,0.018047870695590974
2020-05-22,-0.09178750738501548
2020-05-25,-0.19603467248380185
2020-05-26,-0.05156486853957176
2020-05-27,0.03329576253890991
2020-05-28,0.027210213243961334
2020-05-29,0.3209207057952881
2020-06-01,0.10004049092531205
2020-06-02,-0.1126304805278778
2020-06-03,-0.03385661244392395
2020-06-04,0.011450949311256408
2020-06-05,0.13119610995054246
2020-06-08,0.09310349673032761
2020-06-09,-0.14032936319708825
2020-06-10,-0.4814132362604141
2020-06-11,-0.05376440584659577
2020-06-12,-0.005968382209539413
2020-06-15,-0.27870173156261446
2020-06-16,-0.07791258990764618
2020-06-17,-0.05273823887109756
2020-06-18,0.05564865842461586
2020-06-19,-0.0935506284236908
2020-06-22,0.10360355973243714
2020-06-23,0.10360355973243714
2020-06-24,-0.26221370995044707
2020-06-25,-0.14079200923442842
2020-06-26,-0.013974067568778992
2020-06-29,0.06280381307005882
2020-06-30,-0.004002554714679718
2020-07-01,0.12465575337409973
2020-07-02,0.07728401720523834
2020-07-03,0.07728401720523834
2020-07-06,-0.23261660933494568
2020-07-07,-0.23093940131366253
2020-07-08,0.14408467710018158
2020-07-09,0.22019898295402526
2020-07-10,0.08659027218818664
2020-07-13,-0.4558822691440582
2020-07-14,-0.4357300937175751
2020-07-15,0.025803131237626075
2020-07-16,0.07063842751085758
2020-07-17,0.07063842751085758
2020-07-20,0.5115227997303009
2020-07-21,0.19722349643707277
2020-07-22,-0.35903685390949247
2020-07-23,0.3633662261068821
2020-07-24,-0.07990477308630943
2020-07-27,-0.05524769276380539
2020-07-28,0.031476966291666034
2020-07-29,-0.8332276701927185
2020-07-30,0.33382927179336547
2020-07-31,-0.24184828996658325
2020-08-03,0.5844879508018493
2020-08-04,0.25982038378715516
2020-08-05,0.1914211928844452
2020-08-06,0.05217245668172836
2020-08-07,-0.1489885628223419
2020-08-10,0.028158238530158995
2020-08-11,0.22322317957878113
2020-08-12,0.4094011545181274
2020-08-13,-0.3651576042175293
2020-08-14,0.014704751968383788
2020-08-17,0.09946476258337497
2020-08-18,0.05652452223002911
2020-08-19,0.018861432373523713
2020-08-20,0.016947199776768684
2020-08-21,0.050496383011341094
2020-08-24,-0.14634644687175752
2020-08-25,-0.09588884869590401
2020-08-26,-0.28107891976833344
2020-08-27,0.04355835616588592
2020-08-28,0.12046797825023532
2020-08-31,-0.24135536104440689
2020-09-01,0.05339138805866241
2020-09-02,-0.33656027913093567
2020-09-03,-0.6461457312107086
2020-09-04,-0.11011093854904175
2020-09-07,-0.11011093854904175
2020-09-08,-0.5387732505798339
2020-09-09,-0.3080572098493576
2020-09-10,0.25366068780422213
2020-09-11,0.29733707904815676
2020-09-14,0.6448091506958008
2020-09-15,0.06723417341709137
2020-09-16,0.07620947808027267
2020-09-17,0.3132801949977875
2020-09-18,-0.18306299895048142
2020-09-21,-0.39437144696712495
2020-09-22,-0.9011074185371399
2020-09-23,-0.2607052236795425
2020-09-24,0.433409321308136
2020-09-25,-0.7394613736541942
2020-09-28,0.7888586103916169
2020-09-29,0.2754780136048794
2020-09-30,0.022615256905555724
2020-10-01,-0.05554027259349823
2020-10-02,-0.014239303767681122
2020-10-05,0.416713747382164
2020-10-06,-0.5715135335922241
2020-10-07,0.10205366909503936
2020-10-08,0.06890540421009064
2020-10-09,0.2157021850347519
2020-10-12,-0.12547543942928313
2020-10-13,-0.10162322223186493
2020-10-14,0.03764402940869331
2020-10-15,-0.07379080802202224
2020-10-16,-0.47174203842878343
2020-10-19,0.07589204013347625
2020-10-20,0.1404452756047249
2020-10-21,0.23488785624504088
2020-10-22,-0.025874558091163635
2020-10-23,-0.1039114236831665
2020-10-26,0.7175713079981506
2020-10-27,0.017727671563625334
2020-10-28,-0.34286520481109617
2020-10-29,-0.005891352891921997
2020-10-30,0.055306146293878554
2020-11-02,0.1398383103311062
2020-11-03,0.2889151096343994
2020-11-04,0.12744791954755783
2020-11-05,-0.25507570505142213
2020-11-06,0.45902139544487
2020-11-09,0.2371356248855591
2020-11-10,0.18441343009471894
2020-11-11,0.24961236715316773
2020-11-12,-0.007099473476409912
2020-11-13,0.32902068495750425
2020-11-16,0.4620597898960114
2020-11-17,0.08244999945163727
2020-11-18,0.10016715079545975
2020-11-19,-0.25226742029190063
2020-11-20,0.01245458573102951
2020-11-23,-0.05831117182970047
2020-11-24,0.3307878315448761
2020-11-25,0.08798362733796239
2020-11-26,0.08798362733796239
2020-11-27,0.44735064506530764
2020-11-30,-0.3045862503349781
2020-12-01,0.05524598807096481
2020-12-02,0.2656501024961472
2020-12-03,0.24649200662970544
2020-12-04,0.7628629118204117
2020-12-07,0.8232471823692322
2020-12-08,0.7380489483475685
2020-12-09,0.6576852172613143
2020-12-10,-0.2700024664402008
2020-12-11,0.07242787778377532
2020-12-14,0.07393468022346497
2020-12-15,0.061626027524471286
2020-12-16,0.1537527471780777
2020-12-17,0.46139526963233946
2020-12-18,0.5405893117189408
2020-12-21,0.042079280316829684
2020-12-22,-0.1615613430738449
2020-12-23,0.02334957607090473
2020-12-24,0.285182224214077
2020-12-25,0.285182224214077
2020-12-28,-0.6815723001956939
2020-12-29,0.19641354084014892
2020-12-30,0.7249108493328095
2020-12-31,0.7249108493328095
2021-01-01,0.7249108493328095
2021-01-04,-0.18879576921463012
2021-01-05,-0.28010631501674654
2021-01-06,-0.4970634184777737
2021-01-07,0.011740364879369736
2021-01-08,0.02268138751387596
2021-01-11,0.005557388067245483
2021-01-12,-0.055666381120681764
2021-01-13,-0.4762922883033752
2021-01-14,0.0015846729278564454
2021-01-15,-0.07012526988983155
2021-01-18,-0.07012526988983155
2021-01-19,0.09765096753835678
2021-01-20,0.21063497364521028
2021-01-21,-0.06170417219400406
2021-01-22,-0.06170417219400406
2021-01-25,-0.3388334080576897
2021-01-26,0.024346250295639037
2021-01-27,0.05581525340676308
2021-01-28,0.00837368071079254
2021-01-29,0.22245376706123351
2021-02-01,0.4506440877914429
2021-02-02,-0.3135039836168289
2021-02-03,-0.3454106509685516
2021-02-04,0.04676176309585571
2021-02-05,-0.10872773285955191
2021-02-08,-0.021271924674510955
2021-02-09,-0.12537706568837165
2021-02-10,-0.12175390422344208
2021-02-11,0.11356317698955536
2021-02-12,0.18504866808652878
2021-02-15,0.18504866808652878
2021-02-16,0.18815477788448334
2021-02-17,0.022666828334331514
2021-02-18,-0.41540839076042174
2021-02-19,-0.3109236806631088
2021-02-22,-0.007494747638702393
2021-02-23,0.3783795237541199
2021-02-24,0.9008098840713501
2021-02-25,-0.11332470178604126
2021-02-26,0.5074746966361999
2021-03-01,0.16668868213891982
2021-03-02,0.4969179257750511
2021-03-03,0.38612196445465086
2021-03-04,-0.4116373211145401
2021-03-05,-0.1269400507211685
2021-03-08,-0.12200260907411575
2021-03-09,-0.20064031481742858
2021-03-10,-0.3839664340019226
2021-03-11,0.18723458051681519
2021-03-12,0.014425858855247498
2021-03-15,0.10420343987643718
2021-03-16,-0.3358922004699707
2021-03-17,0.22888019680976868
2021-03-18,-0.011911602690815926
2021-03-19,-0.0813321053981781
2021-03-22,-0.29291658401489257
2021-03-23,-0.11328568160533906
2021-03-24,-0.2187387079000473
2021-03-25,0.043329888582229616
2021-03-26,-0.04359494298696518
2021-03-29,0.24223245084285736
2021-03-30,-0.14622743278741837
2021-03-31,-0.052214580774307254
2021-04-01,0.35036380887031554
2021-04-02,0.35036380887031554
2021-04-05,-0.776990020275116
2021-04-06,0.034923779964447024
2021-04-07,0.08210719376802444
2021-04-08,0.02112542986869812
2021-04-09,0.11198839172720909
2021-04-12,0.07774961963295937
2021-04-13,-0.2620942786335945
2021-04-14,0.2305188775062561
2021-04-15,-0.17945726290345193
2021-04-16,0.27510211169719695
2021-04-19,-0.17555431127548218
2021-04-20,0.10841131210327148
2021-04-21,-0.24310801923274994
2021-04-22,0.4991670846939087
2021-04-23,0.03175339847803116
2021-04-26,0.8887833952903748
2021-04-27,0.17036601454019545
2021-04-28,-0.036760246753692626
2021-04-29,-0.5018541693687439
2021-04-30,0.015463418327271938
2021-05-03,0.18738486766815185
2021-05-04,-0.20346368551254274
2021-05-05,0.17544615268707275
2021-05-06,-0.048424312472343446
2021-05-07,-0.0712769627571106
2021-05-10,-0.12944619059562684
2021-05-11,-0.4544209599494934
2021-05-12,-0.1770240008831024
2021-05-13,-0.08051242977380753
2021-05-14,0.7273187816143036
2021-05-17,-0.1752280682325363
2021-05-18,-0.07630878929048776
2021-05-19,-0.02236083894968033
2021-05-20,-0.30316535830497743
2021-05-21,-0.2958463728427887
2021-05-24,0.14551202058792115
2021-05-25,0.11330872774124146
2021-05-26,-0.09705355018377304
2021-05-27,0.13333683609962463
2021-05-28,-0.055668962001800534
2021-05-31,-0.055668962001800534
2021-06-01,0.20513261258602142
2021-06-02,0.47040808796882627
2021-06-03,0.01587453931570053
2021-06-04,0.020873067528009416
2021-06-07,-0.43288485407829286
2021-06-08,0.29301910698413847
2021-06-09,0.29528231620788575
2021-06-10,0.26008257269859314
2021-06-11,0.33014421463012694
2021-06-14,0.05276582017540932
2021-06-15,-0.1343098223209381
2021-06-16,0.009427520632743835
2021-06-17,-0.3317912817001343
2021-06-18,-0.053572893142700195
2021-06-21,0.07300737351179123
2021-06-22,0.03991280496120453
2021-06-23,-0.05547831580042839
2021-06-24,0.004627407109364867
2021-06-25,-0.17027715742588043
2021-06-28,0.15125586986541747
2021-06-29,0.2868505626916885
2021-06-30,0.04442307949066162
2021-07-01,-0.32511655539274215
2021-07-02,0.1090578481554985
2021-07-05,0.1090578481554985
2021-07-06,0.809458589553833
2021-07-07,-0.13486833423376082
2021-07-08,0.6632220506668091
2021-07-09,0.4248836636543274
2021-07-12,0.1679629147052765
2021-07-13,-0.4017604738473892
2021-07-14,-0.2972700297832489
2021-07-15,-0.5514391481876373
2021-07-16,0.26203373670578
2021-07-19,-0.07916686236858368
2021-07-20,0.18893463015556336
2021-07-21,0.2948481261730194
2021-07-22,-0.2589607805013657
2021-07-23,-0.3337176889181137
2021-07-26,0.10094844102859497
2021-07-27,0.7448531508445739
2021-07-28,0.5337877631187439
2021-07-29,-0.053798621892929076
2021-07-30,0.06909219324588775
2021-08-02,-0.08980689942836761
2021-08-03,-0.029475541412830354
2021-08-04,-0.06805654019117355
2021-08-05,0.34641656279563904
2021-08-06,0.3510002940893173
2021-08-09,0.07682073712348939
2021-08-10,-0.36844316124916077
2021-08-11,-0.040480172634124754
2021-08-12,-0.040480172634124754
2021-08-13,-0.5431430011987686
2021-08-16,0.17630235403776168
2021-08-17,0.11214861450716854
2021-08-18,0.05389983505010605
2021-08-19,0.20137189328670502
2021-08-20,-0.4873053729534149
2021-08-23,-0.27435569912195207
2021-08-24,0.2150165855884552
2021-08-25,-0.2505723342299461
2021-08-26,0.037637896835803986
2021-08-27,0.05033230409026146
2021-08-30,-0.029240596294403075
2021-08-31,-0.008057354390621186
2021-09-01,-0.28225867748260497
2021-09-02,-0.5283062279224395
2021-09-03,-0.5984846353530884
2021-09-06,-0.5984846353530884
2021-09-07,-0.03014390580356121
2021-09-08,-0.04108407124876976
2021-09-09,-0.022130054235458375
2021-09-10,-0.0623313158750534
2021-09-13,0.33409753665328024
2021-09-14,-0.01622578501701355
2021-09-15,-0.13841746151447296
2021-09-16,-0.17622898072004317
2021-09-17,-0.36079466342926025
2021-09-20,-0.29328917264938353
2021-09-21,-0.6937343835830688
2021-09-22,-0.05618710219860077
2021-09-23,-0.4830562710762024
2021-09-24,-0.03486236333847046
2021-09-27,0.17957151383161546
2021-09-28,-0.02998877167701721
2021-09-29,0.07251623868942261
2021-09-30,-0.05206189006567001
2021-10-01,-0.020747943595051766
2021-10-04,-0.07897431626915932
2021-10-05,-0.264252632856369
2021-10-06,-0.26097482442855835
2021-10-07,0.20424927473068238
2021-10-08,0.022096261382102966
2021-10-11,0.39944657385349275
2021-10-12,0.05972159802913666
2021-10-13,-0.0634709894657135
2021-10-14,0.06320193968713284
2021-10-15,0.0137508325278759
2021-10-18,0.7772204160690308
2021-10-19,0.12166185975074768
2021-10-20,0.04814114421606064
2021-10-21,0.4793907403945923
2021-10-22,-0.16165631413459777
2021-10-25,0.002725340181495994
2021-10-26,-0.23083442449569702
2021-10-27,-0.12018898043315858
2021-10-28,0.06735803820192814
2021-10-29,-0.09864389672875404
2021-11-01,0.0849454814568162
2021-11-02,-0.10370815992355346
2021-11-03,0.1311739981174469
2021-11-04,0.017720210552215575
2021-11-05,0.22117769420146943
2021-11-08,-0.12078782916069031
2021-11-09,0.003988496586680412
2021-11-10,-0.4241883635520935
2021-11-11,-0.44431020095944407
2021-11-12,-0.04601058542612009
2021-11-15,-0.01942003071308136
2021-11-16,-0.27318440277595074
2021-11-17,-0.05645813370356336
2021-11-18,-0.06368489637970924
2021-11-19,-0.05664663538336754
2021-11-22,0.015165566653013229
2021-11-23,0.03767375722527504
2021-11-24,0.07037330120801925
2021-11-25,0.07037330120801925
2021-11-26,-0.12542702555656432
2021-11-29,-0.2243298828601837
2021-11-30,-0.01675012678024359
2021-12-01,-0.08862714245915412
2021-12-02,-0.204307422041893
2021-12-03,-0.3413827631622553
2021-12-06,0.10607202649116516
2021-12-07,0.2270764172077179
2021-12-08,-0.24892931282520295
2021-12-09,0.07177003473043442
2021-12-10,0.3877300675958395
2021-12-13,0.21004807949066162
2021-12-14,0.17052980959415437
2021-12-15,-0.4963971018791199
2021-12-16,0.075314000248909
2021-12-17,0.4425924479961395
2021-12-20,-0.01090567372739315
2021-12-21,0.24399206936359405
2021-12-22,0.18684268593788148
2021-12-23,0.01946479082107544
2021-12-24,0.01946479082107544
2021-12-27,-0.24814777672290803
2021-12-28,-0.041248992830514905
2021-12-29,-0.13678588047623635
2021-12-30,0.20324248522520066
2021-12-31,0.02755946069955826
2022-01-03,-0.013048321008682251
2022-01-04,0.07343958616256714
2022-01-05,0.15948873460292817
2022-01-06,-0.2263203591108322
2022-01-07,-0.23944549560546874
2022-01-10,-0.11006757020950317
2022-01-11,-0.1144712908193469
2022-01-12,0.039842209219932555
2022-01-13,0.1405432865023613
2022-01-14,0.23858233578503132
2022-01-17,0.23858233578503132
2022-01-18,-0.17668018639087676
2022-01-19,0.014461195468902588
2022-01-20,-0.42174663543701174
2022-01-21,-0.30231534540653227
2022-01-24,-0.43315882086753843
2022-01-25,-0.4109493911266327
2022-01-26,-0.16815946400165557
2022-01-27,-0.048887298442423344
2022-01-28,-0.003132358193397522
2022-01-31,-0.30794066190719604
2022-02-01,-0.2135704904794693
2022-02-02,-0.14376621842384338
2022-02-03,0.2204722970724106
2022-02-04,-0.012256095558404923
2022-02-07,0.18895803093910218
2022-02-08,-0.014840969443321228
2022-02-09,0.10224299281835555
2022-02-10,-0.01773775592446327
2022-02-11,0.0225448333658278
2022-02-14,-0.1419906049966812
2022-02-15,-0.05875071883201599
2022-02-16,-0.42874351143836975
2022-02-17,-0.34873385429382325
2022-02-18,-0.042989298701286316
2022-02-21,-0.042989298701286316
2022-02-22,-0.22980667352676393
2022-02-23,-0.21122152730822563
2022-02-24,0.05279331905767322
2022-02-25,0.31642340421676635
2022-02-28,0.3692998796701431
2022-03-01,0.24831489622592925
2022-03-02,0.04283568263053894
2022-03-03,-0.03132365569472313
2022-03-04,-0.2727994918823242
2022-03-07,-0.2073885679244995
2022-03-08,-0.20281603932380676
2022-03-09,-0.2969188928604126
2022-03-10,0.0018519327044487
2022-03-11,-0.16276269424706696
2022-03-14,-0.354908686876297
2022-03-15,0.003859010338783264
2022-03-16,0.06707308925688267
2022-03-17,0.1405459761619568
2022-03-18,-0.04602793697267771
2022-03-21,0.18307224810123443
2022-03-22,-0.3159917775541544
2022-03-23,-0.2217998743057251
2022-03-24,-0.1049485370516777
2022-03-25,0.12624747455120086
2022-03-28,-0.22442246228456497
2022-03-29,-0.02301691472530365
2022-03-30,-0.5286654591560364
2022-03-31,0.6781027317047119
2022-04-01,0.476741635799408
2022-04-04,0.12378253042697906
2022-04-05,-0.01732002969365567
2022-04-06,-0.3625483840703964
2022-04-07,0.16063901633024216
2022-04-08,0.12151583191007376
2022-04-11,0.0705340027809143
2022-04-12,0.30946630239486694
2022-04-13,0.017742953822016717
2022-04-14,0.2674733690917492
2022-04-15,0.2674733690917492
2022-04-18,-0.08959336243569851
2022-04-19,-0.07352648787200451
2022-04-20,-0.5345421612262726
2022-04-21,-0.29758740961551666
2022-04-22,-0.191404727101326
2022-04-25,0.2051841415464878
2022-04-26,-0.13805242329835893
2022-04-27,-0.09846366941928864
2022-04-28,-0.382911816239357
2022-04-29,-0.33162589371204376
2022-05-02,-0.5483220756053925
2022-05-03,0.015478366613388061
2022-05-04,-0.12486249655485153
2022-05-05,-0.1749124199151993
2022-05-06,-0.09617809355258941
2022-05-09,-0.4215297281742096
2022-05-10,-0.17131668776273729
2022-05-11,-0.5222751796245575
2022-05-12,-0.29547449946403503
2022-05-13,-0.33621214628219603
2022-05-16,-0.13257452920079232
2022-05-17,-0.24794325232505798
2022-05-18,-0.5638244926929474
2022-05-19,-0.4999124646186829
2022-05-20,-0.28867353200912477
2022-05-23,-0.017730434238910676
2022-05-24,0.2462220698595047
2022-05-25,0.05280897170305252
2022-05-26,-0.06916989386081696
2022-05-27,0.05751361548900604
2022-05-30,0.05751361548900604
2022-05-31,-0.1265818327665329
2022-06-01,0.08021821230649948
2022-06-02,-0.08782325387001037
2022-06-03,-0.09992609992623329
2022-06-06,0.35503238886594773
2022-06-07,-0.29864988327026365
2022-06-08,-0.28073137253522873
2022-06-09,0.037486135959625244
2022-06-10,-0.4407839000225067
2022-06-13,-0.14047356247901915
2022-06-14,-0.31657151579856874
2022-06-15,-0.2735045164823532
2022-06-16,-0.07729930579662322
2022-06-17,-0.2849292874336243
2022-06-20,-0.2849292874336243
2022-06-21,-0.03832970596849918
2022-06-22,-0.14821321964263917
2022-06-23,-0.25408842861652375
2022-06-24,0.16777735725045204
2022-06-27,-0.11550229489803314
2022-06-28,-0.08651049137115478
2022-06-29,-0.10764620993286371
2022-06-30,-0.34312410950660704
2022-07-01,-0.2926840364933014
2022-07-04,-0.2926840364933014
2022-07-05,0.1643434852361679
2022-07-06,0.1365594282746315
2022-07-07,0.21443987935781478
2022-07-08,-0.20318585634231567
2022-07-11,-0.17567332237958908
2022-07-12,0.3629757881164551
2022-07-13,0.07290159165859222
2022-07-14,-0.14375484883785247
2022-07-15,-0.6020529985427856
2022-07-18,0.06037144884467125
2022-07-19,-0.3304165989160538
2022-07-20,-0.263120898604393
2022-07-21,-0.02666556090116501
2022-07-22,0.17297820895910263
2022-07-25,0.3604767739772797
2022-07-26,0.05125521272420883
2022-07-27,0.14991964697837828
2022-07-28,0.3080836236476898
2022-07-29,-0.01053605042397976
2022-08-01,-0.3009074330329895
2022-08-02,0.006415858864784241
2022-08-03,-0.45231972336769105
2022-08-04,-0.15178167521953584
2022-08-05,0.020041801035404205
2022-08-08,-0.27184993028640747
2022-08-09,0.02233576402068138
2022-08-10,-0.04711925461888313
2022-08-11,-0.17379448860883712
2022-08-12,0.07007444195915014
2022-08-15,0.11922383112832904
2022-08-16,0.04383537918329239
2022-08-17,-0.2727858990430832
2022-08-18,-0.18127520084381105
2022-08-19,-0.36542782187461853
2022-08-22,-0.016713255643844606
2022-08-23,0.4551226615905762
2022-08-24,-0.10486835986375809
2022-08-25,0.019272801280021668
2022-08-26,-0.10578279495239258
2022-08-29,-0.09101473614573478
2022-08-30,-0.009799807518720626
2022-08-31,-0.4604321539402008
2022-09-01,-0.3179433524608612
2022-09-02,-0.2718407571315765
2022-09-05,-0.2718407571315765
2022-09-06,-0.2065141648054123
2022-09-07,2.240929752588272e-05
2022-09-08,0.32008673399686816
2022-09-09,0.5209114372730255
2022-09-12,-0.012560069188475608
2022-09-13,-0.49953811168670653
2022-09-14,-0.39296011328697206
2022-09-15,-0.30997098684310914
2022-09-16,0.015597575902938842
2022-09-19,-0.15035189390182496
2022-09-20,-0.2224637061357498
2022-09-21,0.03426342457532883
2022-09-22,0.027467778697609902
2022-09-23,-0.4954088866710663
2022-09-26,0.23002760484814644
2022-09-27,-0.5245516836643219
2022-09-28,-0.2265860915184021
2022-09-29,-0.26669181883335114
2022-09-30,-0.22955006062984468
2022-10-03,0.13682044595479964
2022-10-04,-0.21076510846614838
2022-10-05,0.27633518278598784
2022-10-06,0.08163156509399414
2022-10-07,0.013411016203463078
2022-10-10,-0.13504368662834168
2022-10-11,-0.15473927035927773
2022-10-12,-0.1287868931889534
2022-10-13,0.03621392138302326
2022-10-14,0.027448311820626257
2022-10-17,0.038224243000149725
2022-10-18,-0.0636084608733654
2022-10-19,-0.24518006592988967
2022-10-20,-0.0638696700334549
2022-10-21,0.0778132826089859
2022-10-24,-0.29935539960861207
2022-10-25,0.23282970786094664
2022-10-26,-0.7353436946868896
2022-10-27,-0.10562916398048401
2022-10-28,0.2054675653576851
2022-10-31,-0.008451586961746216
2022-11-01,0.1767520785331726
2022-11-02,-0.21292851865291595
2022-11-03,0.01645614355802536
2022-11-04,0.10149034410715103
2022-11-07,-0.18914806321263314
2022-11-08,0.20041468348354102
2022-11-09,-0.1803645059466362
2022-11-10,0.007283373922109604
2022-11-11,-0.3025429904460907
2022-11-14,0.11379203796386719
2022-11-15,0.06180184334516525
2022-11-16,0.18743652924895288
2022-11-17,-0.27639766186475756
2022-11-18,0.3629843607544899
2022-11-21,-0.1589721143245697
2022-11-22,0.3248004138469696
2022-11-23,-0.04808686226606369
2022-11-24,-0.04808686226606369
2022-11-25,0.0014804739505052567
2022-11-28,0.06722670681774616
2022-11-29,-0.33956279456615446
2022-11-30,-0.33086873292922975
2022-12-01,0.03557771593332291
2022-12-02,-0.6181883931159973
2022-12-05,0.18315996825695038
2022-12-06,-0.30208403468132017
2022-12-07,-0.42658559083938596
2022-12-08,0.13367328345775603
2022-12-09,0.22320592850446702
2022-12-12,0.24895342886447908
2022-12-13,-0.042944922077003865
2022-12-14,0.09269399456679821
2022-12-15,-0.3487989008426666
2022-12-16,-0.5888571441173553
2022-12-19,-0.31820653676986693
2022-12-20,0.17579983174800873
2022-12-21,0.04649764895439148
2022-12-22,-0.22669999897480012
2022-12-23,-0.4832222580909729
2022-12-26,-0.4832222580909729
2022-12-27,-0.24678906202316284
2022-12-28,-0.0712097242474556
2022-12-29,0.13772078454494477
2022-12-30,-0.39278845191001893
2023-01-02,-0.39278845191001893
2023-01-03,-0.09678213596343994
2023-01-04,-0.05591467320919037
2023-01-05,0.21736041009426116
2023-01-06,0.21747947633266448
2023-01-09,-0.4548054337501526
2023-01-10,0.04210310289636254
2023-01-11,0.14272760972380638
2023-01-12,-0.084600979834795
2023-01-13,0.06299703121185303
2023-01-16,0.06299703121185303
2023-01-17,-0.13485169485211373
2023-01-18,-0.5699496746063233
2023-01-19,-0.4379519999027252
2023-01-20,0.06255360543727875
2023-01-23,0.08295911177992821
2023-01-24,-0.2571436703205109
2023-01-25,-0.35334710478782655
2023-01-26,0.3957189381122589
2023-01-27,-0.06632175520062447
2023-01-30,-0.24370576739311217
2023-01-31,-0.08554960265755654
2023-02-01,0.01143413856625557
2023-02-02,0.20437748432159425
2023-02-03,0.15279651880264283
2023-02-06,0.24516654014587402
2023-02-07,-0.07919909358024597
2023-02-08,-0.17002591192722322
2023-02-09,-0.12210992723703384
2023-02-10,-0.4518963277339935
2023-02-13,0.03819311074912548
2023-02-14,-0.2661553919315338
2023-02-15,0.1813284695148468
2023-02-16,-0.0516527995467186
2023-02-17,-0.25159651339054107
2023-02-20,-0.25159651339054107
2023-02-21,-0.5172856569290161
2023-02-22,-0.02024595085531473
2023-02-23,0.01369009930640459
2023-02-24,-0.29634304642677306
2023-02-27,-0.013658890873193741
2023-02-28,0.014166271686553955
2023-03-01,-0.18847707509994507
2023-03-02,-0.006543591618537903
2023-03-03,-0.140978579223156
2023-03-06,-0.03942644894123078
2023-03-07,-0.023377497866749763
2023-03-08,-0.06189394816756248
2023-03-09,-0.3307440519332886
2023-03-10,-0.7839749097824097
2023-03-13,-0.3905948579311371
2023-03-14,-0.12472644448280334
2023-03-15,-0.4122374475002289
2023-03-16,0.014126460999250412
2023-03-17,-0.0517226904630661
2023-03-20,-0.08230830412358045
2023-03-21,0.10829274207353592
2023-03-22,-0.08599691390991211
2023-03-23,-0.023621449433267116
2023-03-24,0.17749788761138915
2023-03-27,0.0827891256660223
2023-03-28,-0.021843427419662477
2023-03-29,0.16499041616916657
2023-03-30,-0.19560435712337493
2023-03-31,-0.3251304417848587
2023-04-03,-0.11424391716718674
2023-04-04,-0.15898634791374205
2023-04-05,-0.09829778969287872
2023-04-06,0.032243520766496656
2023-04-07,0.032243520766496656
2023-04-10,-0.3645770788192749
2023-04-11,0.002907194197177887
2023-04-12,-0.19044230431318282
2023-04-13,-0.14940838813781737
2023-04-14,-0.22366423308849334
2023-04-17,0.10394269749522209
2023-04-18,-0.0838569775223732
2023-04-19,-0.007311612367630005
2023-04-20,-0.19454824030399323
2023-04-21,-0.19454824030399323
2023-04-24,-0.19454824030399323
2023-04-25,-0.19454824030399323
2023-04-26,-0.19454824030399323
2023-04-27,-0.19454824030399323
2023-04-28,-0.19454824030399323
2023-05-01,-0.08751844521611929
2023-05-02,-0.24810346961021423
2023-05-03,-0.6028914630413056
2023-05-04,-0.6020797491073608
2023-05-05,-0.043670476973056795
2023-05-08,-0.11935386806726456
2023-05-09,-0.14675365164875984
2023-05-10,-0.047361080162227155
2023-05-11,-0.22062670886516572
2023-05-12,-0.03803992792963982
2023-05-15,-0.10120800212025642
2023-05-16,0.2256685495376587
2023-05-17,0.2853135347366333
2023-05-18,0.12741441130638123
2023-05-19,-0.014130446314811706
2023-05-22,-0.20844069570302964
2023-05-23,-0.3609337329864502
2023-05-24,-0.2675283163785934
2023-05-25,-0.34764285385608673
2023-05-26,-0.052338702231645585
2023-05-29,-0.052338702231645585
2023-05-30,0.10270008742809296
2023-05-31,-0.23153369426727294
2023-06-01,-0.36335777342319486
2023-06-02,0.0569101944565773
2023-06-05,-0.2032846227288246
2023-06-06,-0.1457586482167244
2023-06-07,0.43671431541442873
2023-06-08,-0.3400271996855736
2023-06-09,-0.04703876785933971
2023-06-12,-0.2603549402207136
2023-06-13,0.09456524699926376
2023-06-14,-0.3906769990921021
2023-06-15,0.10020568426698447
2023-06-16,0.021284573525190354
2023-06-19,0.021284573525190354
2023-06-20,-0.03979867994785309
2023-06-21,-0.16142260581254958
2023-06-22,0.2661566505208611
2023-06-23,-0.21481523513793946
2023-06-26,-0.2863369703292847
2023-06-27,0.2729974776506424
2023-06-28,-0.19098102673888206
2023-06-29,0.383295638859272
2023-06-30,0.4969003975391388
2023-07-03,-0.26496327444911005
2023-07-04,-0.26496327444911005
2023-07-05,-0.19791913032531738
2023-07-06,-0.1061117596924305
2023-07-07,-0.06849940568208694
2023-07-10,0.08971497442107648
2023-07-11,0.3057273592799902
2023-07-12,0.021631445735692978
2023-07-13,0.2285011574625969
2023-07-14,-0.2527605175971985
2023-07-17,0.22852975130081177
2023-07-18,0.2917229801416397
2023-07-19,-0.0894125772640109
2023-07-20,-0.2320057600736618
2023-07-21,-0.037007033824920654
2023-07-24,0.021431258972734214
2023-07-25,-0.00800471156835556
2023-07-26,-0.00029319077730178834
2023-07-27,-0.22152107059955597
2023-07-28,0.22585713267326354
2023-07-31,0.4233264535665512
2023-08-01,-0.2110050404444337
2023-08-02,-0.5568235576152801
2023-08-03,-0.13676884770393372
2023-08-04,-0.3945967614650726
2023-08-07,0.036124031990766525
2023-08-08,-0.40494694113731383
2023-08-09,-0.3105928301811218
2023-08-10,-0.06379156410694123
2023-08-11,0.010287630558013915
2023-08-14,0.26478995084762574
2023-08-15,-0.5522864520549774
2023-08-16,0.123409965634346
2023-08-17,-0.4044938772916794
2023-08-18,-0.18817183375358582
2023-08-21,-0.05960713177919388
2023-08-22,-0.17048766389489173
2023-08-23,0.3729825586080551
2023-08-24,-0.18612056970596313
2023-08-25,-0.0014796938747167587
2023-08-28,0.036148254526779056
2023-08-29,0.010632568597793579
2023-08-30,-0.0884729010052979
2023-08-31,0.34589468240737914
2023-09-01,-0.19039303064346313
2023-09-04,-0.19039303064346313
2023-09-05,-0.16806369237601756
2023-09-06,-0.1986492544412613
2023-09-07,-0.38809571266174314
2023-09-08,-0.3861713171005249
2023-09-11,0.2787059098482132
2023-09-12,-0.0006084967404603958
2023-09-13,0.1318680890253745
2023-09-14,-0.1179302878677845
2023-09-15,0.1916860893368721
2023-09-18,0.015421131253242492
2023-09-19,-0.42023743987083434
2023-09-20,0.5716176927089691
2023-09-21,-0.8827406525611877
2023-09-22,-0.017685681581497192
2023-09-25,-0.07173665934242308
2023-09-26,-0.8044644355773926
2023-09-27,-0.4538601368665695
2023-09-28,-0.30918158292770387
2023-09-29,-0.07869627140462399
2023-10-02,0.1530000865459442
2023-10-03,-0.6208884596824646
2023-10-04,0.4111859932541847
2023-10-05,-0.6527811229228974
2023-10-06,-0.11487578451633454
2023-10-09,-0.08104534596204757
2023-10-10,-0.38007861077785493
2023-10-11,0.38435962945222857
2023-10-12,-0.05087486207485199
2023-10-13,0.08614027611911297
2023-10-16,-0.15124147720634937
2023-10-17,-0.14093613624572754
2023-10-18,0.10333659499883652
2023-10-19,-0.1397648699581623
2023-10-20,-0.6688272595405579
2023-10-23,-0.3603566884994507
2023-10-24,-0.030976467579603196
2023-10-25,-0.06476763486862183
2023-10-26,-0.24659618735313416
2023-10-27,-0.1942368268966675
2023-10-30,-0.1315080113708973
2023-10-31,-0.5418291330337525
2023-11-01,-0.6625939160585403
2023-11-02,-0.7329132869839668
2023-11-03,0.2306103825569153
2023-11-06,-0.08607280701398849
2023-11-07,-0.04840813502669335
2023-11-08,0.6040330313146114
2023-11-09,0.558961009979248
2023-11-10,0.17662133574485778
2023-11-13,0.00406058132648468
2023-11-14,0.15990557596087457
2023-11-15,0.1466517686843872
2023-11-16,-0.2328803963959217
2023-11-17,0.13024934530258178
2023-11-20,0.05825409591197968
2023-11-21,0.16053564697504044
2023-11-22,0.3544975399971008
2023-11-23,0.3544975399971008
2023-11-24,-0.17755308747291565
2023-11-27,-0.059823323413729666
2023-11-28,-0.2788478136062622
2023-11-29,0.03747418075799942
2023-11-30,0.26011592000722883
2023-12-01,0.048350633680820466
2023-12-04,-0.4085328236222267
2023-12-05,-0.17177795991301537
2023-12-06,-0.4713451787829399
2023-12-07,-0.015237721800804137
2023-12-08,0.4019300788640976
2023-12-11,0.6305449694395066
2023-12-12,0.6429508686065674
2023-12-13,0.13783119469881058
2023-12-14,0.1472742646932602
2023-12-15,0.4666039027273655
2023-12-18,0.33120944686234
2023-12-19,0.039634129405021666
2023-12-20,-0.44343494176864623
2023-12-21,0.02712344639003277
2023-12-22,0.023388944566249847
2023-12-25,0.023388944566249847
2023-12-26,-0.3396253526210785
2023-12-27,-0.034272733330726626
2023-12-28,0.059906774759292604
2023-12-29,-0.0888292133808136
2024-01-01,-0.0888292133808136
2024-01-02,0.35890302509069444
2024-01-03,-0.062258219718933104
2024-01-04,0.1391500748693943
2024-01-05,0.19492453932762147
2024-01-08,0.17079718369059266
2024-01-09,-0.3146774426102638
2024-01-10,-0.07204739823937416
2024-01-11,0.3027747184038162
2024-01-12,-0.4428964138031006
2024-01-15,-0.4428964138031006
2024-01-16,-0.10649217925965786
2024-01-17,-0.1255182534456253
2024-01-18,-0.48893624246120454
2024-01-19,0.08423382714390755
2024-01-22,0.07335018366575241
2024-01-23,-0.27365335263311863
2024-01-24,0.07701194435358047
2024-01-25,-0.31436111852526666
2024-01-26,-0.22848333194851875
2024-01-29,-0.13540515527129174
2024-01-30,-0.1632457733154297
2024-01-31,0.2390878438949585
2024-02-01,0.3939734548330307
2024-02-02,-0.11931378543376922
2024-02-05,0.12541324347257615
2024-02-06,-0.15876382291316987
2024-02-07,0.011920803785324096
2024-02-08,-0.1865696780383587
2024-02-09,0.2062144935131073
2024-02-12,0.23067025542259217
2024-02-13,-0.7920732915401458
2024-02-14,-0.14606482796370984
2024-02-15,0.04274160116910934
2024-02-16,-0.04495464935898781
2024-02-19,-0.04495464935898781
2024-02-20,-0.127506622672081
2024-02-21,-0.02230328544974327
2024-02-22,0.3192721985280514
2024-02-23,0.6404884994029999
2024-02-26,-0.595594796538353
2024-02-27,-0.2760480836033821
2024-02-28,-0.007464322447776795
2024-02-29,-0.14971155747771264
2024-03-01,-0.007222235202789307
2024-03-04,-0.15371974259614946
2024-03-05,-0.15371974259614946
2024-03-06,-0.15371974259614946
2024-03-07,-0.15371974259614946
2024-03-08,-0.15371974259614946
2024-03-11,-0.15371974259614946
2024-03-12,-0.15371974259614946
2024-03-13,-0.15371974259614946
2024-03-14,-0.15371974259614946
2024-03-15,-0.15371974259614946
2024-03-18,-0.15371974259614946
2024-03-19,-0.15371974259614946
2024-03-20,-0.15371974259614946
2024-03-21,-0.15371974259614946
2024-03-22,-0.15371974259614946
2024-03-25,-0.15371974259614946
2024-03-26,-0.15371974259614946
2024-03-27,-0.15371974259614946
2024-03-28,-0.15371974259614946
2024-03-29,-0.15371974259614946
2024-04-01,-0.15371974259614946
2024-04-02,-0.15371974259614946
2024-04-03,-0.15371974259614946
2024-04-04,-0.15371974259614946
2024-04-05,-0.15371974259614946
2024-04-08,-0.15371974259614946
2024-04-09,-0.15371974259614946
2024-04-10,-0.15371974259614946
2024-04-11,-0.15371974259614946
2024-04-12,-0.15371974259614946
2024-04-15,-0.15371974259614946
2024-04-16,-0.15371974259614946
2024-04-17,-0.15371974259614946
2024-04-18,-0.15371974259614946
2024-04-19,-0.15371974259614946
2024-04-22,-0.15371974259614946
2024-04-23,-0.040443782275542614
2024-04-24,-0.040443782275542614
2024-04-25,-0.040443782275542614
2024-04-26,-0.040443782275542614
2024-04-29,-0.040443782275542614
2024-04-30,-0.040443782275542614
2024-05-01,-0.040443782275542614
2024-05-02,-0.040443782275542614
2024-05-03,-0.040443782275542614
2024-05-06,-0.040443782275542614
2024-05-07,-0.040443782275542614
2024-05-08,-0.040443782275542614
2024-05-09,-0.040443782275542614
2024-05-10,-0.040443782275542614
2024-05-13,-0.040443782275542614
2024-05-14,-0.040443782275542614
2024-05-15,-0.040443782275542614
2024-05-16,-0.040443782275542614
2024-05-17,-0.040443782275542614
2024-05-20,-0.040443782275542614
2024-05-21,-0.040443782275542614
2024-05-22,-0.040443782275542614
2024-05-23,-0.040443782275542614
2024-05-24,-0.040443782275542614
2024-05-27,-0.040443782275542614
2024-05-28,-0.040443782275542614
2024-05-29,-0.040443782275542614
2024-05-30,-0.040443782275542614
2024-05-31,-0.040443782275542614
2024-06-03,-0.040443782275542614
2024-06-04,-0.040443782275542614
2024-06-05,-0.040443782275542614
2024-06-06,-0.040443782275542614
2024-06-07,-0.040443782275542614
2024-06-10,-0.040443782275542614
2024-06-11,-0.040443782275542614
2024-06-12,-0.040443782275542614
2024-06-13,-0.040443782275542614
2024-06-14,-0.040443782275542614
2024-06-17,-0.040443782275542614
2024-06-18,-0.040443782275542614
2024-06-19,-0.040443782275542614
2024-06-20,-0.040443782275542614
2024-06-21,-0.040443782275542614
2024-06-24,-0.040443782275542614
2024-06-25,-0.040443782275542614
2024-06-26,-0.040443782275542614
2024-06-27,-0.040443782275542614
2024-06-28,-0.040443782275542614
2024-07-01,-0.040443782275542614
2024-07-02,-0.040443782275542614
2024-07-03,-0.040443782275542614
2024-07-04,-0.040443782275542614
2024-07-05,-0.040443782275542614
2024-07-08,-0.040443782275542614
2024-07-09,-0.040443782275542614
2024-07-10,-0.040443782275542614
2024-07-11,-0.040443782275542614
2024-07-12,-0.040443782275542614
2024-07-15,-0.040443782275542614
2024-07-16,-0.040443782275542614
2024-07-17,-0.040443782275542614
2024-07-18,-0.040443782275542614
2024-07-19,-0.040443782275542614
2024-07-22,-0.040443782275542614
2024-07-23,-0.040443782275542614
2024-07-24,-0.040443782275542614
2024-07-25,-0.040443782275542614
2024-07-26,-0.040443782275542614
2024-07-29,-0.040443782275542614
2024-07-30,-0.040443782275542614
2024-07-31,-0.040443782275542614
2024-08-01,-0.040443782275542614
2024-08-02,-0.040443782275542614
2024-08-05,-0.040443782275542614
2024-08-06,-0.040443782275542614
2024-08-07,-0.040443782275542614
2024-08-08,-0.040443782275542614
2024-08-09,-0.040443782275542614
2024-08-12,-0.040443782275542614
2024-08-13,-0.040443782275542614
2024-08-14,-0.040443782275542614
2024-08-15,-0.040443782275542614
2024-08-16,-0.040443782275542614
2024-08-19,-0.040443782275542614
2024-08-20,-0.040443782275542614
2024-08-21,-0.040443782275542614
2024-08-22,-0.040443782275542614
2024-08-23,-0.040443782275542614
2024-08-26,-0.040443782275542614
2024-08-27,-0.040443782275542614
2024-08-28,-0.040443782275542614
2024-08-29,-0.040443782275542614
2024-08-30,-0.040443782275542614
2024-09-02,-0.040443782275542614
2024-09-03,-0.040443782275542614
2024-09-04,-0.040443782275542614
2024-09-05,-0.040443782275542614
2024-09-06,-0.040443782275542614
2024-09-09,-0.040443782275542614
2024-09-10,-0.040443782275542614
2024-09-11,-0.040443782275542614
2024-09-12,-0.040443782275542614
2024-09-13,-0.040443782275542614
2024-09-16,-0.040443782275542614
2024-09-17,-0.040443782275542614
2024-09-18,-0.040443782275542614
2024-09-19,-0.040443782275542614
2024-09-20,-0.040443782275542614
2024-09-23,-0.040443782275542614
2024-09-24,-0.040443782275542614
2024-09-25,-0.040443782275542614
2024-09-26,-0.040443782275542614
2024-09-27,-0.040443782275542614
2024-09-30,-0.040443782275542614
2024-10-01,-0.040443782275542614
2024-10-02,-0.040443782275542614
2024-10-03,-0.040443782275542614
2024-10-04,-0.040443782275542614
2024-10-07,-0.040443782275542614
2024-10-08,-0.040443782275542614
2024-10-09,-0.040443782275542614
2024-10-10,-0.040443782275542614
2024-10-11,-0.040443782275542614
2024-10-14,-0.040443782275542614
2024-10-15,-0.040443782275542614
2024-10-16,-0.040443782275542614
2024-10-17,-0.040443782275542614
2024-10-18,-0.040443782275542614
2024-10-21,-0.040443782275542614
2024-10-22,-0.040443782275542614
2024-10-23,-0.040443782275542614
2024-10-24,-0.040443782275542614
2024-10-25,-0.040443782275542614
2024-10-28,-0.040443782275542614
2024-10-29,-0.040443782275542614
2024-10-30,-0.040443782275542614
2024-10-31,-0.040443782275542614
2024-11-01,-0.040443782275542614
2024-11-04,-0.040443782275542614
2024-11-05,-0.040443782275542614
2024-11-06,-0.040443782275542614
2024-11-07,-0.040443782275542614
2024-11-08,-0.040443782275542614
2024-11-11,-0.040443782275542614
2024-11-12,-0.040443782275542614
2024-11-13,-0.040443782275542614
2024-11-14,-0.040443782275542614
2024-11-15,-0.040443782275542614
2024-11-18,-0.040443782275542614
2024-11-19,-0.040443782275542614
2024-11-20,-0.040443782275542614
2024-11-21,-0.040443782275542614
2024-11-22,-0.040443782275542614
2024-11-25,-0.040443782275542614
2024-11-26,-0.040443782275542614
2024-11-27,-0.040443782275542614
2024-11-28,-0.040443782275542614
2024-11-29,-0.040443782275542614
2024-12-02,-0.040443782275542614
2024-12-03,-0.040443782275542614
2024-12-04,-0.040443782275542614
2024-12-05,-0.040443782275542614
2024-12-06,-0.040443782275542614
2024-12-09,-0.040443782275542614
2024-12-10,-0.040443782275542614
2024-12-11,-0.040443782275542614
2024-12-12,-0.040443782275542614
2024-12-13,-0.040443782275542614
2024-12-16,-0.040443782275542614
2024-12-17,-0.040443782275542614
2024-12-18,-0.040443782275542614
2024-12-19,-0.040443782275542614
2024-12-20,-0.040443782275542614
2024-12-23,-0.040443782275542614
2024-12-24,-0.040443782275542614
2024-12-25,-0.040443782275542614
2024-12-26,-0.040443782275542614
2024-12-27,-0.040443782275542614
2024-12-30,-0.040443782275542614
2024-12-31,-0.040443782275542614
2025-01-01,-0.040443782275542614
2025-01-02,-0.040443782275542614
2025-01-03,-0.040443782275542614
2025-01-06,-0.040443782275542614
2025-01-07,-0.040443782275542614
2025-01-08,-0.040443782275542614
2025-01-09,-0.040443782275542614
2025-01-10,-0.040443782275542614
2025-01-13,-0.040443782275542614
2025-01-14,-0.040443782275542614
2025-01-15,-0.040443782275542614
2025-01-16,-0.040443782275542614
2025-01-17,-0.040443782275542614
2025-01-20,-0.040443782275542614
2025-01-21,-0.040443782275542614
2025-01-22,-0.040443782275542614
2025-01-23,-0.040443782275542614
2025-01-24,-0.040443782275542614
2025-01-27,-0.229044634103775
2025-01-28,-0.229044634103775
2025-01-29,-0.229044634103775
2025-01-30,-0.229044634103775
2025-01-31,-0.229044634103775
2025-02-03,-0.229044634103775
2025-02-04,-0.229044634103775
2025-02-05,-0.229044634103775
2025-02-06,-0.229044634103775
2025-02-07,-0.229044634103775
2025-02-10,-0.229044634103775
2025-02-11,-0.229044634103775
2025-02-12,-0.229044634103775
2025-02-13,-0.229044634103775
2025-02-14,-0.229044634103775
2025-02-17,-0.229044634103775
2025-02-18,-0.229044634103775
2025-02-19,-0.229044634103775
2025-02-20,-0.229044634103775
2025-02-21,-0.229044634103775
2025-02-24,-0.229044634103775
2025-02-25,-0.229044634103775
2025-02-26,-0.229044634103775
2025-02-27,-0.229044634103775
2025-02-28,-0.229044634103775
2025-03-03,-0.229044634103775
2025-03-04,-0.229044634103775
2025-03-05,-0.229044634103775
2025-03-06,-0.229044634103775
2025-03-07,-0.229044634103775
2025-03-10,-0.229044634103775
2025-03-11,-0.229044634103775
2025-03-12,-0.229044634103775
2025-03-13,-0.229044634103775
2025-03-14,-0.229044634103775
2025-03-17,-0.229044634103775
2025-03-18,-0.229044634103775
2025-03-19,-0.229044634103775
2025-03-20,-0.229044634103775
2025-03-21,-0.229044634103775
2025-03-24,-0.229044634103775
2025-03-25,-0.229044634103775
2025-03-26,-0.229044634103775
2025-03-27,-0.229044634103775
2025-03-28,-0.229044634103775
2025-03-31,-0.229044634103775
2025-04-01,-0.229044634103775
2025-04-02,-0.229044634103775
2025-04-03,-0.229044634103775
2025-04-04,-0.229044634103775
2025-04-07,-0.229044634103775
2025-04-08,-0.229044634103775
2025-04-09,-0.229044634103775
2025-04-10,-0.229044634103775
2025-04-11,-0.229044634103775
2025-04-14,-0.229044634103775
2025-04-15,-0.229044634103775
2025-04-16,-0.229044634103775
2025-04-17,-0.229044634103775
2025-04-18,-0.229044634103775
2025-04-21,-0.229044634103775
2025-04-22,-0.229044634103775
2025-04-23,-0.229044634103775
2025-04-24,-0.229044634103775
2025-04-25,-0.229044634103775
2025-04-28,-0.229044634103775
2025-04-29,-0.229044634103775
2025-04-30,-0.229044634103775
2025-05-01,-0.229044634103775
2025-05-02,-0.229044634103775
2025-05-05,-0.229044634103775
2025-05-06,-0.229044634103775
2025-05-07,-0.229044634103775
2025-05-08,-0.229044634103775
2025-05-09,-0.229044634103775
2025-05-12,-0.229044634103775
2025-05-13,-0.229044634103775
2025-05-14,-0.229044634103775
2025-05-15,-0.229044634103775
2025-05-16,-0.229044634103775
2025-05-19,-0.229044634103775
2025-05-20,-0.229044634103775
2025-05-21,-0.229044634103775
2025-05-22,-0.229044634103775
2025-05-23,-0.229044634103775
2025-05-26,-0.229044634103775
2025-05-27,-0.229044634103775
2025-05-28,-0.229044634103775
2025-05-29,-0.229044634103775
2025-05-30,-0.229044634103775
2025-06-02,-0.229044634103775
2025-06-03,-0.229044634103775
2025-06-04,-0.229044634103775
2025-06-05,-0.229044634103775
2025-06-06,-0.229044634103775
2025-06-09,-0.229044634103775
2025-06-10,-0.229044634103775
2025-06-11,-0.229044634103775
2025-06-12,-0.229044634103775
2025-06-13,-0.229044634103775
2025-06-16,-0.229044634103775
2025-06-17,-0.229044634103775
2025-06-18,-0.229044634103775
2025-06-19,-0.229044634103775
2025-06-20,-0.229044634103775
2025-06-23,-0.229044634103775
2025-06-24,-0.229044634103775
2025-06-25,-0.229044634103775
2025-06-26,-0.229044634103775
2025-06-27,-0.229044634103775
2025-06-30,-0.229044634103775
2025-07-01,-0.229044634103775
2025-07-02,-0.229044634103775
2025-07-03,-0.229044634103775
2025-07-04,-0.229044634103775
2025-07-07,-0.229044634103775
2025-07-08,-0.229044634103775
2025-07-09,-0.229044634103775
2025-07-10,-0.229044634103775
2025-07-11,-0.229044634103775
2025-07-14,-0.229044634103775
2025-07-15,-0.229044634103775
2025-07-16,-0.229044634103775
2025-07-17,-0.229044634103775
2025-07-18,-0.229044634103775
2025-07-21,-0.229044634103775
2025-07-22,-0.229044634103775
2025-07-23,-0.229044634103775
2025-07-24,-0.229044634103775
2025-07-25,-0.229044634103775
2025-07-28,-0.229044634103775
2025-07-29,-0.229044634103775
2025-07-30,-0.229044634103775
2025-07-31,-0.229044634103775
2025-08-01,-0.229044634103775
2025-08-04,-0.229044634103775
2025-08-05,-0.229044634103775
2025-08-06,-0.229044634103775
2025-08-07,-0.2048978954553604
2025-08-08,-0.2048978954553604
2025-08-11,-0.2048978954553604
2025-08-12,-0.2048978954553604
2025-08-13,-0.2048978954553604
2025-08-14,-0.2048978954553604
2025-08-15,-0.2048978954553604
2025-08-18,-0.2048978954553604
2025-08-19,-0.2048978954553604
2025-08-20,-0.2048978954553604
2025-08-21,-0.2048978954553604
2025-08-22,-0.2048978954553604
2025-08-25,-0.2048978954553604
2025-08-26,-0.2048978954553604
2025-08-27,-0.2048978954553604
2025-08-28,-0.2048978954553604
2025-08-29,-0.2048978954553604
2025-09-01,-0.2048978954553604
2025-09-02,-0.2048978954553604
2025-09-03,-0.2048978954553604
2025-09-04,-0.2048978954553604
2025-09-05,-0.2048978954553604
2025-09-08,-0.2048978954553604
2025-09-09,-0.2048978954553604
2025-09-10,-0.2048978954553604
2025-09-11,-0.2048978954553604
2025-09-12,-0.2048978954553604
2025-09-15,-0.2048978954553604
2025-09-16,-0.2048978954553604
2025-09-17,-0.2048978954553604
2025-09-18,-0.2048978954553604
2025-09-19,-0.2048978954553604
2025-09-22,-0.2048978954553604
2025-09-23,-0.2048978954553604
2025-09-24,-0.2048978954553604
2025-09-25,-0.2048978954553604
2025-09-26,-0.2048978954553604
2025-09-29,-0.2048978954553604
2025-09-30,-0.2048978954553604
2025-10-01,-0.2048978954553604
2025-10-02,-0.2048978954553604
2025-10-03,-0.2048978954553604
2025-10-06,-0.2048978954553604
2025-10-07,-0.2048978954553604
2025-10-08,-0.2048978954553604
2025-10-09,-0.2048978954553604
2025-10-10,-0.2048978954553604
2025-10-13,-0.2048978954553604
2025-10-14,-0.2048978954553604
2025-10-15,-0.2048978954553604
2025-10-16,-0.2048978954553604
2025-10-17,-0.2048978954553604
2025-10-20,-0.2048978954553604
2025-10-21,-0.2048978954553604
2025-10-22,-0.2048978954553604
2025-10-23,-0.2048978954553604
2025-10-24,-0.2048978954553604
2025-10-27,-0.2048978954553604
2025-10-28,-0.2048978954553604
2025-10-29,-0.2048978954553604
2025-10-30,-0.2048978954553604
2025-10-31,-0.2048978954553604
2025-11-03,-0.2048978954553604
2025-11-04,-0.2048978954553604
2025-11-05,-0.2048978954553604
2025-11-06,-0.2048978954553604
2025-11-07,-0.2048978954553604
2025-11-10,-0.2048978954553604
2025-11-11,-0.2048978954553604
2025-11-12,-0.2048978954553604
2025-11-13,-0.2048978954553604
2025-11-14,-0.2048978954553604
2025-11-17,-0.2048978954553604
2025-11-18,-0.2048978954553604
2025-11-19,-0.2048978954553604
2025-11-20,-0.2048978954553604
2025-11-21,-0.2048978954553604
2025-11-24,-0.2048978954553604
2025-11-25,-0.2048978954553604
2025-11-26,-0.2048978954553604
2025-11-27,-0.2048978954553604
2025-11-28,-0.2048978954553604
2025-12-01,-0.2048978954553604
2025-12-02,-0.2048978954553604
2025-12-03,-0.2048978954553604
2025-12-04,-0.2048978954553604
2025-12-05,-0.2048978954553604
2025-12-08,-0.2048978954553604
2025-12-09,-0.2048978954553604
2025-12-10,-0.2048978954553604
2025-12-11,-0.2048978954553604
2025-12-12,-0.2048978954553604
2025-12-15,-0.2048978954553604
2025-12-16,-0.2048978954553604
2025-12-17,-0.2048978954553604
2025-12-18,-0.2048978954553604
2025-12-19,-0.2048978954553604
2025-12-22,-0.2048978954553604
2025-12-23,-0.2048978954553604
2025-12-24,-0.2048978954553604
2025-12-25,-0.2048978954553604
2025-12-26,-0.2048978954553604
2025-12-29,-0.2048978954553604
2025-12-30,-0.2048978954553604
2025-12-31,-0.2048978954553604
2026-01-01,-0.2048978954553604
2026-01-02,-0.2048978954553604
2026-01-05,-0.2048978954553604
2026-01-06,-0.2048978954553604
2026-01-07,-0.2048978954553604
2026-01-08,-0.2048978954553604
2026-01-09,-0.2048978954553604
2026-01-12,-0.2048978954553604
2026-01-13,-0.2048978954553604
2026-01-14,-0.2048978954553604
2026-01-15,-0.2048978954553604
2026-01-16,-0.2048978954553604
2026-01-19,-0.2048978954553604
2026-01-20,-0.2048978954553604
2026-01-21,-0.2048978954553604
2026-01-22,-0.2048978954553604
2026-01-23,-0.2048978954553604
2026-01-26,-0.2048978954553604
2026-01-27,-0.2048978954553604
2026-01-28,-0.2048978954553604
2026-01-29,-0.2048978954553604
2026-01-30,-0.2048978954553604
2026-02-02,-0.2048978954553604
2026-02-03,-0.2048978954553604
2026-02-04,-0.2048978954553604
2026-02-05,-0.2048978954553604
2026-02-06,-0.2048978954553604
2026-02-09,-0.2048978954553604
2026-02-10,-0.2048978954553604
2026-02-11,-0.2048978954553604
2026-02-12,-0.2048978954553604
2026-02-13,-0.2048978954553604
2026-02-16,-0.2048978954553604
2026-02-17,-0.2048978954553604
2026-02-18,-0.2048978954553604
2026-02-19,-0.2048978954553604
2026-02-20,-0.2048978954553604
2026-02-23,-0.2048978954553604
2026-02-24,-0.2048978954553604
2026-02-25,-0.2048978954553604
2026-02-26,-0.2048978954553604
2026-02-27,-0.2048978954553604
2026-03-02,-0.2048978954553604
2026-03-03,-0.2048978954553604
2026-03-04,-0.2048978954553604
2026-03-05,-0.2048978954553604
2026-03-06,-0.2048978954553604
2026-03-09,-0.2048978954553604
2026-03-10,-0.2048978954553604
2026-03-11,-0.2048978954553604
2026-03-12,-0.2048978954553604
2026-03-13,-0.2048978954553604
2026-03-16,-0.2048978954553604
2026-03-17,-0.2048978954553604
2026-03-18,-0.2048978954553604
2026-03-19,-0.2048978954553604
2026-03-20,-0.2048978954553604
2026-03-23,-0.2048978954553604
2026-03-24,-0.2048978954553604
2026-03-25,-0.2048978954553604
2026-03-26,-0.2048978954553604
2026-03-27,-0.2048978954553604
2026-03-30,-0.2048978954553604
2026-03-31,-0.2048978954553604
2026-04-01,-0.2048978954553604
2026-04-02,-0.2048978954553604
2026-04-03,-0.2048978954553604
2026-04-06,-0.2048978954553604
2026-04-07,-0.2048978954553604
2026-04-08,-0.1687317930161953
2026-04-09,-0.3264500468969345
2026-04-10,-0.21928785555064678
2026-04-13,-0.21928785555064678
2026-04-14,-0.04915398359298706
2026-04-15,-0.04915398359298706
2026-04-16,-0.06220786571502686
2026-04-17,-0.06220786571502686
2026-04-20,-0.06220786571502686
2026-04-21,-0.06220786571502686
2026-04-22,-0.1947874069213867
2026-04-23,0.22912588715553284
2026-04-24,0.19260237067937852
2026-04-27,0.19260237067937852
2026-04-28,0.19260237067937852
2026-04-29,0.1736845649778843
2026-04-30,0.1736845649778843
2026-05-01,0.016411570832133293
2026-05-04,0.016411570832133293
2026-05-05,0.016411570832133293
2026-05-06,0.016411570832133293
2026-05-07,0.016411570832133293
2026-05-08,0.013367360830307007
2026-05-11,0.053276040218770505
2026-05-12,0.0607847660779953
2026-05-13,0.09552347064018249
2026-05-14,-0.05413860529661178
2026-05-15,0.14608528167009355
2026-05-18,-0.04431112036108971
