,sentiment_SP500
2003-02-10,-0.03751270845532417
2003-02-11,0.015347198583185673
2003-02-12,0.06435873359441757
2003-02-13,0.08697116374969482
2003-02-14,-0.0724615603685379
2003-02-15,-0.033522408455610275
2003-02-17,-0.21674148738384247
2003-02-18,0.013399994000792503
2003-02-19,-0.2063017636537552
2003-02-20,0.05609824135899544
2003-02-21,-0.32499104738235474
2003-02-22,0.30704548954963684
2003-02-24,-0.23908188939094543
2003-02-25,0.017122650519013405
2003-02-26,0.050147946923971176
2003-02-27,0.07502812892198563
2003-02-28,-0.027204178273677826
2003-03-03,-0.32007843255996704
2003-03-04,0.1233256459236145
2003-03-05,0.1875358521938324
2003-03-06,0.06587876379489899
2003-03-07,0.0025782748125493526
2003-03-08,-0.0500725619494915
2003-03-10,0.005791652947664261
2003-03-11,-0.10194358974695206
2003-03-12,0.29188603162765503
2003-03-13,0.007465540897101164
2003-03-14,0.045103251934051514
2003-03-15,0.007325049489736557
2003-03-17,-0.06920171529054642
2003-03-18,0.2617482841014862
2003-03-19,-0.3122134506702423
2003-03-20,0.028937706723809242
2003-03-21,0.05997614189982414
2003-03-22,-0.030585726723074913
2003-03-24,0.08730609714984894
2003-03-25,0.020935462787747383
2003-03-26,-0.34705811738967896
2003-03-27,-0.006908159703016281
2003-03-28,-0.01936957985162735
2003-03-29,-0.2258508801460266
2003-03-31,-0.12659414112567902
2003-04-01,0.05570165440440178
2003-04-02,0.17340615391731262
2003-04-03,-0.054322749376297
2003-04-04,0.02614647150039673
2003-04-05,0.2955915033817291
2003-04-07,0.08881101757287979
2003-04-08,0.09754090011119843
2003-04-09,-0.16896210610866547
2003-04-10,-0.09283945709466934
2003-04-11,0.036331579089164734
2003-04-12,-0.676819384098053
2003-04-14,-0.006713196635246277
2003-04-15,-0.32373422384262085
2003-04-16,-0.2089889794588089
2003-04-17,-0.10802755504846573
2003-04-18,0.16056609153747559
2003-04-19,-0.9284376502037048
2003-04-21,-0.07890816777944565
2003-04-22,0.051552094519138336
2003-04-23,-0.08627960830926895
2003-04-24,-0.006937434896826744
2003-04-25,-0.1427876353263855
2003-04-26,-0.009143716655671597
2003-04-28,-0.1500750184059143
2003-04-29,0.5207334756851196
2003-04-30,0.03435960039496422
2003-05-01,0.07016104459762573
2003-05-02,0.021465206518769264
2003-05-03,-0.33370542526245117
2003-05-05,0.1486491560935974
2003-05-06,0.10647551715373993
2003-05-07,0.3632183372974396
2003-05-08,0.30649927258491516
2003-05-09,0.26064082980155945
2003-05-10,-0.016206659376621246
2003-05-12,0.08246050775051117
2003-05-13,-0.025292307138442993
2003-05-14,0.022659067064523697
2003-05-15,0.0778418555855751
2003-05-16,0.33787786960601807
2003-05-17,0.00940527580678463
2003-05-19,-0.01409077923744917
2003-05-20,0.15340623259544373
2003-05-21,-0.10634565353393555
2003-05-22,-0.48855090141296387
2003-05-23,0.03472520783543587
2003-05-24,0.05593417212367058
2003-05-26,0.152487650513649
2003-05-27,0.08556292951107025
2003-05-28,-0.1687377691268921
2003-05-29,-0.1597875952720642
2003-05-30,-0.055430859327316284
2003-05-31,0.12542572617530823
2003-06-02,-0.21226580440998077
2003-06-03,-0.21703627705574036
2003-06-04,0.25536617636680603
2003-06-05,-0.057453006505966187
2003-06-06,-0.11272861808538437
2003-06-07,0.014362648129463196
2003-06-09,0.1794142872095108
2003-06-10,0.016715876758098602
2003-06-11,-0.0016371645033359528
2003-06-12,-0.25920069217681885
2003-06-13,0.04619189724326134
2003-06-14,-0.16629700362682343
2003-06-16,0.13671062886714935
2003-06-17,0.3936261534690857
2003-06-18,0.4376295804977417
2003-06-19,-0.027210870757699013
2003-06-20,0.40662890672683716
2003-06-21,-0.21851417422294617
2003-06-23,-0.004257834050804377
2003-06-24,-0.02390104904770851
2003-06-25,-0.11432527750730515
2003-06-26,0.21509476006031036
2003-06-27,-0.09539106488227844
2003-06-28,0.09618213772773743
2003-06-30,-0.038329970091581345
2003-07-01,0.0906873270869255
2003-07-02,0.03220243379473686
2003-07-03,0.020071567967534065
2003-07-04,-0.09570546448230743
2003-07-05,-0.10508964210748672
2003-07-07,-0.21740086376667023
2003-07-08,0.11941120773553848
2003-07-09,-0.0019630789756774902
2003-07-10,0.480756938457489
2003-07-11,0.04512863606214523
2003-07-12,-0.11167105287313461
2003-07-14,-0.15927666425704956
2003-07-15,-0.08314412832260132
2003-07-16,-0.02967974916100502
2003-07-17,-0.06408145278692245
2003-07-18,0.26058173179626465
2003-07-19,-0.032729845494031906
2003-07-21,0.2664269506931305
2003-07-22,0.07861839979887009
2003-07-23,0.24953711032867432
2003-07-24,0.2956276834011078
2003-07-25,-0.12989911437034607
2003-07-26,-0.026688378304243088
2003-07-28,-0.08132510632276535
2003-07-29,0.340616375207901
2003-07-30,0.33397695422172546
2003-07-31,0.26435229182243347
2003-08-01,-0.1490781605243683
2003-08-02,-0.06677980720996857
2003-08-04,0.12856143712997437
2003-08-05,0.00820527970790863
2003-08-06,0.6664558053016663
2003-08-07,0.023521214723587036
2003-08-08,0.10688705742359161
2003-08-09,-0.02168774977326393
2003-08-11,0.18190191686153412
2003-08-12,0.26729974150657654
2003-08-13,-0.4022343158721924
2003-08-14,0.03140922635793686
2003-08-15,-0.07079771161079407
2003-08-16,0.6599778532981873
2003-08-18,-0.08758194744586945
2003-08-19,-0.06174619123339653
2003-08-20,0.2591540813446045
2003-08-21,0.20125974714756012
2003-08-22,0.08228903263807297
2003-08-23,-0.1913011372089386
2003-08-25,-0.006686220411211252
2003-08-26,0.335543692111969
2003-08-27,0.2801772654056549
2003-08-28,-0.0026328712701797485
2003-08-29,0.01837604120373726
2003-08-30,-0.14742416143417358
2003-09-01,0.16550534963607788
2003-09-02,0.08177690207958221
2003-09-03,-0.0021968837827444077
2003-09-04,0.06680002808570862
2003-09-05,0.03048296831548214
2003-09-06,0.07319961488246918
2003-09-08,-0.15757223963737488
2003-09-09,0.044953297823667526
2003-09-11,-0.04750676453113556
2003-09-12,0.2517456114292145
2003-09-13,0.15842895209789276
2003-09-15,0.03825332969427109
2003-09-16,0.09385906904935837
2003-09-17,-0.2398749142885208
2003-09-18,-0.39271244406700134
2003-09-19,-0.16711412370204926
2003-09-20,0.04079283028841019
2003-09-22,0.013533473014831543
2003-09-23,-0.15574245154857635
2003-09-24,-0.03812946751713753
2003-09-25,0.840225100517273
2003-09-26,-0.11355523765087128
2003-09-27,-0.18738290667533875
2003-09-29,0.16231505572795868
2003-09-30,-0.18064220249652863
2003-10-01,0.1275562345981598
2003-10-02,0.3453902006149292
2003-10-03,0.15712183713912964
2003-10-04,0.6724744439125061
2003-10-06,-0.8136947154998779
2003-10-07,0.14910423755645752
2003-10-08,0.1317104548215866
2003-10-09,0.6508318185806274
2003-10-10,-0.2197360396385193
2003-10-11,0.6396178007125854
2003-10-13,-0.18463903665542603
2003-10-14,0.21504905819892883
2003-10-15,-0.028538420796394348
2003-10-16,0.39830121397972107
2003-10-17,-0.015217304229736328
2003-10-18,0.032461002469062805
2003-10-20,-0.004998465534299612
2003-10-21,0.43893271684646606
2003-10-22,0.34599754214286804
2003-10-23,0.38406267762184143
2003-10-24,0.4104100167751312
2003-10-25,-0.027237921953201294
2003-10-27,-0.3081657290458679
2003-10-28,0.6301727294921875
2003-10-29,0.2450263500213623
2003-10-30,0.6730550527572632
2003-10-31,0.07739602029323578
2003-11-01,0.36168476939201355
2003-11-03,-0.2913890779018402
2003-11-04,0.33767759799957275
2003-11-05,0.23677746951580048
2003-11-06,0.06784738600254059
2003-11-07,0.08654198050498962
2003-11-08,-0.5921334624290466
2003-11-10,-0.017162388190627098
2003-11-11,-0.225262850522995
2003-11-12,-0.1878204643726349
2003-11-13,-0.15657304227352142
2003-11-14,0.2891647517681122
2003-11-15,-0.3265077769756317
2003-11-17,-0.018537480384111404
2003-11-18,0.3996565043926239
2003-11-19,0.27663132548332214
2003-11-20,0.04908786714076996
2003-11-21,0.1999608725309372
2003-11-22,-0.13282574713230133
2003-11-24,0.08169315755367279
2003-11-25,0.0023119051475077868
2003-11-26,0.1443922221660614
2003-11-27,0.32875677943229675
2003-11-28,0.04787455499172211
2003-11-29,0.17959177494049072
2003-12-01,-0.1424035131931305
2003-12-02,0.2864941656589508
2003-12-03,0.13541842997074127
2003-12-04,0.2806946039199829
2003-12-05,0.14987999200820923
2003-12-06,0.23168770968914032
2003-12-08,0.4066852033138275
2003-12-09,0.3520871698856354
2003-12-10,0.43164288997650146
2003-12-11,0.024965476244688034
2003-12-12,-0.053737569600343704
2003-12-13,0.027324151247739792
2003-12-15,0.03057434782385826
2003-12-16,-0.2918272018432617
2003-12-17,0.20320256054401398
2003-12-18,0.43402278423309326
2003-12-19,0.29491254687309265
2003-12-20,0.2589358687400818
2003-12-22,0.44246962666511536
2003-12-23,0.42158129811286926
2003-12-24,-0.14964942634105682
2003-12-25,0.36452075839042664
2003-12-26,-0.9049620628356934
2003-12-27,0.0011346042156219482
2003-12-29,0.04378599673509598
2003-12-30,-0.15664462745189667
2003-12-31,0.1751786172389984
2004-01-01,-0.4622117280960083
2004-01-02,-0.279074490070343
2004-01-03,-0.02087944746017456
2004-01-05,0.17430226504802704
2004-01-06,0.04747292026877403
2004-01-07,-0.2885485291481018
2004-01-08,0.42843183875083923
2004-01-09,0.17843692004680634
2004-01-10,-0.18467573821544647
2004-01-12,0.13021428883075714
2004-01-13,0.7950279712677002
2004-01-14,0.3693631887435913
2004-01-15,0.23670616745948792
2004-01-16,0.44318723678588867
2004-01-17,-0.04899212345480919
2004-01-19,0.3778349459171295
2004-01-20,0.4792534410953522
2004-01-21,0.46319156885147095
2004-01-22,0.43237680196762085
2004-01-23,0.4915488362312317
2004-01-24,0.7335956692695618
2004-01-26,0.2870759069919586
2004-01-28,0.3148537278175354
2004-01-29,0.5371186137199402
2004-01-30,0.03773215413093567
2004-01-31,0.4697984755039215
2004-02-02,-0.1934318095445633
2004-02-03,0.2075631022453308
2004-02-04,0.12339764833450317
2004-02-05,0.47440189123153687
2004-02-06,0.07222780585289001
2004-02-07,-0.40439262986183167
2004-02-09,-0.38711193203926086
2004-02-10,0.28310999274253845
2004-02-11,0.16126906871795654
2004-02-12,0.14605668187141418
2004-02-13,0.42380061745643616
2004-02-14,0.02885284647345543
2004-02-16,0.06306132674217224
2004-02-17,0.13191227614879608
2004-02-18,0.12431643903255463
2004-02-19,0.29540112614631653
2004-02-20,0.27404582500457764
2004-02-21,0.40644270181655884
2004-02-23,0.1423548310995102
2004-02-24,-0.2737869620323181
2004-02-25,0.01742134988307953
2004-02-26,0.3572457730770111
2004-02-27,-0.13275259733200073
2004-02-28,-0.06485163420438766
2004-03-01,-0.06507158279418945
2004-03-02,-0.01920347288250923
2004-03-03,-0.44153642654418945
2004-03-04,0.37567755579948425
2004-03-05,0.26778092980384827
2004-03-06,0.4549477696418762
2004-03-08,0.2706456780433655
2004-03-09,0.053069937974214554
2004-03-10,0.24421021342277527
2004-03-11,0.6383650898933411
2004-03-12,-0.07304135710000992
2004-03-13,0.13080468773841858
2004-03-15,0.26629748940467834
2004-03-16,0.23380248248577118
2004-03-17,0.45985540747642517
2004-03-18,0.5551937222480774
2004-03-19,0.3048701882362366
2004-03-20,0.38592028617858887
2004-03-22,0.01790851354598999
2004-03-23,-0.40499943494796753
2004-03-24,0.5469042658805847
2004-03-25,-0.059129342436790466
2004-03-26,0.4427223205566406
2004-03-27,-0.17607414722442627
2004-03-29,0.33823221921920776
2004-03-30,0.03743939474225044
2004-03-31,0.29791149497032166
2004-04-01,0.2811833620071411
2004-04-02,0.3669436573982239
2004-04-03,-0.3974342346191406
2004-04-05,-0.015468016266822815
2004-04-06,0.36191120743751526
2004-04-07,0.15448611974716187
2004-04-08,0.5472338795661926
2004-04-09,-0.04492862522602081
2004-04-10,0.44588524103164673
2004-04-12,0.20491288602352142
2004-04-13,0.05998040735721588
2004-04-14,-0.09267348051071167
2004-04-15,0.43516480922698975
2004-04-16,0.2528613805770874
2004-04-17,0.15993815660476685
2004-04-19,0.506633996963501
2004-04-20,0.21186625957489014
2004-04-21,0.12103123962879181
2004-04-22,0.06663470715284348
2004-04-23,0.020589180290699005
2004-04-24,0.44979676604270935
2004-04-26,0.21926532685756683
2004-04-27,0.45311617851257324
2004-04-28,0.003486156463623047
2004-04-29,0.3732500672340393
2004-04-30,0.30794253945350647
2004-05-01,0.18835009634494781
2004-05-03,0.08045554161071777
2004-05-04,0.19878754019737244
2004-05-05,0.6369376182556152
2004-05-06,0.1605026125907898
2004-05-07,0.3765462636947632
2004-05-08,0.7173380851745605
2004-05-10,0.05513135343790054
2004-05-11,-0.2963862419128418
2004-05-12,-0.29953309893608093
2004-05-13,0.3558107614517212
2004-05-14,0.28864967823028564
2004-05-15,0.6698700189590454
2004-05-17,0.033066555857658386
2004-05-18,-0.12881039083003998
2004-05-19,0.16872985661029816
2004-05-20,0.5366777777671814
2004-05-21,0.12210115045309067
2004-05-22,-0.6362819671630859
2004-05-24,-0.2135610282421112
2004-05-25,0.45593589544296265
2004-05-26,0.4927104115486145
2004-05-27,-0.08144044876098633
2004-05-28,0.21153967082500458
2004-05-29,0.22378888726234436
2004-05-31,0.03210937976837158
2004-06-01,0.3252115249633789
2004-06-02,-0.07106170058250427
2004-06-03,-0.24903476238250732
2004-06-04,0.2275329828262329
2004-06-05,0.5819063782691956
2004-06-07,-0.22358053922653198
2004-06-08,0.3908790946006775
2004-06-09,0.20093369483947754
2004-06-10,0.1808001548051834
2004-06-11,0.2472107857465744
2004-06-12,-0.14387169480323792
2004-06-14,0.10921585559844971
2004-06-15,0.23082470893859863
2004-06-16,0.1401621252298355
2004-06-17,0.4354110062122345
2004-06-18,0.04464760050177574
2004-06-19,0.3875276744365692
2004-06-21,0.020195066928863525
2004-06-22,0.2473868876695633
2004-06-23,-0.37963205575942993
2004-06-24,-0.2464367151260376
2004-06-25,0.7452248334884644
2004-06-26,-0.4921905994415283
2004-06-28,0.21833142638206482
2004-06-29,-0.14583365619182587
2004-06-30,-0.19761593639850616
2004-07-01,-0.16798779368400574
2004-07-02,0.3473370373249054
2004-07-03,0.19583891332149506
2004-07-05,0.32336148619651794
2004-07-06,-0.08671311289072037
2004-07-07,0.05728944018483162
2004-07-08,0.08292724192142487
2004-07-09,0.4735082685947418
2004-07-10,-0.1999911665916443
2004-07-12,-0.36179614067077637
2004-07-13,-0.0703405886888504
2004-07-14,0.39708569645881653
2004-07-15,0.18083509802818298
2004-07-16,0.3053939938545227
2004-07-17,0.42631980776786804
2004-07-19,0.4722537100315094
2004-07-20,0.38073980808258057
2004-07-21,0.3926657736301422
2004-07-22,0.3862857222557068
2004-07-23,-0.11831732094287872
2004-07-24,-0.3475266993045807
2004-07-26,-0.05427013337612152
2004-07-27,-0.03728066384792328
2004-07-28,-0.06781643629074097
2004-07-29,-0.034961000084877014
2004-07-30,0.15788088738918304
2004-07-31,0.16679975390434265
2004-08-02,-0.0013986676931381226
2004-08-03,0.06454665213823318
2004-08-04,-0.0011054277420043945
2004-08-05,0.09313075989484787
2004-08-06,0.20511884987354279
2004-08-07,-0.214787095785141
2004-08-09,-0.3847195506095886
2004-08-10,0.19105663895606995
2004-08-11,0.016158679500222206
2004-08-12,-0.16494745016098022
2004-08-13,-0.39710700511932373
2004-08-14,-0.1327536255121231
2004-08-17,0.1573883295059204
2004-08-18,0.14049074053764343
2004-08-19,0.20732702314853668
2004-08-20,0.24554166197776794
2004-08-21,-0.7882657647132874
2004-08-23,0.13106811046600342
2004-08-24,-0.08004890382289886
2004-08-25,-0.10386527329683304
2004-08-26,0.5267015099525452
2004-08-27,0.10047558695077896
2004-08-28,0.08636655658483505
2004-08-30,-0.06455409526824951
2004-08-31,0.3111115097999573
2004-09-01,0.4193943440914154
2004-09-02,0.42971116304397583
2004-09-03,-0.05879860743880272
2004-09-04,0.09303871542215347
2004-09-06,-0.09233637154102325
2004-09-07,0.16481934487819672
2004-09-08,0.06945684552192688
2004-09-09,0.5293629765510559
2004-09-10,0.034062065184116364
2004-09-11,-0.06598961353302002
2004-09-13,0.4523979425430298
2004-09-14,-0.2273302972316742
2004-09-15,0.14068572223186493
2004-09-16,-0.1675187051296234
2004-09-17,0.20275455713272095
2004-09-18,0.3183916509151459
2004-09-20,0.30406826734542847
2004-09-21,-0.40572524070739746
2004-09-22,0.21115848422050476
2004-09-23,0.4143601357936859
2004-09-24,-0.24327106773853302
2004-09-25,0.4894944727420807
2004-09-27,-0.14895522594451904
2004-09-28,0.4091581702232361
2004-09-29,-0.12889565527439117
2004-09-30,0.4089813828468323
2004-10-01,-0.14039964973926544
2004-10-02,0.14551019668579102
2004-10-04,0.16741208732128143
2004-10-05,0.42583853006362915
2004-10-06,0.1452246904373169
2004-10-07,-0.15036147832870483
2004-10-08,-0.018679626286029816
2004-10-09,0.68080073595047
2004-10-11,-0.17102035880088806
2004-10-12,0.35205310583114624
2004-10-13,0.029242491349577904
2004-10-14,0.15400852262973785
2004-10-15,-0.27646201848983765
2004-10-16,-0.02659529447555542
2004-10-18,0.028969010338187218
2004-10-19,0.1797877699136734
2004-10-20,0.4237844944000244
2004-10-21,0.11442353576421738
2004-10-22,-0.4046747088432312
2004-10-23,-0.19851672649383545
2004-10-25,-0.6639353036880493
2004-10-26,0.01301826722919941
2004-10-27,0.28025051951408386
2004-10-28,-0.3752051591873169
2004-10-29,0.17722968757152557
2004-10-30,0.1273902952671051
2004-11-01,0.6372681856155396
2004-11-02,0.1291566640138626
2004-11-03,0.4774678647518158
2004-11-04,-0.1279372125864029
2004-11-05,-0.5673835873603821
2004-11-06,0.4326297342777252
2004-11-08,0.18326681852340698
2004-11-09,-0.06655056774616241
2004-11-10,0.14136101305484772
2004-11-11,-0.13171376287937164
2004-11-12,0.22470217943191528
2004-11-13,-0.12449845671653748
2004-11-16,-0.12529252469539642
2004-11-17,0.5780667662620544
2004-11-18,0.5429640412330627
2004-11-19,0.4139047861099243
2004-11-20,-0.05415505915880203
2004-11-22,0.23302532732486725
2004-11-23,0.07000361382961273
2004-11-24,0.6479433178901672
2004-11-25,0.3012862503528595
2004-11-26,0.4983392357826233
2004-11-27,-0.1454431414604187
2004-11-29,0.07364284992218018
2004-11-30,-0.47878751158714294
2004-12-01,0.45488759875297546
2004-12-02,-0.13515865802764893
2004-12-03,0.1793171465396881
2004-12-04,-0.41899773478507996
2004-12-06,-0.023335283622145653
2004-12-07,0.16781002283096313
2004-12-08,0.029221685603260994
2004-12-09,-0.10040342807769775
2004-12-10,0.07384484261274338
2004-12-11,-0.6375976800918579
2004-12-14,0.03329203277826309
2004-12-15,0.3502959609031677
2004-12-16,0.35449111461639404
2004-12-17,0.3373260498046875
2004-12-18,0.7554228901863098
2004-12-20,0.17166882753372192
2004-12-21,0.23263251781463623
2004-12-22,0.19107547402381897
2004-12-23,0.17221315205097198
2004-12-24,0.26248782873153687
2004-12-25,0.31278344988822937
2004-12-27,0.24719081819057465
2004-12-28,0.048047687858343124
2004-12-29,0.41026222705841064
2004-12-30,-0.5866369605064392
2004-12-31,0.112000972032547
2005-01-01,0.15375666320323944
2005-01-02,-0.4299454689025879
2005-01-03,-0.6988468766212463
2005-01-04,0.37015658617019653
2005-01-05,-0.04776284843683243
2005-01-06,0.09591396152973175
2005-01-07,-0.018390599638223648
2005-01-08,0.04665674641728401
2005-01-09,0.9337370991706848
2005-01-10,0.6312631368637085
2005-01-11,0.41570964455604553
2005-01-12,0.70283043384552
2005-01-13,0.6007565259933472
2005-01-14,-0.3513437509536743
2005-01-15,0.4026314914226532
2005-01-16,-0.9641513824462891
2005-01-17,0.5499101877212524
2005-01-18,0.5098196268081665
2005-01-19,0.03409707546234131
2005-01-20,0.34600380063056946
2005-01-21,0.5948997139930725
2005-01-22,0.19328057765960693
2005-01-23,0.9295580387115479
2005-01-24,0.221880242228508
2005-01-25,-0.18165796995162964
2005-01-26,-0.3305116295814514
2005-01-27,-0.96506267786026
2005-01-28,0.006399261765182018
2005-01-29,0.004993418697267771
2005-01-31,-0.23553043603897095
2005-02-01,-0.467842161655426
2005-02-02,0.49142512679100037
2005-02-03,0.27069228887557983
2005-02-04,0.03263885900378227
2005-02-05,0.4456164240837097
2005-02-06,0.15138515830039978
2005-02-07,0.3370644748210907
2005-02-08,-0.4536669850349426
2005-02-09,0.40562090277671814
2005-02-10,0.21537372469902039
2005-02-11,0.3488629460334778
2005-02-12,-0.9606497287750244
2005-02-14,0.01540297269821167
2005-02-15,0.4682556688785553
2005-02-16,0.5888906121253967
2005-02-17,0.4197506904602051
2005-02-18,0.3103567659854889
2005-02-19,-0.08935636281967163
2005-02-20,0.061106979846954346
2005-02-21,-0.1551869511604309
2005-02-22,0.5818135738372803
2005-02-23,0.3817567825317383
2005-02-24,-0.05862400308251381
2005-02-25,0.18173331022262573
2005-02-26,0.9275252819061279
2005-02-27,0.5055505633354187
2005-02-28,0.22068865597248077
2005-03-01,0.5252223610877991
2005-03-02,0.12707377970218658
2005-03-03,-0.1420067846775055
2005-03-04,-0.23219342529773712
2005-03-05,0.10504727810621262
2005-03-06,-0.023906797170639038
2005-03-07,0.12444325536489487
2005-03-08,0.158782497048378
2005-03-09,0.24483713507652283
2005-03-10,0.20426318049430847
2005-03-11,0.20712114870548248
2005-03-12,0.4726124703884125
2005-03-13,0.48787981271743774
2005-03-14,0.07877080142498016
2005-03-15,0.4588511288166046
2005-03-16,0.19313913583755493
2005-03-17,0.20508717000484467
2005-03-18,0.04978935420513153
2005-03-19,0.17316637933254242
2005-03-20,0.916757345199585
2005-03-21,-0.010490800254046917
2005-03-22,0.14096494019031525
2005-03-23,-0.5075162649154663
2005-03-24,0.8642743229866028
2005-03-25,0.2995902895927429
2005-03-26,-0.858936071395874
2005-03-27,0.9099935293197632
2005-03-28,0.15137478709220886
2005-03-29,0.05328527092933655
2005-03-30,-0.05364782363176346
2005-03-31,-0.39170193672180176
2005-04-01,0.44684934616088867
2005-04-02,-0.04054805263876915
2005-04-04,0.3189408779144287
2005-04-05,0.4657060205936432
2005-04-06,0.062150128185749054
2005-04-07,0.40177032351493835
2005-04-08,0.19387474656105042
2005-04-09,0.11506667733192444
2005-04-10,0.4457817077636719
2005-04-11,0.30479124188423157
2005-04-12,0.7761725187301636
2005-04-13,0.08745023608207703
2005-04-14,0.23069114983081818
2005-04-15,0.07140181213617325
2005-04-16,0.6337303519248962
2005-04-18,0.28621411323547363
2005-04-19,0.03945520892739296
2005-04-20,-0.0041532390750944614
2005-04-21,0.03634849935770035
2005-04-22,-0.33825960755348206
2005-04-23,-0.09576406329870224
2005-04-24,0.9314075112342834
2005-04-25,-0.011062423698604107
2005-04-26,0.24103543162345886
2005-04-27,0.43962639570236206
2005-04-28,0.44399744272232056
2005-04-29,0.16673099994659424
2005-04-30,-0.15301905572414398
2005-05-01,0.5854957699775696
2005-05-02,-0.06267052888870239
2005-05-03,0.013540866784751415
2005-05-04,-0.062008947134017944
2005-05-05,0.34000256657600403
2005-05-06,-0.08258973807096481
2005-05-07,-0.08555414527654648
2005-05-09,-0.15837135910987854
2005-05-10,0.5341559052467346
2005-05-11,0.26976722478866577
2005-05-12,-0.22132259607315063
2005-05-13,-0.37579530477523804
2005-05-14,-0.13301949203014374
2005-05-16,0.5818676352500916
2005-05-17,0.3240251839160919
2005-05-18,0.3273048996925354
2005-05-19,0.31913137435913086
2005-05-20,0.6658871173858643
2005-05-21,-0.2507888376712799
2005-05-23,-0.2278064638376236
2005-05-24,0.11914624273777008
2005-05-25,0.27889370918273926
2005-05-26,0.4812747836112976
2005-05-27,-0.0041768536902964115
2005-05-28,0.0037065104115754366
2005-05-30,0.6253459453582764
2005-05-31,0.08773773163557053
2005-06-01,-0.027161672711372375
2005-06-02,0.29383060336112976
2005-06-03,0.28274065256118774
2005-06-04,0.1852281391620636
2005-06-06,-0.03645756095647812
2005-06-07,0.09760971367359161
2005-06-08,0.14044716954231262
2005-06-09,0.6103271842002869
2005-06-10,0.07917555421590805
2005-06-11,-0.09986206889152527
2005-06-12,-0.9646973609924316
2005-06-13,0.42525532841682434
2005-06-14,0.4552363157272339
2005-06-15,0.37666940689086914
2005-06-16,0.31194037199020386
2005-06-17,0.5207029581069946
2005-06-18,0.08474947512149811
2005-06-20,0.394217848777771
2005-06-21,0.45189154148101807
2005-06-22,-0.03638136759400368
2005-06-23,0.2624615728855133
2005-06-24,-0.43102434277534485
2005-06-25,0.5525825619697571
2005-06-27,0.03928850591182709
2005-06-28,-0.5734024047851562
2005-06-29,-0.28561654686927795
2005-06-30,0.35837551951408386
2005-07-01,0.334684282541275
2005-07-02,0.052881572395563126
2005-07-04,0.4998941719532013
2005-07-05,0.14027492702007294
2005-07-06,0.42871326208114624
2005-07-07,0.30938297510147095
2005-07-08,0.07695983350276947
2005-07-09,-0.056805819272994995
2005-07-11,0.0622527115046978
2005-07-12,0.4088801145553589
2005-07-13,0.3705581724643707
2005-07-14,0.8943641185760498
2005-07-15,0.3953922986984253
2005-07-16,-0.1743330955505371
2005-07-18,0.07184196263551712
2005-07-19,0.3648282289505005
2005-07-20,0.05553973466157913
2005-07-21,0.022088631987571716
2005-07-22,0.6421197056770325
2005-07-23,0.14798596501350403
2005-07-25,0.2694840133190155
2005-07-26,0.5933855772018433
2005-07-27,0.08655335009098053
2005-07-28,0.10375132411718369
2005-07-30,-0.3230614960193634
2005-08-01,0.20959515869617462
2005-08-02,-0.20817609131336212
2005-08-03,0.20877891778945923
2005-08-04,-0.2731989622116089
2005-08-05,-0.4732229709625244
2005-08-06,0.3377991318702698
2005-08-08,0.3105526864528656
2005-08-09,-0.23997648060321808
2005-08-10,-0.06860219687223434
2005-08-11,0.006325376220047474
2005-08-12,0.12917189300060272
2005-08-13,0.588099479675293
2005-08-15,0.7484437227249146
2005-08-17,0.28430697321891785
2005-08-18,-0.24609719216823578
2005-08-19,0.3131881058216095
2005-08-20,0.3808097541332245
2005-08-22,-0.2909746766090393
2005-08-23,0.13556590676307678
2005-08-24,-0.022701045498251915
2005-08-25,0.23891134560108185
2005-08-26,0.11240970343351364
2005-08-27,-0.7335515022277832
2005-08-29,0.21182966232299805
2005-08-30,0.547758936882019
2005-08-31,0.5121456384658813
2005-09-01,0.44192633032798767
2005-09-02,0.3843931257724762
2005-09-03,0.5156946778297424
2005-09-05,0.9264307022094727
2005-09-06,0.4602087140083313
2005-09-07,0.6113687753677368
2005-09-08,0.6921579241752625
2005-09-09,0.04982985183596611
2005-09-10,0.40256986021995544
2005-09-12,0.013668675906956196
2005-09-13,0.14241847395896912
2005-09-14,-0.1918138712644577
2005-09-15,-0.06610537320375443
2005-09-16,0.47656697034835815
2005-09-17,0.15318921208381653
2005-09-19,-0.20233938097953796
2005-09-20,0.595180094242096
2005-09-21,0.3970279097557068
2005-09-22,0.334358274936676
2005-09-23,0.2550593614578247
2005-09-24,0.023523567244410515
2005-09-26,0.33340907096862793
2005-09-27,0.37791967391967773
2005-09-28,-0.7168835997581482
2005-09-29,0.020666280761361122
2005-09-30,-0.17749501764774323
2005-10-01,0.33640173077583313
2005-10-03,0.2442551851272583
2005-10-04,0.47671470046043396
2005-10-05,0.4227064251899719
2005-10-06,-0.23242129385471344
2005-10-07,-0.26862668991088867
2005-10-08,0.5656507015228271
2005-10-10,-0.019012227654457092
2005-10-11,0.07232407480478287
2005-10-12,0.7164644598960876
2005-10-13,0.762575626373291
2005-10-14,0.15168897807598114
2005-10-15,0.8740895390510559
2005-10-17,0.7020207047462463
2005-10-18,0.31444060802459717
2005-10-19,0.39752960205078125
2005-10-20,0.30253174901008606
2005-10-21,0.14970393478870392
2005-10-22,0.12756642699241638
2005-10-24,0.17735382914543152
2005-10-25,0.24969948828220367
2005-10-26,0.23690879344940186
2005-10-27,0.38220593333244324
2005-10-28,0.5272135734558105
2005-10-29,0.924960196018219
2005-10-31,0.516594648361206
2005-11-01,0.4557386338710785
2005-11-03,0.11513502150774002
2005-11-04,0.02616172283887863
2005-11-05,0.277887761592865
2005-11-07,-0.19922205805778503
2005-11-08,0.039212729781866074
2005-11-09,0.5194013714790344
2005-11-10,0.07683438062667847
2005-11-11,0.15979936718940735
2005-11-12,0.0725431963801384
2005-11-14,0.22235912084579468
2005-11-15,-0.007592624519020319
2005-11-16,-0.013274592347443104
2005-11-17,0.3311465382575989
2005-11-18,0.13015739619731903
2005-11-19,0.33104997873306274
2005-11-21,0.38413360714912415
2005-11-22,0.13278821110725403
2005-11-23,0.5075920224189758
2005-11-24,0.206131249666214
2005-11-25,0.34351417422294617
2005-11-26,0.5771436095237732
2005-11-28,0.30517709255218506
2005-11-29,0.24755460023880005
2005-11-30,0.17048123478889465
2005-12-01,0.3782936632633209
2005-12-02,0.30358266830444336
2005-12-03,0.1403370201587677
2005-12-05,0.6287354826927185
2005-12-06,-0.2595478296279907
2005-12-07,0.15239833295345306
2005-12-08,0.5103403329849243
2005-12-09,0.4041152000427246
2005-12-10,0.5381928086280823
2005-12-13,0.18909499049186707
2005-12-14,-0.007446818053722382
2005-12-15,0.5336602330207825
2005-12-16,0.1987876445055008
2005-12-17,0.03238503262400627
2005-12-19,0.21030914783477783
2005-12-20,0.6414682269096375
2005-12-21,0.15028300881385803
2005-12-22,0.41263267397880554
2005-12-23,0.5933056473731995
2005-12-24,0.003507575485855341
2005-12-27,0.03499392420053482
2005-12-28,0.4675326347351074
2005-12-29,0.05694932863116264
2005-12-30,0.4438078999519348
2005-12-31,0.2332681268453598
2006-01-02,0.7903653979301453
2006-01-03,0.6536446809768677
2006-01-04,0.11296478658914566
2006-01-05,0.30713310837745667
2006-01-06,0.19663576781749725
2006-01-07,0.14089159667491913
2006-01-09,-0.06720767170190811
2006-01-10,0.4465072453022003
2006-01-11,0.2581118941307068
2006-01-12,0.34290021657943726
2006-01-13,0.3798151910305023
2006-01-14,0.6940736770629883
2006-01-16,-0.41979390382766724
2006-01-17,0.1774357408285141
2006-01-18,0.6010498404502869
2006-01-19,0.5234933495521545
2006-01-20,0.2986558973789215
2006-01-21,0.40953925251960754
2006-01-23,0.2414240539073944
2006-01-24,0.09830299019813538
2006-01-25,0.7250388860702515
2006-01-26,-0.057805951684713364
2006-01-27,0.5894719958305359
2006-01-28,0.44621801376342773
2006-01-30,-0.8768252730369568
2006-01-31,0.3472258746623993
2006-02-01,0.10276209563016891
2006-02-02,0.14805419743061066
2006-02-03,-0.0016900872578844428
2006-02-04,0.2172996550798416
2006-02-06,0.3991239070892334
2006-02-07,0.24270518124103546
2006-02-08,0.27151626348495483
2006-02-09,0.34531697630882263
2006-02-10,0.575861930847168
2006-02-11,0.19951841235160828
2006-02-13,0.10582293570041656
2006-02-14,0.26255449652671814
2006-02-15,0.5121928453445435
2006-02-16,0.25804653763771057
2006-02-17,-0.09947770833969116
2006-02-18,0.5914965271949768
2006-02-20,0.3613540828227997
2006-02-21,0.2953885495662689
2006-02-22,0.5528230667114258
2006-02-23,0.1859179437160492
2006-02-24,0.39202114939689636
2006-02-25,-0.6116167306900024
2006-02-27,-0.028721164911985397
2006-02-28,0.19562672078609467
2006-03-01,0.17736466228961945
2006-03-02,0.20501595735549927
2006-03-03,-0.024479662999510765
2006-03-04,0.4836587905883789
2006-03-06,0.12839968502521515
2006-03-07,-0.05838184058666229
2006-03-08,-0.17947077751159668
2006-03-09,0.5057945847511292
2006-03-10,0.22045162320137024
2006-03-11,-0.11984071880578995
2006-03-12,0.28469350934028625
2006-03-13,0.8298603892326355
2006-03-14,0.3219899535179138
2006-03-15,-0.1376570463180542
2006-03-16,0.5452530384063721
2006-03-17,0.5347591638565063
2006-03-18,0.44550958275794983
2006-03-20,0.5078709125518799
2006-03-21,0.401319682598114
2006-03-22,0.39145606756210327
2006-03-23,0.014240196906030178
2006-03-24,0.1827745884656906
2006-03-25,0.3870824873447418
2006-03-27,-0.020002873614430428
2006-03-28,0.47204408049583435
2006-03-29,0.19190917909145355
2006-03-30,0.16899676620960236
2006-03-31,0.1100916862487793
2006-04-01,-0.16446718573570251
2006-04-03,0.45532459020614624
2006-04-04,0.2776254415512085
2006-04-05,0.030159085988998413
2006-04-06,-0.19440345466136932
2006-04-07,0.23879186809062958
2006-04-08,0.5778152346611023
2006-04-09,0.34632036089897156
2006-04-10,0.5703070163726807
2006-04-11,0.26870474219322205
2006-04-12,0.1901182383298874
2006-04-13,0.4547199308872223
2006-04-14,-0.06822359561920166
2006-04-15,0.13646626472473145
2006-04-17,0.1203753873705864
2006-04-18,0.4309874176979065
2006-04-19,0.16975222527980804
2006-04-20,0.5876404047012329
2006-04-21,0.4548313021659851
2006-04-22,0.534011721611023
2006-04-24,0.5002869963645935
2006-04-25,0.5768642425537109
2006-04-26,0.22760042548179626
2006-04-27,0.2948105037212372
2006-04-28,0.45304131507873535
2006-04-29,-0.2750185430049896
2006-04-30,0.7968854904174805
2006-05-01,0.6092576384544373
2006-05-02,0.5528023838996887
2006-05-03,0.13642682135105133
2006-05-04,0.3210054039955139
2006-05-05,0.26237165927886963
2006-05-06,0.3728087544441223
2006-05-09,0.45819687843322754
2006-05-10,0.5006774067878723
2006-05-11,0.2336975485086441
2006-05-12,0.3331926167011261
2006-05-13,-0.017225561663508415
2006-05-15,0.2927878201007843
2006-05-16,0.39709556102752686
2006-05-17,0.28333544731140137
2006-05-18,0.10883315652608871
2006-05-19,0.5135236978530884
2006-05-20,-0.11057624220848083
2006-05-22,0.5189680457115173
2006-05-23,0.34202685952186584
2006-05-24,0.6779577136039734
2006-05-25,0.5637571811676025
2006-05-26,0.5835657119750977
2006-05-27,-0.20875099301338196
2006-05-28,0.41664549708366394
2006-05-29,0.3193241059780121
2006-05-30,0.20378868281841278
2006-05-31,0.4130420684814453
2006-06-01,0.14277899265289307
2006-06-02,0.26018133759498596
2006-06-03,0.08169765025377274
2006-06-04,0.682675838470459
2006-06-05,0.6236168742179871
2006-06-06,0.19578641653060913
2006-06-07,0.09094759076833725
2006-06-08,0.5450197458267212
2006-06-09,0.3027784526348114
2006-06-10,-0.4343195855617523
2006-06-11,0.25654760003089905
2006-06-12,0.8465064764022827
2006-06-13,0.49263671040534973
2006-06-14,0.1464933604001999
2006-06-15,0.6307908296585083
2006-06-16,0.14272116124629974
2006-06-17,-0.23447561264038086
2006-06-19,0.5736805200576782
2006-06-20,0.3631778955459595
2006-06-21,0.02258526347577572
2006-06-22,0.6232869625091553
2006-06-23,-0.00038434777525253594
2006-06-24,0.4472489058971405
2006-06-26,0.11333250254392624
2006-06-27,0.07982568442821503
2006-06-28,-0.20612592995166779
2006-06-29,0.15747009217739105
2006-06-30,0.34773513674736023
2006-07-01,-0.8652808666229248
2006-07-03,0.32234466075897217
2006-07-04,0.08813165128231049
2006-07-05,0.6389262676239014
2006-07-06,0.32611384987831116
2006-07-07,-0.030516862869262695
2006-07-08,0.584799587726593
2006-07-10,0.47681108117103577
2006-07-11,0.39192405343055725
2006-07-12,0.2156253308057785
2006-07-13,-0.22576260566711426
2006-07-14,0.2603834569454193
2006-07-15,0.4898425340652466
2006-07-17,0.46125003695487976
2006-07-18,0.3115081191062927
2006-07-19,0.5143486857414246
2006-07-20,-0.02067035436630249
2006-07-21,0.29473385214805603
2006-07-22,0.3573036193847656
2006-07-23,0.9261294007301331
2006-07-24,0.21684598922729492
2006-07-25,0.41187790036201477
2006-07-26,0.31017738580703735
2006-07-27,0.7764788866043091
2006-07-28,-0.05757591128349304
2006-07-29,0.2752508819103241
2006-07-31,0.03450791537761688
2006-08-01,0.35974636673927307
2006-08-02,0.2965143024921417
2006-08-03,0.5966123342514038
2006-08-04,-0.11248424649238586
2006-08-05,0.26836296916007996
2006-08-06,0.4228990972042084
2006-08-07,0.10686850547790527
2006-08-08,0.4739738404750824
2006-08-09,0.3321914076805115
2006-08-10,0.12415039539337158
2006-08-11,0.3526837229728699
2006-08-12,-0.20291399955749512
2006-08-13,0.9140040278434753
2006-08-14,0.4938526153564453
2006-08-15,0.2488173097372055
2006-08-16,-0.06049027293920517
2006-08-17,0.2372562289237976
2006-08-18,-0.10624898970127106
2006-08-19,0.20139288902282715
2006-08-21,0.1048690676689148
2006-08-22,-0.12198694795370102
2006-08-23,0.371724396944046
2006-08-24,-0.03912859410047531
2006-08-25,0.2571978271007538
2006-08-26,0.5726945996284485
2006-08-28,0.5915223360061646
2006-08-29,0.5384001135826111
2006-08-30,0.2965598702430725
2006-08-31,0.5153043270111084
2006-09-01,-0.20205995440483093
2006-09-02,0.15190884470939636
2006-09-03,0.4004456698894501
2006-09-04,0.3058367371559143
2006-09-05,0.41965019702911377
2006-09-06,0.25187447667121887
2006-09-07,0.4721026122570038
2006-09-08,0.2206576019525528
2006-09-09,-0.5248739123344421
2006-09-10,0.9139522314071655
2006-09-11,0.4653988480567932
2006-09-12,0.4496905505657196
2006-09-13,0.36959022283554077
2006-09-14,-0.011457211337983608
2006-09-15,0.3701934814453125
2006-09-16,-0.13872092962265015
2006-09-18,0.1989957094192505
2006-09-19,0.5129887461662292
2006-09-20,-0.2638850212097168
2006-09-21,0.2514209747314453
2006-09-22,0.14579911530017853
2006-09-23,-0.2944304943084717
2006-09-25,0.23734043538570404
2006-09-26,0.04664871096611023
2006-09-27,0.5058741569519043
2006-09-28,0.37533295154571533
2006-09-29,0.30131345987319946
2006-09-30,0.5813196301460266
2006-10-02,0.33533039689064026
2006-10-03,0.14692322909832
2006-10-04,0.5765425562858582
2006-10-05,0.4759611487388611
2006-10-06,0.2925759255886078
2006-10-07,0.528967022895813
2006-10-09,0.8901443481445312
2006-10-10,0.38758257031440735
2006-10-11,0.3427846133708954
2006-10-12,0.5674076676368713
2006-10-13,0.599026083946228
2006-10-14,0.30278441309928894
2006-10-16,0.7367067337036133
2006-10-17,0.5339543223381042
2006-10-18,0.20843961834907532
2006-10-19,0.5068590044975281
2006-10-20,0.5095136165618896
2006-10-21,-0.23364035785198212
2006-10-23,0.2658035159111023
2006-10-24,0.40991371870040894
2006-10-25,0.6150051355361938
2006-10-26,0.47275760769844055
2006-10-27,0.37979695200920105
2006-10-28,0.6808733344078064
2006-10-29,0.9295557737350464
2006-10-30,0.489435076713562
2006-10-31,0.6858347654342651
2006-11-01,0.41523414850234985
2006-11-02,0.1653740555047989
2006-11-03,-0.09648843109607697
2006-11-04,0.5234495401382446
2006-11-06,0.12003884464502335
2006-11-07,0.30082330107688904
2006-11-08,-0.15430575609207153
2006-11-09,0.25242912769317627
2006-11-10,0.2921460270881653
2006-11-11,0.22718805074691772
2006-11-13,0.15324386954307556
2006-11-14,0.09851564466953278
2006-11-15,-0.09296240657567978
2006-11-16,0.2570059597492218
2006-11-17,0.6827103495597839
2006-11-18,0.22984658181667328
2006-11-20,0.08872044086456299
2006-11-21,0.43083658814430237
2006-11-22,0.20061533153057098
2006-11-23,0.41177618503570557
2006-11-24,0.19084614515304565
2006-11-25,0.5764641761779785
2006-11-27,0.8204416036605835
2006-11-28,0.11426590383052826
2006-11-29,0.351032018661499
2006-11-30,0.08155975490808487
2006-12-01,0.38091692328453064
2006-12-02,0.7940139770507812
2006-12-04,0.34592652320861816
2006-12-05,0.46255403757095337
2006-12-06,0.6968097686767578
2006-12-07,0.24295960366725922
2006-12-08,0.27302268147468567
2006-12-09,0.279638409614563
2006-12-11,0.07117046415805817
2006-12-12,0.6017062664031982
2006-12-13,0.10576725006103516
2006-12-14,0.21836137771606445
2006-12-15,0.14193734526634216
2006-12-16,0.1130136027932167
2006-12-18,0.8812357783317566
2006-12-19,0.36950239539146423
2006-12-20,0.2079140543937683
2006-12-21,0.36862707138061523
2006-12-22,0.626977801322937
2006-12-23,0.5560168027877808
2006-12-24,0.6848312020301819
2006-12-25,0.13849173486232758
2006-12-26,0.501361608505249
2006-12-27,-0.32997652888298035
2006-12-28,0.9306073188781738
2006-12-29,0.04903231933712959
2006-12-30,-0.0011821985244750977
2007-01-01,0.43135014176368713
2007-01-02,0.2316652089357376
2007-01-03,-0.12269912660121918
2007-01-04,-0.20610766112804413
2007-01-05,0.2636549174785614
2007-01-06,-0.4398927688598633
2007-01-07,0.06581898778676987
2007-01-08,0.8007364869117737
2007-01-09,0.07220906019210815
2007-01-10,0.18778136372566223
2007-01-11,0.20444528758525848
2007-01-12,0.3522249758243561
2007-01-13,0.7536823749542236
2007-01-14,-0.13228805363178253
2007-01-15,0.32745736837387085
2007-01-16,0.05166719853878021
2007-01-17,0.45897895097732544
2007-01-18,0.0022204637061804533
2007-01-19,-0.029362047091126442
2007-01-20,0.3323187530040741
2007-01-21,0.9321888089179993
2007-01-22,-0.9387354254722595
2007-01-23,0.08398020267486572
2007-01-24,0.34263136982917786
2007-01-25,0.7611806988716125
2007-01-26,0.25932201743125916
2007-01-27,0.8797256946563721
2007-01-28,0.7974568605422974
2007-01-29,0.0199928879737854
2007-01-30,0.3564052879810333
2007-01-31,0.5736855864524841
2007-02-01,0.3015671372413635
2007-02-02,-0.3365168273448944
2007-02-03,0.5289751887321472
2007-02-04,0.2631549835205078
2007-02-05,0.30875125527381897
2007-02-06,0.20143333077430725
2007-02-07,0.17140626907348633
2007-02-08,0.16173315048217773
2007-02-09,-0.9537292122840881
2007-02-10,-0.0688890665769577
2007-02-11,0.8982083797454834
2007-02-12,-0.6268435716629028
2007-02-13,0.34050261974334717
2007-02-14,0.0546443872153759
2007-02-15,0.2242114543914795
2007-02-16,0.38423240184783936
2007-02-17,0.8865834474563599
2007-02-20,0.5202293395996094
2007-02-21,0.11444292962551117
2007-02-22,-0.067225880920887
2007-02-23,0.019914954900741577
2007-02-24,0.8261294364929199
2007-02-25,0.3603511154651642
2007-02-26,0.2996795177459717
2007-02-27,0.6486233472824097
2007-02-28,0.22896985709667206
2007-03-01,0.1663602590560913
2007-03-02,0.5569337606430054
2007-03-03,-0.2277517318725586
2007-03-04,-0.18960770964622498
2007-03-05,0.43008309602737427
2007-03-06,-0.3189310133457184
2007-03-07,0.47837504744529724
2007-03-08,-0.2206786870956421
2007-03-09,-0.21032464504241943
2007-03-10,-0.5989749431610107
2007-03-11,0.43965137004852295
2007-03-12,-0.1746303290128708
2007-03-13,0.6076076626777649
2007-03-14,0.16218094527721405
2007-03-15,-0.10833128541707993
2007-03-16,0.18967732787132263
2007-03-17,-0.23682701587677002
2007-03-18,0.14737296104431152
2007-03-19,0.5117591619491577
2007-03-20,0.9217650294303894
2007-03-21,0.33989810943603516
2007-03-22,0.3768569231033325
2007-03-23,0.3507267236709595
2007-03-24,0.3862076997756958
2007-03-25,0.15342797338962555
2007-03-26,-0.052960556000471115
2007-03-27,-0.40684089064598083
2007-03-28,0.8428951501846313
2007-03-29,-0.2866593301296234
2007-03-30,0.2046598196029663
2007-03-31,0.8361313939094543
2007-04-01,0.03270189091563225
2007-04-02,0.18504738807678223
2007-04-03,-0.01852518320083618
2007-04-04,0.06668362766504288
2007-04-05,0.43561068177223206
2007-04-06,-0.01538440864533186
2007-04-07,0.28141865134239197
2007-04-08,0.27150243520736694
2007-04-09,0.028583623468875885
2007-04-10,0.5194095969200134
2007-04-11,0.11436212062835693
2007-04-12,0.8556174635887146
2007-04-13,0.5087526440620422
2007-04-14,0.3173915445804596
2007-04-15,0.9283938407897949
2007-04-16,0.9087291955947876
2007-04-17,0.34661999344825745
2007-04-18,0.4570602476596832
2007-04-19,0.6829262375831604
2007-04-20,-0.026674216613173485
2007-04-21,0.5838980078697205
2007-04-22,0.20082443952560425
2007-04-23,0.7541568279266357
2007-04-24,0.2179996818304062
2007-04-25,0.5173817276954651
2007-04-26,0.44116175174713135
2007-04-27,0.18186785280704498
2007-04-28,0.6719579696655273
2007-04-29,0.3572310507297516
2007-04-30,0.2047843635082245
2007-05-01,0.2960970103740692
2007-05-02,0.4724765717983246
2007-05-03,-0.1154891774058342
2007-05-04,0.8164165019989014
2007-05-05,0.013526951894164085
2007-05-06,-0.0425252839922905
2007-05-07,0.40529865026474
2007-05-08,0.08805402368307114
2007-05-09,0.16506586968898773
2007-05-10,0.5838741064071655
2007-05-11,-0.24054495990276337
2007-05-12,-0.039806973189115524
2007-05-13,-0.030498478561639786
2007-05-14,-0.9657063484191895
2007-05-15,0.07201292365789413
2007-05-16,0.12300360202789307
2007-05-17,0.6084614396095276
2007-05-18,0.4907468855381012
2007-05-19,0.09401512145996094
2007-05-20,0.5755182504653931
2007-05-21,0.4082300364971161
2007-05-22,0.3458378314971924
2007-05-23,0.21951235830783844
2007-05-24,-0.1100241169333458
2007-05-25,0.3167451322078705
2007-05-26,0.18761837482452393
2007-05-28,0.07225276529788971
2007-05-29,0.601922333240509
2007-05-30,0.6090921759605408
2007-05-31,-0.10258705914020538
2007-06-01,-0.041506797075271606
2007-06-02,-0.5786798000335693
2007-06-03,0.021945849061012268
2007-06-04,0.14982737600803375
2007-06-05,-0.05603229999542236
2007-06-06,0.4595584273338318
2007-06-07,0.2697993218898773
2007-06-08,0.12976184487342834
2007-06-10,0.5277456641197205
2007-06-11,0.18182899057865143
2007-06-12,0.5557093024253845
2007-06-13,0.23916295170783997
2007-06-14,0.32076600193977356
2007-06-15,0.6351063847541809
2007-06-16,0.11026201397180557
2007-06-17,0.4766567647457123
2007-06-18,0.34875911474227905
2007-06-19,0.7066017985343933
2007-06-20,0.5122864842414856
2007-06-21,0.6317738890647888
2007-06-22,0.21868328750133514
2007-06-23,0.9163767099380493
2007-06-24,-0.0662621483206749
2007-06-25,0.17838890850543976
2007-06-26,0.5833495855331421
2007-06-27,0.39694744348526
2007-06-28,0.20840229094028473
2007-06-29,0.5244471430778503
2007-06-30,0.5649914145469666
2007-07-02,0.0564122311770916
2007-07-03,0.46477532386779785
2007-07-04,0.3219381868839264
2007-07-05,0.46464288234710693
2007-07-06,0.605962872505188
2007-07-07,0.2549308240413666
2007-07-09,-0.0948372408747673
2007-07-10,0.15351785719394684
2007-07-11,0.38378143310546875
2007-07-12,0.17966747283935547
2007-07-13,0.3704746663570404
2007-07-14,0.16614171862602234
2007-07-16,0.005985816940665245
2007-07-17,0.6556388139724731
2007-07-18,-0.2783239185810089
2007-07-19,0.053667087107896805
2007-07-20,0.622642457485199
2007-07-21,0.36350104212760925
2007-07-22,2.5272369384765625e-05
2007-07-23,0.43941980600357056
2007-07-24,0.4520043432712555
2007-07-25,0.6137843132019043
2007-07-26,0.9113953709602356
2007-07-27,0.5033933520317078
2007-07-28,0.9239875078201294
2007-07-29,-0.031510137021541595
2007-07-30,0.24454325437545776
2007-07-31,0.4075881540775299
2007-08-01,0.6963141560554504
2007-08-02,-0.045829128473997116
2007-08-03,0.34570547938346863
2007-08-04,0.23157653212547302
2007-08-05,-0.20046573877334595
2007-08-06,0.5008721351623535
2007-08-07,0.353910356760025
2007-08-08,0.5179131031036377
2007-08-09,-0.16911986470222473
2007-08-10,0.2657819092273712
2007-08-11,0.6016077399253845
2007-08-12,0.9007084965705872
2007-08-13,0.028628667816519737
2007-08-14,0.06644806265830994
2007-08-15,-0.9239550828933716
2007-08-16,-0.4260678291320801
2007-08-17,-0.30734866857528687
2007-08-18,0.35543081164360046
2007-08-20,0.24708706140518188
2007-08-21,0.13993294537067413
2007-08-22,0.6704334616661072
2007-08-23,0.4718232750892639
2007-08-24,0.22852939367294312
2007-08-25,0.3977740705013275
2007-08-26,0.13623438775539398
2007-08-27,0.2186911255121231
2007-08-28,0.2739240229129791
2007-08-29,-0.4679972231388092
2007-08-30,0.19227872788906097
2007-08-31,0.5523117184638977
2007-09-01,0.05001922324299812
2007-09-02,0.3127354085445404
2007-09-03,0.3930985927581787
2007-09-04,0.08399412781000137
2007-09-05,-0.18797694146633148
2007-09-06,0.013528641313314438
2007-09-07,-0.019887419417500496
2007-09-09,0.1176556646823883
2007-09-10,0.638064980506897
2007-09-11,0.025960206985473633
2007-09-12,-0.19451646506786346
2007-09-13,0.3828822374343872
2007-09-14,0.37398576736450195
2007-09-15,0.656215488910675
2007-09-16,-0.3048913776874542
2007-09-17,-0.24451714754104614
2007-09-18,-0.264781653881073
2007-09-19,0.22707761824131012
2007-09-20,0.34796231985092163
2007-09-21,0.3891819715499878
2007-09-22,0.06520774215459824
2007-09-24,0.5184960961341858
2007-09-25,0.33299171924591064
2007-09-26,0.23810580372810364
2007-09-27,0.5146803259849548
2007-09-28,0.5066941380500793
2007-09-29,0.26096203923225403
2007-10-01,-0.34672442078590393
2007-10-02,0.048774003982543945
2007-10-03,0.6330533623695374
2007-10-04,-0.08129297196865082
2007-10-05,0.14842313528060913
2007-10-06,0.15726238489151
2007-10-08,0.20642715692520142
2007-10-09,0.7103726863861084
2007-10-10,-0.23134997487068176
2007-10-11,0.28667473793029785
2007-10-12,0.3251316249370575
2007-10-13,0.06048023700714111
2007-10-14,-0.9055194854736328
2007-10-15,-0.915572464466095
2007-10-16,0.6322839856147766
2007-10-17,0.4895798861980438
2007-10-18,0.7308349013328552
2007-10-19,0.3654358386993408
2007-10-20,0.8543770909309387
2007-10-21,0.7277629971504211
2007-10-22,-0.0519774965941906
2007-10-23,0.8741300702095032
2007-10-24,0.6473909616470337
2007-10-25,0.10261323302984238
2007-10-26,0.5328823924064636
2007-10-27,0.32588711380958557
2007-10-28,-0.01765383780002594
2007-10-29,0.30400457978248596
2007-10-30,0.4282105267047882
2007-10-31,0.5575759410858154
2007-11-01,0.308702677488327
2007-11-02,-0.0013276636600494385
2007-11-05,-0.8367667198181152
2007-11-06,-0.07673357427120209
2007-11-07,0.017354071140289307
2007-11-08,0.16249364614486694
2007-11-09,-0.28784653544425964
2007-11-12,0.2763075828552246
2007-11-13,0.11088027060031891
2007-11-14,-0.007358749862760305
2007-11-15,0.3796774744987488
2007-11-16,0.696391761302948
2007-11-19,0.42631372809410095
2007-11-20,0.18208160996437073
2007-11-21,-0.14796411991119385
2007-11-22,0.2190278321504593
2007-11-23,0.3397890031337738
2007-11-24,0.420624315738678
2007-11-26,0.05679754167795181
2007-11-27,0.5918152928352356
2007-11-28,0.2955668270587921
2007-11-29,-0.18555200099945068
2007-11-30,0.7068786025047302
2007-12-02,0.27554500102996826
2007-12-03,0.16066701710224152
2007-12-04,-0.17712849378585815
2007-12-05,-0.35336819291114807
2007-12-06,0.6882085800170898
2007-12-07,0.27406322956085205
2007-12-08,-0.2504449486732483
2007-12-10,0.335576593875885
2007-12-11,0.795646607875824
2007-12-12,-0.08909589797258377
2007-12-13,-0.031380292028188705
2007-12-14,0.4570889174938202
2007-12-15,-0.19528327882289886
2007-12-17,0.4048490822315216
2007-12-18,-0.059219133108854294
2007-12-19,0.24007783830165863
2007-12-20,0.27076226472854614
2007-12-21,-0.5492979884147644
2007-12-22,0.5000052452087402
2007-12-24,0.0409010648727417
2007-12-25,0.28328201174736023
2007-12-26,0.14345258474349976
2007-12-27,0.5038648247718811
2007-12-28,0.07278314232826233
2007-12-29,0.12342962622642517
2007-12-31,-0.03891582787036896
2008-01-01,0.15192291140556335
2008-01-02,0.09353117644786835
2008-01-03,0.17661838233470917
2008-01-04,0.49330365657806396
2008-01-05,-0.12965601682662964
2008-01-07,0.42150944471359253
2008-01-08,0.26321491599082947
2008-01-09,0.15664932131767273
2008-01-10,0.6113517880439758
2008-01-11,0.28750020265579224
2008-01-12,0.4823111891746521
2008-01-13,0.030389487743377686
2008-01-14,0.4668438732624054
2008-01-15,0.3448537290096283
2008-01-16,0.053796522319316864
2008-01-17,0.6252442002296448
2008-01-18,0.37641048431396484
2008-01-19,0.6003949046134949
2008-01-20,0.932366669178009
2008-01-21,0.6856391429901123
2008-01-22,0.2433023303747177
2008-01-23,0.7645595073699951
2008-01-24,0.6979129910469055
2008-01-25,0.26074251532554626
2008-01-26,0.34389305114746094
2008-01-28,0.7137690782546997
2008-01-29,-0.18607114255428314
2008-01-30,0.5494576096534729
2008-01-31,-0.12767815589904785
2008-02-01,0.29517850279808044
2008-02-02,0.28477996587753296
2008-02-03,-0.19059628248214722
2008-02-04,-0.6994512677192688
2008-02-05,0.21180443465709686
2008-02-06,0.419281929731369
2008-02-07,-0.2639778256416321
2008-02-08,0.5121496319770813
2008-02-10,0.5965891480445862
2008-02-11,0.052526749670505524
2008-02-12,-0.07166335731744766
2008-02-13,0.42494574189186096
2008-02-14,0.25777357816696167
2008-02-15,-0.9600210785865784
2008-02-17,0.8561605215072632
2008-02-18,0.178786501288414
2008-02-19,0.3989417254924774
2008-02-20,0.2167973518371582
2008-02-21,-0.02350715920329094
2008-02-22,0.08337724208831787
2008-02-23,-0.06227961182594299
2008-02-25,-0.23730508983135223
2008-02-26,0.6108613014221191
2008-02-27,0.7311132550239563
2008-02-28,0.2540590465068817
2008-02-29,-0.07110949605703354
2008-03-01,0.14880013465881348
2008-03-02,-0.20080822706222534
2008-03-03,0.6708610653877258
2008-03-04,0.19240473210811615
2008-03-05,-0.035379230976104736
2008-03-06,0.13777735829353333
2008-03-07,0.1024969220161438
2008-03-08,0.5669525265693665
2008-03-10,-0.5585715770721436
2008-03-11,0.0719955563545227
2008-03-12,0.2647041380405426
2008-03-13,0.10714879631996155
2008-03-14,0.5205035209655762
2008-03-15,0.6903916597366333
2008-03-16,-0.8630661964416504
2008-03-17,-0.09743534028530121
2008-03-18,0.2472115308046341
2008-03-19,0.07919678837060928
2008-03-20,-0.29701441526412964
2008-03-21,0.1251876801252365
2008-03-22,0.9300435185432434
2008-03-23,-0.09535117447376251
2008-03-24,0.8971452116966248
2008-03-25,0.16274672746658325
2008-03-26,0.42643874883651733
2008-03-27,0.12390518188476562
2008-03-28,0.6338823437690735
2008-03-30,-0.8445416688919067
2008-03-31,0.22439542412757874
2008-04-01,-0.07652926445007324
2008-04-02,-0.5272342562675476
2008-04-03,-0.12344300001859665
2008-04-04,-0.2654484212398529
2008-04-05,0.863871157169342
2008-04-07,0.41559743881225586
2008-04-08,0.29693603515625
2008-04-09,-0.288903146982193
2008-04-10,-0.14162355661392212
2008-04-11,-0.06817108392715454
2008-04-12,0.3163115084171295
2008-04-14,-0.40268802642822266
2008-04-15,0.17719635367393494
2008-04-16,0.310791552066803
2008-04-17,0.6219741702079773
2008-04-18,-0.10345947742462158
2008-04-19,0.07766030728816986
2008-04-21,-0.573829710483551
2008-04-22,0.17352581024169922
2008-04-23,-0.29195675253868103
2008-04-24,-0.4194890558719635
2008-04-25,-0.03366880118846893
2008-04-26,-0.48892152309417725
2008-04-27,0.24464291334152222
2008-04-28,0.9264273047447205
2008-04-29,-0.2100324183702469
2008-04-30,0.06887529045343399
2008-05-01,0.2519773542881012
2008-05-02,-0.23354372382164001
2008-05-03,0.9318662881851196
2008-05-04,-0.9361793398857117
2008-05-05,0.049951761960983276
2008-05-06,0.25508591532707214
2008-05-07,-0.031071530655026436
2008-05-08,0.320134699344635
2008-05-09,0.05530455708503723
2008-05-10,-0.075368233025074
2008-05-11,-0.6110754013061523
2008-05-12,0.13396093249320984
2008-05-13,-0.012632369995117188
2008-05-14,0.17648692429065704
2008-05-15,-0.22525469958782196
2008-05-16,0.19213680922985077
2008-05-17,-0.49624571204185486
2008-05-18,0.04371945187449455
2008-05-19,0.2017928808927536
2008-05-20,-0.03480996936559677
2008-05-21,0.06774073094129562
2008-05-22,0.20888547599315643
2008-05-23,0.18695691227912903
2008-05-25,0.12029697746038437
2008-05-26,0.8066412806510925
2008-05-27,0.08444651961326599
2008-05-28,0.048060957342386246
2008-05-29,-0.028442030772566795
2008-05-30,0.059101004153490067
2008-05-31,-0.0950428918004036
2008-06-01,0.1353813111782074
2008-06-02,0.12519904971122742
2008-06-03,0.32856738567352295
2008-06-04,-0.003359474940225482
2008-06-05,-0.31071266531944275
2008-06-06,-0.009919939562678337
2008-06-07,-0.0027432788629084826
2008-06-08,0.07904408127069473
2008-06-09,0.09873644262552261
2008-06-10,0.2169399857521057
2008-06-11,-0.04685094207525253
2008-06-12,0.39264655113220215
2008-06-13,0.06453761458396912
2008-06-14,0.02922387234866619
2008-06-15,0.03417283296585083
2008-06-16,-0.2609982192516327
2008-06-17,-0.13180050253868103
2008-06-18,0.1323944330215454
2008-06-19,0.4440615475177765
2008-06-20,0.11684945970773697
2008-06-21,-0.07654327899217606
2008-06-22,0.5648587346076965
2008-06-23,0.07000796496868134
2008-06-24,0.00594655517488718
2008-06-25,0.185280904173851
2008-06-26,0.5193716287612915
2008-06-27,-0.13636894524097443
2008-06-28,0.9056750535964966
2008-06-30,-0.07973935455083847
2008-07-01,-0.2834186255931854
2008-07-02,-0.16201607882976532
2008-07-03,-0.12802012264728546
2008-07-04,-0.005680548958480358
2008-07-05,-0.18600822985172272
2008-07-06,0.21316997706890106
2008-07-07,0.11727380752563477
2008-07-08,0.03454761952161789
2008-07-09,-0.38082560896873474
2008-07-10,0.02832420915365219
2008-07-11,0.06562157720327377
2008-07-12,-0.2766096889972687
2008-07-13,0.08515968918800354
2008-07-14,0.038414858281612396
2008-07-15,-0.12562817335128784
2008-07-16,0.32052725553512573
2008-07-17,0.18163961172103882
2008-07-18,-0.28288060426712036
2008-07-19,0.4971500039100647
2008-07-20,0.3019786477088928
2008-07-21,-0.016583940014243126
2008-07-22,0.1347721517086029
2008-07-23,0.06461846083402634
2008-07-24,0.15393920242786407
2008-07-25,-0.38420653343200684
2008-07-26,-0.05187194049358368
2008-07-27,-0.030247896909713745
2008-07-28,0.5061079263687134
2008-07-29,0.2865985631942749
2008-07-30,-0.9682927131652832
2008-07-31,0.40430471301078796
2008-08-01,0.13521802425384521
2008-08-02,0.06031377986073494
2008-08-03,0.30744317173957825
2008-08-04,0.26686418056488037
2008-08-05,-0.011521294713020325
2008-08-06,0.20637646317481995
2008-08-07,0.2578983008861542
2008-08-08,0.37567460536956787
2008-08-09,-0.3218197524547577
2008-08-10,0.32422491908073425
2008-08-11,0.24075625836849213
2008-08-12,0.1691315472126007
2008-08-13,0.14528730511665344
2008-08-14,0.4645821154117584
2008-08-15,0.2670589089393616
2008-08-16,0.6262708902359009
2008-08-17,0.39754512906074524
2008-08-18,0.18589277565479279
2008-08-19,0.33920571208000183
2008-08-20,0.30124783515930176
2008-08-21,0.6206424236297607
2008-08-22,0.6753929853439331
2008-08-23,0.9276151657104492
2008-08-24,0.13487178087234497
2008-08-25,0.33494171500205994
2008-08-26,0.004179886542260647
2008-08-27,0.021222872659564018
2008-08-28,0.21496102213859558
2008-08-29,0.195586696267128
2008-08-30,-0.1068165972828865
2008-08-31,0.008504986763000488
2008-09-01,0.48962101340293884
2008-09-02,0.434579074382782
2008-09-03,0.13413648307323456
2008-09-04,-0.37700390815734863
2008-09-05,-0.0656060129404068
2008-09-06,0.3999047875404358
2008-09-07,0.33189719915390015
2008-09-08,0.669634222984314
2008-09-09,0.030571693554520607
2008-09-10,-0.014086663722991943
2008-09-11,0.09386660903692245
2008-09-12,0.048469774425029755
2008-09-15,-0.5071350336074829
2008-09-16,-0.03760268911719322
2008-09-17,-0.07397076487541199
2008-09-18,0.09445040673017502
2008-09-19,0.07181531935930252
2008-09-20,0.5284546613693237
2008-09-21,0.33097904920578003
2008-09-22,-0.13372184336185455
2008-09-23,0.06484941393136978
2008-09-24,0.0034015043638646603
2008-09-25,-0.1612015813589096
2008-09-26,-0.105096735060215
2008-09-27,0.06527641415596008
2008-09-29,-0.22467513382434845
2008-09-30,0.02855384349822998
2008-10-01,-0.058103933930397034
2008-10-02,-0.16402949392795563
2008-10-03,-0.014761080034077168
2008-10-04,0.4750038683414459
2008-10-06,0.23475763201713562
2008-10-07,0.11947525292634964
2008-10-08,0.127349391579628
2008-10-09,0.23382242023944855
2008-10-10,-0.28267985582351685
2008-10-11,-0.09528470784425735
2008-10-12,0.38057470321655273
2008-10-13,-0.05661725252866745
2008-10-14,0.11573737114667892
2008-10-15,0.12475511431694031
2008-10-16,0.028620939701795578
2008-10-17,0.5113125443458557
2008-10-18,0.1961376667022705
2008-10-19,0.21931254863739014
2008-10-20,-0.46949630975723267
2008-10-21,0.5036734938621521
2008-10-22,0.07970772683620453
2008-10-23,0.048786431550979614
2008-10-24,0.01298657525330782
2008-10-25,0.2983516752719879
2008-10-26,0.7538137435913086
2008-10-27,0.04650573059916496
2008-10-28,-0.6455397009849548
2008-10-29,0.24141018092632294
2008-10-30,-0.03539102151989937
2008-10-31,0.6731331944465637
2008-11-01,0.8635725975036621
2008-11-02,0.08546264469623566
2008-11-03,0.40514081716537476
2008-11-04,-0.49028947949409485
2008-11-05,-0.29607313871383667
2008-11-06,-0.15863433480262756
2008-11-07,-0.33766305446624756
2008-11-08,0.590755820274353
2008-11-09,0.34876006841659546
2008-11-10,0.029918905347585678
2008-11-11,-0.004496101755648851
2008-11-12,-0.10822407901287079
2008-11-13,0.02908027172088623
2008-11-14,0.33442422747612
2008-11-15,0.34560123085975647
2008-11-16,-0.2113054245710373
2008-11-17,0.0011548002948984504
2008-11-18,-0.3450089991092682
2008-11-19,0.17285795509815216
2008-11-20,0.14233246445655823
2008-11-21,-0.14500564336776733
2008-11-22,-0.18101049959659576
2008-11-23,-0.20215053856372833
2008-11-24,0.3776821494102478
2008-11-25,0.18433025479316711
2008-11-26,0.30827298760414124
2008-11-27,-0.1900007277727127
2008-11-28,-0.10490156710147858
2008-11-29,-0.4354988932609558
2008-11-30,0.06423898786306381
2008-12-01,0.4436134696006775
2008-12-02,-0.26456424593925476
2008-12-03,0.25638100504875183
2008-12-04,0.0811195895075798
2008-12-05,0.1503225564956665
2008-12-06,0.12894125282764435
2008-12-07,0.03793364763259888
2008-12-08,-0.1797679215669632
2008-12-09,0.035863228142261505
2008-12-10,0.39780065417289734
2008-12-11,0.18164415657520294
2008-12-12,-0.06607873737812042
2008-12-13,0.0963418260216713
2008-12-14,-0.951254665851593
2008-12-15,-0.07395948469638824
2008-12-16,-0.13854356110095978
2008-12-17,0.07690282166004181
2008-12-18,0.08436266332864761
2008-12-19,-0.020022699609398842
2008-12-20,-0.20702007412910461
2008-12-21,0.040161386132240295
2008-12-22,0.04059179499745369
2008-12-23,-0.19101552665233612
2008-12-24,0.0003906071069650352
2008-12-25,0.011816952377557755
2008-12-26,0.11754779517650604
2008-12-27,0.5525762438774109
2008-12-28,0.22444716095924377
2008-12-29,-0.13824176788330078
2008-12-30,0.1413540244102478
2008-12-31,-0.13244570791721344
2009-01-01,-0.1674346625804901
2009-01-02,0.0647042840719223
2009-01-03,0.12634262442588806
2009-01-04,-0.001072525978088379
2009-01-05,0.13995791971683502
2009-01-06,0.16277723014354706
2009-01-07,0.07450088113546371
2009-01-08,-0.35646530985832214
2009-01-09,0.1186133399605751
2009-01-10,0.13504713773727417
2009-01-11,0.42362257838249207
2009-01-12,-0.30671426653862
2009-01-13,-0.04482323303818703
2009-01-14,0.15084916353225708
2009-01-15,-0.14346124231815338
2009-01-16,-0.08163120597600937
2009-01-17,-0.33283767104148865
2009-01-18,-0.8902727365493774
2009-01-19,0.2826261520385742
2009-01-20,0.327400267124176
2009-01-21,0.10706774890422821
2009-01-22,-0.07556195557117462
2009-01-23,0.2908072769641876
2009-01-24,-0.4922483563423157
2009-01-25,0.6551792621612549
2009-01-26,-0.08970114588737488
2009-01-27,0.059459138661623
2009-01-28,0.3372304141521454
2009-01-29,0.3945615887641907
2009-01-30,0.1190326064825058
2009-01-31,-0.14777210354804993
2009-02-01,0.6880205273628235
2009-02-02,-0.06487378478050232
2009-02-03,0.3125326931476593
2009-02-04,0.2904719412326813
2009-02-05,-0.13761484622955322
2009-02-06,-0.1785212606191635
2009-02-07,0.3907654881477356
2009-02-08,0.37095654010772705
2009-02-09,0.07757264375686646
2009-02-10,0.05863340198993683
2009-02-11,0.2237464040517807
2009-02-12,0.5034130215644836
2009-02-13,0.14648392796516418
2009-02-14,-0.3696258068084717
2009-02-15,-0.39590898156166077
2009-02-16,0.33731359243392944
2009-02-17,-0.15611502528190613
2009-02-18,0.030255524441599846
2009-02-19,0.211024671792984
2009-02-20,-0.14577120542526245
2009-02-21,0.016660913825035095
2009-02-22,-0.45541998744010925
2009-02-23,0.20157085359096527
2009-02-24,0.7288388013839722
2009-02-25,-0.2977959215641022
2009-02-26,-0.17313307523727417
2009-02-27,0.1414417028427124
2009-02-28,-0.8645381927490234
2009-03-01,-0.29891619086265564
2009-03-02,-0.42652907967567444
2009-03-03,0.397708922624588
2009-03-04,0.12210657447576523
2009-03-05,-0.1560428887605667
2009-03-06,-0.009126970544457436
2009-03-07,-0.7944531440734863
2009-03-08,-0.1600770205259323
2009-03-09,-0.13226260244846344
2009-03-10,0.12412655353546143
2009-03-11,0.4198057949542999
2009-03-12,-0.05739946663379669
2009-03-13,0.13113932311534882
2009-03-14,-0.23688210546970367
2009-03-15,-0.03075549006462097
2009-03-16,-0.1028270497918129
2009-03-17,-0.263540655374527
2009-03-18,0.17839288711547852
2009-03-19,-0.0701388567686081
2009-03-20,0.36429232358932495
2009-03-21,-0.1886981725692749
2009-03-22,0.039709366858005524
2009-03-23,0.32052186131477356
2009-03-24,0.10195901989936829
2009-03-25,-0.3500808775424957
2009-03-26,0.33807870745658875
2009-03-27,-0.06632047891616821
2009-03-28,-0.255378395318985
2009-03-29,-0.2196289598941803
2009-03-30,0.27537286281585693
2009-03-31,0.09909839183092117
2009-04-01,-0.4027608335018158
2009-04-02,-0.12836101651191711
2009-04-03,-0.08617416769266129
2009-04-04,-0.5918118357658386
2009-04-05,-0.09266316890716553
2009-04-06,0.1080004870891571
2009-04-07,-0.063776396214962
2009-04-08,0.2766813635826111
2009-04-09,-0.34321948885917664
2009-04-10,0.2853163778781891
2009-04-11,0.2710456848144531
2009-04-12,0.8428941369056702
2009-04-13,0.5850210189819336
2009-04-14,-0.0028903286438435316
2009-04-15,0.8041835427284241
2009-04-16,0.49462461471557617
2009-04-17,-0.21500077843666077
2009-04-18,0.04780440777540207
2009-04-19,0.32946741580963135
2009-04-20,-0.3561335802078247
2009-04-21,0.1366562694311142
2009-04-22,0.20485709607601166
2009-04-23,0.1696552187204361
2009-04-24,0.299201637506485
2009-04-25,0.9261829257011414
2009-04-26,0.45243847370147705
2009-04-27,0.3683452606201172
2009-04-28,-0.10726257413625717
2009-04-29,0.2582143545150757
2009-04-30,-0.12963315844535828
2009-05-01,0.1774483472108841
2009-05-02,0.436368852853775
2009-05-03,-0.19544334709644318
2009-05-04,0.5848757028579712
2009-05-05,0.004857855383306742
2009-05-06,0.20600871741771698
2009-05-07,0.0034112855792045593
2009-05-08,0.19294211268424988
2009-05-09,-0.004288232419639826
2009-05-10,-0.07253196090459824
2009-05-11,0.39498046040534973
2009-05-12,0.09583267569541931
2009-05-13,0.157195582985878
2009-05-14,0.3202841877937317
2009-05-15,-0.1179962083697319
2009-05-16,0.1020214632153511
2009-05-17,-0.004142165184020996
2009-05-18,-0.4123568832874298
2009-05-19,-0.20445041358470917
2009-05-20,0.3901447653770447
2009-05-21,0.12385663390159607
2009-05-22,0.3515745997428894
2009-05-23,-0.4678281545639038
2009-05-24,0.2918062210083008
2009-05-25,0.5179787874221802
2009-05-26,0.5084481239318848
2009-05-27,0.224598690867424
2009-05-28,0.2107776701450348
2009-05-29,0.15749110281467438
2009-05-30,0.35190561413764954
2009-05-31,0.4593636393547058
2009-06-01,0.37450116872787476
2009-06-02,0.37534722685813904
2009-06-03,0.15562577545642853
2009-06-04,0.33207225799560547
2009-06-05,-0.16930492222309113
2009-06-06,0.5485981106758118
2009-06-07,0.658524215221405
2009-06-08,-0.222940593957901
2009-06-09,0.578299343585968
2009-06-10,0.263205885887146
2009-06-11,0.051195934414863586
2009-06-12,-0.20630092918872833
2009-06-13,-0.303730309009552
2009-06-14,0.07717373967170715
2009-06-15,0.3266531229019165
2009-06-16,0.3701789081096649
2009-06-17,0.44230133295059204
2009-06-18,-0.09999895095825195
2009-06-19,0.10618747770786285
2009-06-20,0.37339282035827637
2009-06-21,0.6242875456809998
2009-06-22,0.3223235607147217
2009-06-23,0.009509533643722534
2009-06-24,0.3903539776802063
2009-06-25,0.26041772961616516
2009-06-26,0.36404716968536377
2009-06-27,0.10211990028619766
2009-06-28,-0.9430270791053772
2009-06-29,-0.17745113372802734
2009-06-30,-0.3000933825969696
2009-07-01,0.42397189140319824
2009-07-02,0.31457439064979553
2009-07-03,0.13712474703788757
2009-07-04,0.5073086619377136
2009-07-05,0.5382997393608093
2009-07-06,0.40727537870407104
2009-07-07,0.3300694227218628
2009-07-08,0.09744979441165924
2009-07-09,0.1404232233762741
2009-07-10,0.10458668321371078
2009-07-11,0.929576575756073
2009-07-12,-0.00663516903296113
2009-07-13,0.021638939157128334
2009-07-14,0.538010835647583
2009-07-15,0.2780982553958893
2009-07-16,0.3784187138080597
2009-07-17,-0.24411436915397644
2009-07-18,0.6010561585426331
2009-07-19,0.9183246493339539
2009-07-20,0.3735499382019043
2009-07-21,0.07990649342536926
2009-07-22,0.35059019923210144
2009-07-23,0.5994248390197754
2009-07-24,0.2909274101257324
2009-07-25,0.4711678624153137
2009-07-26,0.5689078569412231
2009-07-27,0.48452338576316833
2009-07-28,0.44771409034729004
2009-07-29,0.42345377802848816
2009-07-30,0.11805691570043564
2009-07-31,0.31161272525787354
2009-08-01,0.47743862867355347
2009-08-02,-0.3969615399837494
2009-08-03,0.5394083261489868
2009-08-04,-0.09418860077857971
2009-08-05,0.0625968649983406
2009-08-06,-0.03558610379695892
2009-08-07,-0.38421565294265747
2009-08-08,0.3961819112300873
2009-08-09,0.3762168288230896
2009-08-10,0.31398919224739075
2009-08-11,0.13601894676685333
2009-08-12,-0.2529551088809967
2009-08-13,0.4068269431591034
2009-08-14,0.0368291474878788
2009-08-15,0.9004491567611694
2009-08-16,0.586513102054596
2009-08-17,-0.09983234107494354
2009-08-18,0.10150003433227539
2009-08-19,0.2337522655725479
2009-08-20,0.486248642206192
2009-08-21,-0.058792371302843094
2009-08-22,-0.2236000895500183
2009-08-23,0.3943940997123718
2009-08-24,0.16677045822143555
2009-08-25,0.41462549567222595
2009-08-26,0.3045901954174042
2009-08-27,0.2770608961582184
2009-08-28,0.311343252658844
2009-08-29,-0.25513678789138794
2009-08-30,-0.019907593727111816
2009-08-31,0.35021868348121643
2009-09-01,0.0836549699306488
2009-09-02,0.15134179592132568
2009-09-03,0.3751462996006012
2009-09-04,0.3569352924823761
2009-09-05,0.4695867598056793
2009-09-06,-0.11350200325250626
2009-09-07,0.15274584293365479
2009-09-08,0.18852126598358154
2009-09-09,0.2159973382949829
2009-09-10,0.0007037264876998961
2009-09-11,-0.23771198093891144
2009-09-13,-0.020529508590698242
2009-09-14,0.402984619140625
2009-09-15,0.42146092653274536
2009-09-16,0.11309269815683365
2009-09-17,0.406134694814682
2009-09-18,0.0914556235074997
2009-09-19,0.48958688974380493
2009-09-20,-0.05240228772163391
2009-09-21,0.03683377057313919
2009-09-22,0.31907105445861816
2009-09-23,0.22362683713436127
2009-09-24,0.04175630956888199
2009-09-25,0.16577157378196716
2009-09-26,-0.21748599410057068
2009-09-27,-0.07007736712694168
2009-09-28,-0.04298761859536171
2009-09-29,0.05825743451714516
2009-09-30,0.17243994772434235
2009-10-01,0.06055422127246857
2009-10-02,0.12685343623161316
2009-10-03,-0.27392393350601196
2009-10-04,0.8118625283241272
2009-10-05,0.508188009262085
2009-10-06,0.017072107642889023
2009-10-07,0.06017512455582619
2009-10-08,0.41424041986465454
2009-10-09,0.23689688742160797
2009-10-10,0.8054943680763245
2009-10-11,0.20807169377803802
2009-10-12,0.10228621959686279
2009-10-13,0.36924609541893005
2009-10-14,0.15237867832183838
2009-10-15,0.08393502235412598
2009-10-16,-0.12937819957733154
2009-10-17,0.11134744435548782
2009-10-18,0.9315693974494934
2009-10-19,0.49554550647735596
2009-10-20,0.5093981623649597
2009-10-21,-0.9659862518310547
2009-10-22,0.025221984833478928
2009-10-23,0.34895482659339905
2009-10-24,0.8369113802909851
2009-10-25,-0.9680807590484619
2009-10-26,0.18106184899806976
2009-10-27,0.176154226064682
2009-10-28,0.379072368144989
2009-10-29,0.18660397827625275
2009-10-30,0.43356624245643616
2009-10-31,0.647487998008728
2009-11-01,0.6373171210289001
2009-11-02,0.5845909118652344
2009-11-03,0.22539827227592468
2009-11-04,0.5626817941665649
2009-11-05,0.287508487701416
2009-11-06,0.2161746472120285
2009-11-07,0.151347354054451
2009-11-08,-0.044815778732299805
2009-11-09,-0.0578894279897213
2009-11-10,0.17189861834049225
2009-11-11,0.2138107270002365
2009-11-12,0.020326679572463036
2009-11-13,-0.040940411388874054
2009-11-14,0.6077499985694885
2009-11-15,-0.04814303666353226
2009-11-16,0.24565400183200836
2009-11-17,0.42507609724998474
2009-11-18,0.06488416343927383
2009-11-19,0.7445977330207825
2009-11-20,0.4566982686519623
2009-11-21,-0.21439842879772186
2009-11-22,0.20054438710212708
2009-11-23,0.004058635327965021
2009-11-24,0.4458945393562317
2009-11-25,0.2685926556587219
2009-11-26,0.4305481016635895
2009-11-27,0.03129353001713753
2009-11-28,0.4169486165046692
2009-11-29,-0.881594181060791
2009-11-30,-0.02791724167764187
2009-12-01,0.28108423948287964
2009-12-02,0.11169008165597916
2009-12-03,0.36415988206863403
2009-12-04,0.29640382528305054
2009-12-05,-0.14917881786823273
2009-12-07,-0.13596272468566895
2009-12-08,0.2549843490123749
2009-12-09,-0.10794331133365631
2009-12-10,0.2221040278673172
2009-12-11,0.30572062730789185
2009-12-12,0.12572818994522095
2009-12-13,0.26907142996788025
2009-12-14,0.2121542990207672
2009-12-15,0.07260220497846603
2009-12-16,0.020780496299266815
2009-12-17,0.24959346652030945
2009-12-18,0.04306074231863022
2009-12-19,0.01049235463142395
2009-12-20,-0.17655766010284424
2009-12-21,0.39679574966430664
2009-12-22,0.32875317335128784
2009-12-23,0.44376039505004883
2009-12-24,0.2734508216381073
2009-12-25,0.11767159402370453
2009-12-26,0.8305788040161133
2009-12-27,-0.25084808468818665
2009-12-28,0.22017772495746613
2009-12-29,-0.020670508965849876
2009-12-30,0.02124013938009739
2009-12-31,0.46461212635040283
2010-01-01,0.07110797613859177
2010-01-02,-0.9520869255065918
2010-01-03,0.8374462127685547
2010-01-04,0.2397846281528473
2010-01-05,-0.18057823181152344
2010-01-06,0.3186957836151123
2010-01-07,0.1156976968050003
2010-01-08,0.0016243241261690855
2010-01-09,0.6037569642066956
2010-01-10,0.25223225355148315
2010-01-11,0.12075150012969971
2010-01-12,0.2645692825317383
2010-01-13,0.04407867416739464
2010-01-14,0.3695404529571533
2010-01-15,0.6197327971458435
2010-01-16,0.2964484393596649
2010-01-17,0.9318557977676392
2010-01-18,0.43110448122024536
2010-01-19,0.319813072681427
2010-01-20,-0.1340850442647934
2010-01-21,0.4778421223163605
2010-01-22,0.20904423296451569
2010-01-23,0.2649596631526947
2010-01-24,-0.06552787125110626
2010-01-25,-0.9679662585258484
2010-01-26,0.42594075202941895
2010-01-27,0.20333467423915863
2010-01-28,-0.009247977286577225
2010-01-29,0.09355895966291428
2010-01-30,-0.237635999917984
2010-01-31,0.28058668971061707
2010-02-01,0.25553861260414124
2010-02-02,-0.030984217301011086
2010-02-03,0.24557457864284515
2010-02-04,0.2713414132595062
2010-02-05,0.13013455271720886
2010-02-06,0.3962615430355072
2010-02-07,0.0008462835103273392
2010-02-08,0.0877438634634018
2010-02-09,0.4215397834777832
2010-02-10,0.22566795349121094
2010-02-11,0.26944446563720703
2010-02-12,-0.06267552077770233
2010-02-13,0.377806693315506
2010-02-14,0.5480831861495972
2010-02-15,0.046537138521671295
2010-02-16,-0.0728079155087471
2010-02-17,0.04228009283542633
2010-02-18,0.20999963581562042
2010-02-19,0.1492106020450592
2010-02-20,-0.06943059712648392
2010-02-21,0.568139374256134
2010-02-22,0.5062076449394226
2010-02-23,-0.05212956294417381
2010-02-24,-0.0771975964307785
2010-02-25,0.3367214500904083
2010-02-26,0.19835743308067322
2010-02-27,0.3130429685115814
2010-02-28,-0.07163219153881073
2010-03-01,-0.10035642236471176
2010-03-02,0.0018676822073757648
2010-03-03,0.06306134909391403
2010-03-04,0.11168935894966125
2010-03-05,0.3420451879501343
2010-03-06,-0.5046592950820923
2010-03-07,0.212008535861969
2010-03-08,-0.05749824643135071
2010-03-09,0.10953760147094727
2010-03-10,0.00705371517688036
2010-03-11,0.3490816652774811
2010-03-12,0.10287883132696152
2010-03-13,-0.30735331773757935
2010-03-14,-0.058073580265045166
2010-03-15,0.43030422925949097
2010-03-16,0.14440394937992096
2010-03-17,0.5516518354415894
2010-03-18,0.16613487899303436
2010-03-19,0.08209174871444702
2010-03-20,0.4271126091480255
2010-03-21,0.09175512194633484
2010-03-22,0.33111584186553955
2010-03-23,-0.038706935942173004
2010-03-24,-0.03525271266698837
2010-03-25,0.4374818503856659
2010-03-26,0.14130589365959167
2010-03-27,0.18237151205539703
2010-03-28,-0.4063907265663147
2010-03-29,0.49463194608688354
2010-03-30,0.28384003043174744
2010-03-31,0.36957234144210815
2010-04-01,0.1987621933221817
2010-04-02,0.21546615660190582
2010-04-03,0.38883256912231445
2010-04-05,-0.1168011799454689
2010-04-06,0.2263365089893341
2010-04-07,0.2232118844985962
2010-04-08,0.4525129497051239
2010-04-09,0.25015732645988464
2010-04-10,-0.09171537309885025
2010-04-11,-0.10212955623865128
2010-04-12,0.4412674903869629
2010-04-13,-0.10194922238588333
2010-04-14,-0.011732269078493118
2010-04-15,0.040879230946302414
2010-04-16,0.35205569863319397
2010-04-17,0.01426483690738678
2010-04-18,0.32410550117492676
2010-04-19,-0.12855017185211182
2010-04-20,0.24963490664958954
2010-04-21,0.38075774908065796
2010-04-22,0.3571299612522125
2010-04-23,0.423909068107605
2010-04-24,0.5890816450119019
2010-04-25,0.26124340295791626
2010-04-26,0.7272402048110962
2010-04-27,0.5811312198638916
2010-04-28,0.09276774525642395
2010-04-29,0.2317063808441162
2010-04-30,0.6103885173797607
2010-05-01,0.4182330071926117
2010-05-02,0.4440397322177887
2010-05-03,0.04253183305263519
2010-05-04,0.10704681277275085
2010-05-05,0.10119511187076569
2010-05-06,0.0748666375875473
2010-05-07,0.15381565690040588
2010-05-08,0.12993179261684418
2010-05-09,0.19001072645187378
2010-05-10,0.3964707553386688
2010-05-11,0.2538045644760132
2010-05-12,0.1886332482099533
2010-05-13,0.284623920917511
2010-05-14,-0.2885018289089203
2010-05-15,-0.0780443400144577
2010-05-16,0.5644751191139221
2010-05-17,0.10484015941619873
2010-05-18,0.04632476717233658
2010-05-19,0.5438907742500305
2010-05-20,-0.0005670530372299254
2010-05-21,-0.26643332839012146
2010-05-22,0.4372641444206238
2010-05-23,0.031069397926330566
2010-05-24,-0.054831188172101974
2010-05-25,0.2076558619737625
2010-05-26,0.410271018743515
2010-05-27,0.30395323038101196
2010-05-28,0.22684550285339355
2010-05-29,0.12990500032901764
2010-05-30,0.39588260650634766
2010-05-31,-0.1525520235300064
2010-06-01,0.1214195117354393
2010-06-02,-0.04860138148069382
2010-06-03,-0.2000974714756012
2010-06-04,-0.023543937131762505
2010-06-05,0.28514978289604187
2010-06-06,-0.06415646523237228
2010-06-07,0.25365301966667175
2010-06-08,0.20615403354167938
2010-06-09,0.14546194672584534
2010-06-10,0.46021175384521484
2010-06-11,0.3826371133327484
2010-06-12,0.08810947835445404
2010-06-13,0.6025274991989136
2010-06-14,0.3351793885231018
2010-06-15,-0.05782666429877281
2010-06-16,0.21719838678836823
2010-06-17,0.48829662799835205
2010-06-18,-0.09947468340396881
2010-06-19,-0.1575469821691513
2010-06-20,-0.09048362076282501
2010-06-21,-0.007452556397765875
2010-06-22,0.020054131746292114
2010-06-23,0.41697388887405396
2010-06-24,0.19130684435367584
2010-06-25,0.5196361541748047
2010-06-26,0.5482614040374756
2010-06-27,0.6327807307243347
2010-06-28,-0.20234975218772888
2010-06-29,0.25891855359077454
2010-06-30,-0.11581628024578094
2010-07-01,0.24896404147148132
2010-07-02,0.22060786187648773
2010-07-03,0.17751942574977875
2010-07-04,0.24268218874931335
2010-07-05,0.21753346920013428
2010-07-06,0.010685618035495281
2010-07-07,0.3435837924480438
2010-07-08,0.38673537969589233
2010-07-09,0.1611964851617813
2010-07-10,0.18018651008605957
2010-07-11,0.2614290714263916
2010-07-12,-0.3558392822742462
2010-07-13,0.34230950474739075
2010-07-14,-0.07692420482635498
2010-07-15,0.47990700602531433
2010-07-16,0.2150411307811737
2010-07-17,0.15839721262454987
2010-07-18,0.02575540542602539
2010-07-19,0.2118941992521286
2010-07-20,0.24537727236747742
2010-07-21,0.3161996304988861
2010-07-22,0.4162418842315674
2010-07-23,0.9148432016372681
2010-07-24,0.7331746220588684
2010-07-25,0.19839487969875336
2010-07-26,0.5482625961303711
2010-07-27,0.6885557174682617
2010-07-28,0.4520014226436615
2010-07-29,0.7747143507003784
2010-07-30,0.2777084708213806
2010-07-31,0.21151112020015717
2010-08-01,0.16900008916854858
2010-08-02,-0.0788348987698555
2010-08-03,0.13222269713878632
2010-08-04,0.420869380235672
2010-08-05,0.04385034367442131
2010-08-06,0.1650131195783615
2010-08-07,0.25380051136016846
2010-08-08,0.902476966381073
2010-08-09,-0.02171015739440918
2010-08-10,0.022136138752102852
2010-08-11,0.25283390283584595
2010-08-12,0.4780368506908417
2010-08-13,0.2260282337665558
2010-08-14,0.27985939383506775
2010-08-15,0.09685762971639633
2010-08-16,0.33096829056739807
2010-08-17,0.3042408525943756
2010-08-18,0.154094859957695
2010-08-19,0.32919466495513916
2010-08-20,0.0011669198283925653
2010-08-21,-0.23824772238731384
2010-08-22,0.49334073066711426
2010-08-23,0.616219699382782
2010-08-24,0.1977013200521469
2010-08-25,0.37791603803634644
2010-08-26,-0.0635855421423912
2010-08-27,-0.03341731056571007
2010-08-28,0.1094251498579979
2010-08-29,0.5347385406494141
2010-08-30,0.3293485641479492
2010-08-31,0.08225136995315552
2010-09-01,0.19877785444259644
2010-09-02,0.2144351303577423
2010-09-03,-0.08693230152130127
2010-09-04,0.5019125938415527
2010-09-05,-0.09442107379436493
2010-09-06,0.1833209991455078
2010-09-07,0.10888851433992386
2010-09-08,0.25175124406814575
2010-09-09,0.3173515498638153
2010-09-10,0.1536523699760437
2010-09-11,-0.3625504672527313
2010-09-12,0.040519364178180695
2010-09-13,0.3216305673122406
2010-09-14,0.24460618197917938
2010-09-15,-0.25055426359176636
2010-09-16,0.7586577534675598
2010-09-17,-0.021564774215221405
2010-09-18,0.8542438745498657
2010-09-19,-0.46966251730918884
2010-09-20,0.3428933322429657
2010-09-21,0.3116980195045471
2010-09-22,0.19878417253494263
2010-09-23,0.39397290349006653
2010-09-24,0.05020895600318909
2010-09-25,0.1896211951971054
2010-09-26,0.48353853821754456
2010-09-27,-0.012859467417001724
2010-09-28,0.14773644506931305
2010-09-29,0.5539957880973816
2010-09-30,0.31270742416381836
2010-10-01,0.4750194549560547
2010-10-02,0.3771970570087433
2010-10-03,-0.30777546763420105
2010-10-04,0.3377273380756378
2010-10-05,0.13116946816444397
2010-10-06,0.2575835883617401
2010-10-07,0.2830560505390167
2010-10-08,0.053303323686122894
2010-10-09,0.05371035635471344
2010-10-10,0.3690852224826813
2010-10-11,0.516927182674408
2010-10-12,0.23993729054927826
2010-10-13,0.3521190583705902
2010-10-14,0.020036596804857254
2010-10-15,0.4178466498851776
2010-10-16,-0.14339584112167358
2010-10-17,0.020624961704015732
2010-10-18,0.6413232684135437
2010-10-19,0.1969406008720398
2010-10-20,0.058313459157943726
2010-10-21,0.3991469740867615
2010-10-22,0.33762913942337036
2010-10-23,0.5093437433242798
2010-10-24,0.1244499459862709
2010-10-25,0.47092971205711365
2010-10-26,0.3130536675453186
2010-10-27,-0.11412835121154785
2010-10-28,0.03702949360013008
2010-10-29,-0.04985969513654709
2010-10-30,-0.08729852735996246
2010-11-01,0.5817513465881348
2010-11-02,0.2032785415649414
2010-11-03,0.7128299474716187
2010-11-04,0.43237391114234924
2010-11-05,-0.31086045503616333
2010-11-07,0.5944998860359192
2010-11-08,-0.07559413462877274
2010-11-09,0.05086406320333481
2010-11-10,0.4292207360267639
2010-11-11,0.32014983892440796
2010-11-12,0.27672240138053894
2010-11-13,0.3385525047779083
2010-11-14,-0.3029659390449524
2010-11-15,0.013606715016067028
2010-11-16,0.15533670783042908
2010-11-17,-0.3212170898914337
2010-11-18,0.32484203577041626
2010-11-19,-0.2521324157714844
2010-11-20,0.12594054639339447
2010-11-21,-0.03597714379429817
2010-11-22,0.15696373581886292
2010-11-23,-0.20210114121437073
2010-11-24,-0.019692879170179367
2010-11-25,-0.0729660615324974
2010-11-26,-0.03671322390437126
2010-11-27,0.016574321314692497
2010-11-28,-0.4370298683643341
2010-11-29,-0.2316572517156601
2010-11-30,0.2700691521167755
2010-12-01,-0.07672460377216339
2010-12-02,0.0445711575448513
2010-12-03,0.11844296008348465
2010-12-04,0.3370168209075928
2010-12-05,0.44722265005111694
2010-12-06,-0.04305939003825188
2010-12-07,0.33602529764175415
2010-12-08,-0.04834631085395813
2010-12-09,0.13481763005256653
2010-12-10,0.3288103938102722
2010-12-11,0.9096776843070984
2010-12-12,0.21454934775829315
2010-12-13,0.17285507917404175
2010-12-14,0.36257970333099365
2010-12-15,0.08485711365938187
2010-12-16,0.04777843505144119
2010-12-17,0.19342975318431854
2010-12-18,0.0599224753677845
2010-12-19,0.23858189582824707
2010-12-20,0.15864887833595276
2010-12-21,-0.26042452454566956
2010-12-22,0.17576870322227478
2010-12-23,0.22769194841384888
2010-12-24,-0.18475036323070526
2010-12-25,0.6648642420768738
2010-12-26,-0.8037163019180298
2010-12-27,0.6675826907157898
2010-12-28,0.3497011959552765
2010-12-29,0.13410498201847076
2010-12-30,0.41300466656684875
2010-12-31,0.03982304781675339
2011-01-01,0.0029191672801971436
2011-01-02,0.11019904166460037
2011-01-03,-0.08496960252523422
2011-01-04,0.22229032218456268
2011-01-05,0.13017961382865906
2011-01-06,0.1288544088602066
2011-01-07,-0.05627168342471123
2011-01-08,-0.043880537152290344
2011-01-09,-0.0886809378862381
2011-01-10,0.28631874918937683
2011-01-11,0.348150372505188
2011-01-12,-0.06829114258289337
2011-01-13,0.16281820833683014
2011-01-14,0.007692599203437567
2011-01-15,0.2598358988761902
2011-01-16,0.3884012997150421
2011-01-17,0.9303184747695923
2011-01-18,-0.12751951813697815
2011-01-19,0.23601216077804565
2011-01-20,-0.01470391545444727
2011-01-21,0.2228742241859436
2011-01-22,0.8559862971305847
2011-01-23,-0.3608357310295105
2011-01-24,0.30369430780410767
2011-01-25,0.3745950162410736
2011-01-26,-0.3428106904029846
2011-01-27,0.29909414052963257
2011-01-28,0.2851080596446991
2011-01-29,0.0004231300263199955
2011-01-30,0.27990585565567017
2011-01-31,0.3805215358734131
2011-02-01,0.3192993700504303
2011-02-02,0.0613107904791832
2011-02-03,0.22183388471603394
2011-02-04,0.14976219832897186
2011-02-05,-0.14331892132759094
2011-02-06,0.040863797068595886
2011-02-07,-0.07511436939239502
2011-02-08,0.1628260761499405
2011-02-09,0.49463289976119995
2011-02-10,0.2910601794719696
2011-02-11,0.25392624735832214
2011-02-12,0.39960455894470215
2011-02-13,-0.21483497321605682
2011-02-14,-0.03007725439965725
2011-02-15,0.2872105836868286
2011-02-16,0.07035402953624725
2011-02-17,0.48508548736572266
2011-02-18,0.34450557827949524
2011-02-19,0.056064099073410034
2011-02-20,0.2301577925682068
2011-02-21,0.32303059101104736
2011-02-22,-0.007536198943853378
2011-02-23,0.44206851720809937
2011-02-24,0.37981531023979187
2011-02-25,0.46580007672309875
2011-02-26,0.7300724983215332
2011-02-27,0.7365107536315918
2011-02-28,0.09555196762084961
2011-03-01,0.250137060880661
2011-03-02,0.35568827390670776
2011-03-03,0.3975429832935333
2011-03-04,0.6287776827812195
2011-03-05,-0.05838720500469208
2011-03-06,0.41504359245300293
2011-03-07,0.7547353506088257
2011-03-08,0.13667142391204834
2011-03-09,0.16742834448814392
2011-03-10,0.35419827699661255
2011-03-11,0.06135768070816994
2011-03-12,0.19119985401630402
2011-03-13,0.3118380904197693
2011-03-14,-0.07157961279153824
2011-03-15,0.35304516553878784
2011-03-16,0.0700116902589798
2011-03-17,0.25120699405670166
2011-03-18,0.5169354677200317
2011-03-19,0.8803766369819641
2011-03-20,0.9233424663543701
2011-03-21,0.36929407715797424
2011-03-22,0.2603967487812042
2011-03-23,0.0786266177892685
2011-03-24,0.16017800569534302
2011-03-25,-0.26349443197250366
2011-03-26,-0.3071998953819275
2011-03-27,0.029163071885704994
2011-03-28,0.09321674704551697
2011-03-29,-0.1523992419242859
2011-03-30,-0.36742088198661804
2011-03-31,-0.3236538767814636
2011-04-01,0.06779690831899643
2011-04-02,0.6742416620254517
2011-04-03,-0.04715213179588318
2011-04-04,-0.24827030301094055
2011-04-05,-0.10384981334209442
2011-04-06,-0.04799002408981323
2011-04-07,0.5047967433929443
2011-04-08,0.4340859055519104
2011-04-09,-0.04501750320196152
2011-04-10,0.37368354201316833
2011-04-11,0.2942706048488617
2011-04-12,0.01788260228931904
2011-04-13,0.02911113016307354
2011-04-14,0.10217873752117157
2011-04-15,0.07080497592687607
2011-04-16,0.53093421459198
2011-04-17,0.9326131343841553
2011-04-18,0.2810545563697815
2011-04-19,-0.28482234477996826
2011-04-20,0.4900808334350586
2011-04-21,0.22487062215805054
2011-04-22,0.12807686626911163
2011-04-23,0.23593653738498688
2011-04-24,0.6344118118286133
2011-04-25,0.15271054208278656
2011-04-26,0.4771011769771576
2011-04-27,0.3318701982498169
2011-04-28,0.1971733272075653
2011-04-29,0.25278204679489136
2011-04-30,0.09409761428833008
2011-05-01,0.25338923931121826
2011-05-02,0.2595062255859375
2011-05-03,0.43862512707710266
2011-05-04,0.128097265958786
2011-05-05,0.40886062383651733
2011-05-06,0.17762279510498047
2011-05-07,-0.43680986762046814
2011-05-08,0.35009047389030457
2011-05-09,0.389607310295105
2011-05-10,0.32292166352272034
2011-05-11,0.30051475763320923
2011-05-12,0.41607093811035156
2011-05-13,0.31422850489616394
2011-05-14,0.9124346375465393
2011-05-15,-0.9662267565727234
2011-05-16,0.304962694644928
2011-05-17,0.08563413470983505
2011-05-18,0.17442741990089417
2011-05-19,0.3087342083454132
2011-05-20,0.025178004056215286
2011-05-21,0.5340703725814819
2011-05-22,-0.10229451209306717
2011-05-23,0.03944956511259079
2011-05-24,0.10207173973321915
2011-05-25,0.19505085051059723
2011-05-26,0.17630451917648315
2011-05-27,0.0005736574530601501
2011-05-28,-0.3543417453765869
2011-05-29,-0.3085922598838806
2011-05-30,0.4088676869869232
2011-05-31,0.2476808726787567
2011-06-01,0.27495911717414856
2011-06-02,0.0751691684126854
2011-06-03,0.3298991024494171
2011-06-04,-0.15725068747997284
2011-06-05,0.03522329404950142
2011-06-06,0.12717586755752563
2011-06-07,-0.16101180016994476
2011-06-08,0.07394903153181076
2011-06-09,-0.005879649892449379
2011-06-10,0.1582605242729187
2011-06-12,0.0006176531314849854
2011-06-13,0.20273348689079285
2011-06-14,0.17899782955646515
2011-06-15,-0.09702257066965103
2011-06-16,0.1286066174507141
2011-06-17,0.23068280518054962
2011-06-18,0.10595951974391937
2011-06-19,0.11546748876571655
2011-06-20,0.4455068111419678
2011-06-21,0.06082554906606674
2011-06-22,0.08433976024389267
2011-06-23,0.28455305099487305
2011-06-24,0.11737770587205887
2011-06-25,0.22798213362693787
2011-06-26,-0.013653765432536602
2011-06-27,0.09520962089300156
2011-06-28,0.0903814509510994
2011-06-29,-0.19731278717517853
2011-06-30,0.15686661005020142
2011-07-01,-0.039058808237314224
2011-07-02,0.7162037491798401
2011-07-03,0.3362547755241394
2011-07-04,0.14941036701202393
2011-07-05,0.291413277387619
2011-07-06,0.5758619904518127
2011-07-07,0.28387850522994995
2011-07-08,0.036525096744298935
2011-07-09,0.6019700765609741
2011-07-10,0.90033358335495
2011-07-11,0.5575500726699829
2011-07-12,0.3322288691997528
2011-07-13,-0.11003506183624268
2011-07-14,0.5743401646614075
2011-07-15,0.3732181489467621
2011-07-16,0.11989309638738632
2011-07-17,-0.16351616382598877
2011-07-18,-0.14810580015182495
2011-07-19,0.05826811492443085
2011-07-20,-0.012696951627731323
2011-07-21,0.23111453652381897
2011-07-22,0.2524913251399994
2011-07-23,-0.17136815190315247
2011-07-24,0.1916721612215042
2011-07-25,0.5314618945121765
2011-07-26,0.2749738395214081
2011-07-27,0.18341825902462006
2011-07-28,-0.2792108356952667
2011-07-29,0.008316886611282825
2011-07-30,0.2066519558429718
2011-07-31,0.3986894190311432
2011-08-01,0.22807800769805908
2011-08-02,-0.1687747687101364
2011-08-03,0.26825037598609924
2011-08-04,0.22943584620952606
2011-08-05,0.11732792854309082
2011-08-06,0.18103870749473572
2011-08-07,0.10973048955202103
2011-08-08,-0.2877501845359802
2011-08-09,-0.14500580728054047
2011-08-10,-0.016710614785552025
2011-08-11,0.11338992416858673
2011-08-12,0.18003730475902557
2011-08-13,-0.2505105435848236
2011-08-14,0.9336429238319397
2011-08-15,0.04372216761112213
2011-08-16,0.49914056062698364
2011-08-17,-0.07663269340991974
2011-08-18,-0.01837158203125
2011-08-19,-0.11212120950222015
2011-08-20,-0.607269287109375
2011-08-21,0.12270639836788177
2011-08-22,0.15343107283115387
2011-08-23,-0.01838703267276287
2011-08-24,-0.08250347524881363
2011-08-25,0.08364434540271759
2011-08-26,0.064003124833107
2011-08-27,0.16097235679626465
2011-08-28,0.4577760100364685
2011-08-29,-0.46088871359825134
2011-08-30,-0.19046883285045624
2011-08-31,0.16533270478248596
2011-09-01,-0.07612497359514236
2011-09-02,0.4431321918964386
2011-09-03,0.2725425362586975
2011-09-04,0.1880175918340683
2011-09-05,-0.16958554089069366
2011-09-06,0.1825992614030838
2011-09-07,-0.2066280096769333
2011-09-08,0.18100818991661072
2011-09-09,-0.391353577375412
2011-09-10,-0.9565542340278625
2011-09-11,0.34734559059143066
2011-09-12,-0.1978493183851242
2011-09-13,-0.1939322054386139
2011-09-14,0.002466159639880061
2011-09-15,0.21860617399215698
2011-09-16,-0.04888083413243294
2011-09-17,-0.40801477432250977
2011-09-18,0.44114798307418823
2011-09-19,0.2374587208032608
2011-09-20,-0.03486255928874016
2011-09-21,-0.05354016274213791
2011-09-22,0.18823875486850739
2011-09-23,0.15853922069072723
2011-09-24,0.6099684238433838
2011-09-25,-0.39981526136398315
2011-09-26,0.023331131786108017
2011-09-27,-0.09293169528245926
2011-09-28,-0.09398854523897171
2011-09-29,-0.11535508185625076
2011-09-30,0.14675520360469818
2011-10-01,-0.4100496768951416
2011-10-02,0.2748529016971588
2011-10-03,-0.11762265115976334
2011-10-04,-0.09806067496538162
2011-10-05,-0.3185183107852936
2011-10-06,0.03637602552771568
2011-10-07,-0.16245371103286743
2011-10-08,-0.11324462294578552
2011-10-09,-0.1157727986574173
2011-10-10,-0.009303033351898193
2011-10-11,0.0134291285648942
2011-10-12,-0.48030760884284973
2011-10-13,0.1276431679725647
2011-10-14,0.28743186593055725
2011-10-15,0.3708301782608032
2011-10-16,0.011069166474044323
2011-10-17,0.24391551315784454
2011-10-18,0.262564092874527
2011-10-19,-0.07010871171951294
2011-10-20,-0.005749086383730173
2011-10-21,0.26201164722442627
2011-10-22,0.003360763192176819
2011-10-23,0.801788330078125
2011-10-24,0.2961171567440033
2011-10-25,-0.45436930656433105
2011-10-26,0.171576127409935
2011-10-27,0.07224083691835403
2011-10-28,0.27627038955688477
2011-10-29,0.8148638606071472
2011-10-30,0.9142442345619202
2011-10-31,0.34264039993286133
2011-11-01,0.14299766719341278
2011-11-02,0.34770768880844116
2011-11-03,0.20338831841945648
2011-11-04,0.3937797546386719
2011-11-05,0.7797854542732239
2011-11-06,-0.03478861600160599
2011-11-07,0.16119439899921417
2011-11-08,-0.14647653698921204
2011-11-09,-0.0069848839193582535
2011-11-10,0.14201682806015015
2011-11-11,0.20581579208374023
2011-11-12,-0.3025513291358948
2011-11-13,0.1941060870885849
2011-11-14,-0.10187948495149612
2011-11-15,0.04516857862472534
2011-11-16,0.061946190893650055
2011-11-17,0.06816841661930084
2011-11-18,0.059004656970500946
2011-11-19,0.6646850109100342
2011-11-20,-0.005767077207565308
2011-11-21,-0.4439982771873474
2011-11-22,0.303488165140152
2011-11-23,0.062189340591430664
2011-11-24,0.0720277726650238
2011-11-25,-0.08815506100654602
2011-11-26,-0.9676584005355835
2011-11-27,-0.5539780855178833
2011-11-28,-0.1635596603155136
2011-11-29,0.10815469175577164
2011-11-30,-0.2887038290500641
2011-12-01,0.054125554859638214
2011-12-02,-0.05424105003476143
2011-12-03,-0.04655690863728523
2011-12-04,0.10554094612598419
2011-12-05,0.39541757106781006
2011-12-06,-0.3000997304916382
2011-12-07,0.16654683649539948
2011-12-08,0.18574665486812592
2011-12-09,0.26071715354919434
2011-12-10,0.27203282713890076
2011-12-11,-0.09197849035263062
2011-12-12,0.3175796866416931
2011-12-13,0.11197911947965622
2011-12-14,-0.03167048841714859
2011-12-15,0.1607920378446579
2011-12-16,0.1484435349702835
2011-12-17,-0.023544996976852417
2011-12-19,0.04217566177248955
2011-12-20,0.04294266179203987
2011-12-21,0.06928909569978714
2011-12-22,0.07385499030351639
2011-12-23,0.011811706237494946
2011-12-24,0.3675973415374756
2011-12-25,-0.10262522101402283
2011-12-26,0.05086131393909454
2011-12-27,-0.20042753219604492
2011-12-28,0.1341862827539444
2011-12-29,0.19909976422786713
2011-12-30,0.2416439652442932
2011-12-31,0.0035567283630371094
2012-01-02,0.5354255437850952
2012-01-03,0.04065803065896034
2012-01-04,0.17518377304077148
2012-01-05,-0.18899193406105042
2012-01-06,-0.07877178490161896
2012-01-07,0.4675828218460083
2012-01-08,0.034500107169151306
2012-01-09,-0.24596309661865234
2012-01-10,0.024983037263154984
2012-01-11,0.22026729583740234
2012-01-12,0.26967981457710266
2012-01-13,0.10184194147586823
2012-01-14,0.017466193065047264
2012-01-15,0.07022902369499207
2012-01-16,0.3047620356082916
2012-01-17,0.19653038680553436
2012-01-18,0.19731903076171875
2012-01-19,-0.12678030133247375
2012-01-20,0.2752286493778229
2012-01-21,0.7977550625801086
2012-01-22,0.6690834164619446
2012-01-23,0.05987855792045593
2012-01-24,-0.18054795265197754
2012-01-25,0.4298601746559143
2012-01-26,-0.1636970043182373
2012-01-27,0.29388296604156494
2012-01-28,0.11696727573871613
2012-01-29,0.008893877267837524
2012-01-30,0.09820276498794556
2012-01-31,0.09979859739542007
2012-02-01,0.34477290511131287
2012-02-02,0.00503578083589673
2012-02-03,0.01038054097443819
2012-02-04,-0.25119197368621826
2012-02-05,-0.9424591064453125
2012-02-06,0.1636614054441452
2012-02-07,-0.600412130355835
2012-02-08,-0.28911131620407104
2012-02-09,-0.018129291012883186
2012-02-10,0.02209097146987915
2012-02-11,0.2829894721508026
2012-02-12,-0.9558460116386414
2012-02-13,-0.2007170170545578
2012-02-14,0.2727760076522827
2012-02-15,0.05366671457886696
2012-02-16,-0.2738358676433563
2012-02-17,-0.30274760723114014
2012-02-18,0.04316946491599083
2012-02-19,0.5012834072113037
2012-02-20,0.7948316335678101
2012-02-21,0.2591956853866577
2012-02-22,0.1670112907886505
2012-02-23,-0.2191362977027893
2012-02-24,-0.220668762922287
2012-02-25,0.28520727157592773
2012-02-26,0.5670033097267151
2012-02-27,0.3705037534236908
2012-02-28,-0.04116608202457428
2012-02-29,0.08867959678173065
2012-03-01,-0.08656957745552063
2012-03-02,0.04795585945248604
2012-03-03,0.10017305612564087
2012-03-04,-0.960621178150177
2012-03-05,0.2990584671497345
2012-03-06,-0.20113538205623627
2012-03-07,0.08419148623943329
2012-03-08,-0.013766154646873474
2012-03-09,-0.2449919581413269
2012-03-10,0.2073955237865448
2012-03-11,0.23359079658985138
2012-03-12,0.6318374276161194
2012-03-13,0.05559263005852699
2012-03-14,-0.052356526255607605
2012-03-15,-0.09348556399345398
2012-03-16,0.2318977564573288
2012-03-17,0.19861409068107605
2012-03-18,0.3001313805580139
2012-03-19,0.4203290045261383
2012-03-20,0.15365102887153625
2012-03-21,0.08973086625337601
2012-03-22,-0.14531198143959045
2012-03-23,-0.20733700692653656
2012-03-24,-0.3105217516422272
2012-03-25,0.4225163161754608
2012-03-26,0.5611604452133179
2012-03-27,0.0881708636879921
2012-03-28,0.06020255759358406
2012-03-29,0.23420487344264984
2012-03-30,-0.045250728726387024
2012-03-31,0.4302854835987091
2012-04-02,0.07891228795051575
2012-04-03,-0.31767597794532776
2012-04-04,0.2240835279226303
2012-04-05,-0.3336290419101715
2012-04-06,-0.024650216102600098
2012-04-07,0.5547869801521301
2012-04-08,-0.22948962450027466
2012-04-09,-0.4827544689178467
2012-04-10,0.15251414477825165
2012-04-11,0.022733092308044434
2012-04-12,0.0876627191901207
2012-04-13,0.011180839501321316
2012-04-14,-0.21484686434268951
2012-04-15,-0.009337048046290874
2012-04-16,0.19276615977287292
2012-04-17,0.062383681535720825
2012-04-18,0.09960760921239853
2012-04-19,-0.21044720709323883
2012-04-20,-0.04134624823927879
2012-04-21,-0.2771880626678467
2012-04-22,0.9358851909637451
2012-04-23,-0.05027594044804573
2012-04-24,-0.020041141659021378
2012-04-25,0.003650665283203125
2012-04-26,0.2871813178062439
2012-04-27,0.4232870042324066
2012-04-28,0.31385499238967896
2012-04-29,0.23530083894729614
2012-04-30,-0.9006206393241882
2012-05-01,-0.12877558171749115
2012-05-02,-0.04426740109920502
2012-05-03,0.012439842335879803
2012-05-04,-0.1664053201675415
2012-05-05,0.6821668744087219
2012-05-06,0.6364758610725403
2012-05-07,0.326881468296051
2012-05-08,-0.04372813552618027
2012-05-09,0.1887742578983307
2012-05-10,0.15135091543197632
2012-05-11,0.05073775723576546
2012-05-12,0.04293490946292877
2012-05-13,-0.2535308301448822
2012-05-14,-0.15015597641468048
2012-05-15,-0.15431804955005646
2012-05-16,0.02438201755285263
2012-05-17,-0.9690120220184326
2012-05-18,-0.5213547945022583
2012-05-20,-0.9339582920074463
2012-05-21,-0.33785930275917053
2012-05-22,-0.06695617735385895
2012-05-23,0.006354292389005423
2012-05-24,0.15281467139720917
2012-05-25,-0.2580636143684387
2012-05-26,0.1593368947505951
2012-05-27,-0.7359256148338318
2012-05-28,0.8212816715240479
2012-05-29,-0.09881297498941422
2012-05-30,0.012020004913210869
2012-05-31,-0.13435082137584686
2012-06-01,-0.2819753587245941
2012-06-02,0.022131025791168213
2012-06-03,-0.4650293290615082
2012-06-04,-0.09471573680639267
2012-06-05,-0.06545823812484741
2012-06-06,0.17356126010417938
2012-06-07,0.0684843435883522
2012-06-08,0.43641024827957153
2012-06-09,0.6395853757858276
2012-06-10,0.9177073240280151
2012-06-11,0.04900619760155678
2012-06-12,-0.3671756982803345
2012-06-13,0.15048322081565857
2012-06-14,-0.07081548869609833
2012-06-15,0.09140998870134354
2012-06-16,-0.2010154277086258
2012-06-17,0.4694085419178009
2012-06-18,-0.3278556168079376
2012-06-19,0.01364859938621521
2012-06-20,0.09419718384742737
2012-06-21,0.061698559671640396
2012-06-22,-0.3690565526485443
2012-06-23,-0.3372977375984192
2012-06-25,0.2550164461135864
2012-06-26,-0.04647629335522652
2012-06-27,0.39475998282432556
2012-06-28,0.03143619745969772
2012-06-29,-0.16861049830913544
2012-06-30,-0.43088069558143616
2012-07-01,-0.01340918242931366
2012-07-02,0.33954107761383057
2012-07-03,-0.027228156104683876
2012-07-04,0.028083160519599915
2012-07-05,-0.24152961373329163
2012-07-06,-0.1364477276802063
2012-07-07,0.6128002405166626
2012-07-08,0.12366261333227158
2012-07-09,-0.3701924681663513
2012-07-10,0.0285651758313179
2012-07-11,0.5346049070358276
2012-07-12,0.11859165132045746
2012-07-13,-0.1266530454158783
2012-07-14,0.15335175395011902
2012-07-15,0.0472281239926815
2012-07-16,-0.001475214958190918
2012-07-17,0.04052433744072914
2012-07-18,0.05169764906167984
2012-07-19,0.1072700247168541
2012-07-20,0.2584843039512634
2012-07-21,-0.22285237908363342
2012-07-22,0.8653879165649414
2012-07-23,-0.10563766956329346
2012-07-24,-0.007647275924682617
2012-07-25,0.07971693575382233
2012-07-26,0.3174459636211395
2012-07-27,0.16164690256118774
2012-07-28,-0.3296877443790436
2012-07-29,0.270740270614624
2012-07-30,0.026699701324105263
2012-07-31,0.10693294554948807
2012-08-01,0.1824100762605667
2012-08-02,0.11250634491443634
2012-08-03,-0.16347838938236237
2012-08-04,0.2507096230983734
2012-08-05,-0.36284035444259644
2012-08-06,0.25043100118637085
2012-08-07,-0.3108554184436798
2012-08-08,0.24257130920886993
2012-08-09,-0.033310528844594955
2012-08-10,-0.3644939363002777
2012-08-11,0.17636404931545258
2012-08-12,0.05210869014263153
2012-08-13,0.044417478144168854
2012-08-14,-0.09349813312292099
2012-08-15,0.22166727483272552
2012-08-16,0.38345015048980713
2012-08-17,-0.08316250890493393
2012-08-18,0.6376437544822693
2012-08-19,0.11026712507009506
2012-08-20,0.29542428255081177
2012-08-21,0.16242066025733948
2012-08-22,-0.18203124403953552
2012-08-23,-0.43078023195266724
2012-08-24,-0.08186791837215424
2012-08-25,0.2691822648048401
2012-08-26,0.04709485545754433
2012-08-27,-0.1835181713104248
2012-08-28,0.00638269679620862
2012-08-29,0.05191921070218086
2012-08-30,0.2323232740163803
2012-08-31,-0.1922960728406906
2012-09-01,0.42897388339042664
2012-09-02,0.28549668192863464
2012-09-03,0.32004985213279724
2012-09-04,-0.013820421881973743
2012-09-05,0.3269948959350586
2012-09-06,0.21084146201610565
2012-09-07,-0.18428204953670502
2012-09-08,0.04837470129132271
2012-09-09,-0.10852118581533432
2012-09-10,-0.1937108188867569
2012-09-11,0.24754032492637634
2012-09-12,0.0720098465681076
2012-09-13,-0.047506436705589294
2012-09-14,-0.1263776570558548
2012-09-15,0.08864665031433105
2012-09-16,0.20301766693592072
2012-09-17,-0.028376907110214233
2012-09-18,0.0792471319437027
2012-09-19,-0.016599135473370552
2012-09-20,0.2078598141670227
2012-09-21,0.027505237609148026
2012-09-22,-0.3250695765018463
2012-09-24,-0.09968602657318115
2012-09-25,-0.1975450962781906
2012-09-26,-0.04138537868857384
2012-09-27,0.05195115506649017
2012-09-28,-0.055734582245349884
2012-09-29,-0.9409475326538086
2012-09-30,-0.21271194517612457
2012-10-01,0.07026495784521103
2012-10-02,-0.10149811953306198
2012-10-03,0.017263678833842278
2012-10-04,0.10466980934143066
2012-10-05,0.034108247607946396
2012-10-06,-0.194382905960083
2012-10-07,0.3648001253604889
2012-10-08,0.1455693244934082
2012-10-09,0.07422539591789246
2012-10-10,-0.119392029941082
2012-10-11,0.1179090365767479
2012-10-12,0.2324434369802475
2012-10-13,0.7308356165885925
2012-10-15,0.05628257989883423
2012-10-16,-0.1568838357925415
2012-10-17,-0.09830711781978607
2012-10-18,-0.17394296824932098
2012-10-19,0.09079642593860626
2012-10-20,0.3849966824054718
2012-10-21,0.9107120633125305
2012-10-22,-0.0998435840010643
2012-10-23,0.38318389654159546
2012-10-24,0.2834111452102661
2012-10-25,0.26777637004852295
2012-10-26,0.1639537662267685
2012-10-27,0.06952701508998871
2012-10-28,-0.3418525457382202
2012-10-29,-0.7423384189605713
2012-10-30,-0.36741265654563904
2012-10-31,0.13614724576473236
2012-11-01,0.2639756202697754
2012-11-02,-0.2558538615703583
2012-11-03,-0.06286736577749252
2012-11-04,-0.9687418937683105
2012-11-05,0.17972086369991302
2012-11-06,-0.21258710324764252
2012-11-07,0.14315983653068542
2012-11-08,0.16398335993289948
2012-11-09,-0.07035093754529953
2012-11-10,-0.05037565156817436
2012-11-11,0.18490420281887054
2012-11-12,0.11234739422798157
2012-11-13,0.012118201702833176
2012-11-14,0.1499354988336563
2012-11-15,-0.17553448677062988
2012-11-16,-0.306782066822052
2012-11-17,0.8748655319213867
2012-11-18,0.4309755861759186
2012-11-19,0.32785674929618835
2012-11-20,0.09791796654462814
2012-11-21,0.0873330682516098
2012-11-22,0.10989703983068466
2012-11-23,0.030008280649781227
2012-11-24,-0.005578100681304932
2012-11-25,0.13749943673610687
2012-11-26,0.0540059432387352
2012-11-27,-0.10665763914585114
2012-11-28,0.04357908293604851
2012-11-29,0.05810605734586716
2012-11-30,0.016093512997031212
2012-12-01,0.16559842228889465
2012-12-02,0.643903374671936
2012-12-03,-0.11219785362482071
2012-12-04,-0.15222398936748505
2012-12-05,0.032620616257190704
2012-12-06,0.25328925251960754
2012-12-07,-0.29013243317604065
2012-12-08,-0.7744051814079285
2012-12-09,0.5356401205062866
2012-12-10,0.4775165021419525
2012-12-11,0.07111731171607971
2012-12-12,0.14937299489974976
2012-12-13,-0.25474944710731506
2012-12-14,0.03412548080086708
2012-12-15,0.2857930660247803
2012-12-16,0.22103404998779297
2012-12-17,-0.8178496956825256
2012-12-18,-0.05508683621883392
2012-12-19,-0.08266190439462662
2012-12-20,-0.09416861832141876
2012-12-21,-0.2549680173397064
2012-12-22,0.10438898205757141
2012-12-23,0.07471342384815216
2012-12-24,0.44712263345718384
2012-12-25,-0.21380317211151123
2012-12-26,0.12758232653141022
2012-12-27,0.1823480874300003
2012-12-28,0.12818117439746857
2012-12-29,0.11523250490427017
2012-12-30,0.17110469937324524
2012-12-31,0.03305506333708763
2013-01-01,0.09382660686969757
2013-01-02,0.011953303590416908
2013-01-03,0.2502921223640442
2013-01-04,0.07415351271629333
2013-01-05,0.2723269462585449
2013-01-06,-0.4035719037055969
2013-01-07,0.21132008731365204
2013-01-08,0.000283518253127113
2013-01-09,-0.003031541360542178
2013-01-10,0.31357342004776
2013-01-11,0.10613517463207245
2013-01-12,0.4638393521308899
2013-01-13,-0.7436704635620117
2013-01-14,-0.3677026033401489
2013-01-15,0.051343537867069244
2013-01-16,0.007439050357788801
2013-01-17,-0.09179473668336868
2013-01-18,0.012249544262886047
2013-01-19,0.45765984058380127
2013-01-20,0.1408403217792511
2013-01-21,0.35688772797584534
2013-01-22,0.12497145682573318
2013-01-23,0.11671119183301926
2013-01-24,0.258772075176239
2013-01-25,-0.19265834987163544
2013-01-26,-0.012670823372900486
2013-01-28,0.329111248254776
2013-01-29,0.12670111656188965
2013-01-30,0.09994502365589142
2013-01-31,0.18491503596305847
2013-02-01,0.18078653514385223
2013-02-02,-0.11219615489244461
2013-02-03,-0.3874341547489166
2013-02-04,-0.20684893429279327
2013-02-05,-0.3984448313713074
2013-02-06,-0.051542315632104874
2013-02-07,-0.2854030430316925
2013-02-08,-0.2073589265346527
2013-02-09,0.18692640960216522
2013-02-10,0.5696008801460266
2013-02-11,-0.5106338858604431
2013-02-12,-0.17765085399150848
2013-02-13,-0.0911000669002533
2013-02-14,0.3102753758430481
2013-02-15,-0.09575303643941879
2013-02-16,0.1303531378507614
2013-02-17,-0.30737608671188354
2013-02-18,0.3614066243171692
2013-02-19,0.2600405812263489
2013-02-20,-0.06084171682596207
2013-02-21,-0.08502693474292755
2013-02-22,0.11574143916368484
2013-02-23,0.18506108224391937
2013-02-24,0.26397961378097534
2013-02-25,-0.4257500171661377
2013-02-26,0.17722225189208984
2013-02-27,0.15826570987701416
2013-02-28,0.019716445356607437
2013-03-01,0.33295494318008423
2013-03-02,0.06972549110651016
2013-03-03,0.16974928975105286
2013-03-04,0.1886521577835083
2013-03-05,0.026364624500274658
2013-03-06,-0.023150749504566193
2013-03-07,0.1666274070739746
2013-03-08,0.030223600566387177
2013-03-09,0.29186010360717773
2013-03-10,-0.03243191912770271
2013-03-11,0.01350519247353077
2013-03-12,0.3476012945175171
2013-03-13,-0.04551836475729942
2013-03-14,-0.051964882761240005
2013-03-15,0.1005958616733551
2013-03-16,0.19317388534545898
2013-03-17,0.0046767741441726685
2013-03-18,-0.07998201251029968
2013-03-19,-0.10763934254646301
2013-03-20,0.057391710579395294
2013-03-21,0.09263555705547333
2013-03-22,-0.10600927472114563
2013-03-23,-0.05355212092399597
2013-03-24,-0.0006088912487030029
2013-03-25,0.1764986217021942
2013-03-26,0.35976654291152954
2013-03-27,-1.3679265975952148e-05
2013-03-28,-0.19889116287231445
2013-03-29,0.004393389914184809
2013-03-30,0.032603662461042404
2013-03-31,0.5791186690330505
2013-04-01,0.3332568407058716
2013-04-02,0.43928033113479614
2013-04-03,0.1179971694946289
2013-04-04,0.049966391175985336
2013-04-05,0.12299970537424088
2013-04-06,0.03599967062473297
2013-04-07,0.5445046424865723
2013-04-08,-0.1812915951013565
2013-04-09,-0.06906701624393463
2013-04-10,-0.13961881399154663
2013-04-11,0.21334023773670197
2013-04-12,-0.07765720039606094
2013-04-13,-0.9663934707641602
2013-04-14,0.8740963935852051
2013-04-15,0.2959555685520172
2013-04-16,-0.034345854073762894
2013-04-17,0.028784604743123055
2013-04-18,0.08547370135784149
2013-04-19,0.016212789341807365
2013-04-20,0.020053397864103317
2013-04-21,-0.15057018399238586
2013-04-22,-0.21431444585323334
2013-04-23,-0.12690861523151398
2013-04-24,0.4665047526359558
2013-04-25,0.14621518552303314
2013-04-26,0.046895831823349
2013-04-27,0.5899285078048706
2013-04-28,0.3484099805355072
2013-04-29,0.545592725276947
2013-04-30,-0.057621780782938004
2013-05-01,0.08540375530719757
2013-05-02,0.07172427326440811
2013-05-03,-0.2552345395088196
2013-05-05,0.4066910743713379
2013-05-06,0.06535200774669647
2013-05-07,0.02295641042292118
2013-05-08,-0.2999439835548401
2013-05-09,-0.11672858148813248
2013-05-10,0.019397512078285217
2013-05-11,-0.09025822579860687
2013-05-12,0.7403493523597717
2013-05-13,0.1666792631149292
2013-05-14,-0.13811282813549042
2013-05-15,-0.3257748484611511
2013-05-16,0.11970465630292892
2013-05-17,-0.37579432129859924
2013-05-18,-0.2035546600818634
2013-05-19,-0.9616308808326721
2013-05-20,0.32215169072151184
2013-05-21,0.5947391390800476
2013-05-22,0.15218409895896912
2013-05-23,0.11204038560390472
2013-05-24,0.007965157739818096
2013-05-25,-0.030563900247216225
2013-05-26,0.20057924091815948
2013-05-27,0.0769900307059288
2013-05-28,0.41699737310409546
2013-05-29,0.293280690908432
2013-05-30,-0.0745343565940857
2013-05-31,-0.5987892746925354
2013-06-01,0.6346713304519653
2013-06-02,-0.09067191928625107
2013-06-03,0.23598474264144897
2013-06-04,0.11649302393198013
2013-06-05,-0.021047981455922127
2013-06-06,0.0004074701282661408
2013-06-07,-0.09633839130401611
2013-06-08,-0.17015863955020905
2013-06-10,0.04217924922704697
2013-06-11,0.14099489152431488
2013-06-12,0.25336262583732605
2013-06-13,0.030190804973244667
2013-06-14,-0.016231223940849304
2013-06-15,0.27107059955596924
2013-06-16,0.3866979777812958
2013-06-17,-0.3408559560775757
2013-06-18,-0.11948332190513611
2013-06-19,0.06925178319215775
2013-06-20,0.03881356492638588
2013-06-21,-0.2545132637023926
2013-06-22,0.014246534556150436
2013-06-23,-0.17456896603107452
2013-06-24,-0.04261108487844467
2013-06-25,0.351624459028244
2013-06-26,-0.019022179767489433
2013-06-27,0.2252240926027298
2013-06-28,0.11791815608739853
2013-06-29,-0.24059155583381653
2013-06-30,0.7882509231567383
2013-07-01,-0.04625307396054268
2013-07-02,0.09622439742088318
2013-07-03,-0.07547524571418762
2013-07-04,-0.05239492282271385
2013-07-05,0.011471259407699108
2013-07-06,0.11829151958227158
2013-07-07,0.36122238636016846
2013-07-08,-0.34793245792388916
2013-07-09,0.13531428575515747
2013-07-10,0.34620994329452515
2013-07-11,-0.07506921887397766
2013-07-12,0.013564934022724628
2013-07-13,0.9201345443725586
2013-07-14,-0.05381633713841438
2013-07-15,0.23012638092041016
2013-07-16,-0.05093953385949135
2013-07-17,0.2648829519748688
2013-07-18,0.3744109272956848
2013-07-19,-0.36304783821105957
2013-07-20,0.25365862250328064
2013-07-21,0.6548569202423096
2013-07-22,0.38005274534225464
2013-07-23,0.22364284098148346
2013-07-24,0.19707825779914856
2013-07-25,0.084037184715271
2013-07-26,0.0358123704791069
2013-07-27,0.024662572890520096
2013-07-28,0.3010832667350769
2013-07-29,-0.08034764230251312
2013-07-30,-0.4012645483016968
2013-07-31,0.3725290596485138
2013-08-01,0.16326303780078888
2013-08-02,0.4791519045829773
2013-08-03,0.043373286724090576
2013-08-04,0.18017184734344482
2013-08-05,-0.23032259941101074
2013-08-06,0.2147989571094513
2013-08-07,0.31254926323890686
2013-08-08,0.00017629563808441162
2013-08-09,-0.22145013511180878
2013-08-10,0.7015950679779053
2013-08-11,0.9070765972137451
2013-08-12,-0.24102436006069183
2013-08-13,-0.10801772028207779
2013-08-14,0.04802800342440605
2013-08-15,0.2078995555639267
2013-08-16,-0.13102973997592926
2013-08-17,-0.41790321469306946
2013-08-18,0.06256304681301117
2013-08-19,-0.12418685853481293
2013-08-20,0.18017736077308655
2013-08-21,0.25024986267089844
2013-08-22,0.11944803595542908
2013-08-23,0.12246891856193542
2013-08-24,0.044156596064567566
2013-08-25,0.002252439735457301
2013-08-26,0.1459692269563675
2013-08-27,-0.3447878062725067
2013-08-28,-0.09215052425861359
2013-08-29,0.046266213059425354
2013-08-30,-0.09152921289205551
2013-08-31,-0.15659090876579285
2013-09-01,0.056440919637680054
2013-09-02,-0.0362028107047081
2013-09-03,0.10423557460308075
2013-09-04,0.09675626456737518
2013-09-05,0.06717053800821304
2013-09-06,0.28704532980918884
2013-09-07,-0.8734566569328308
2013-09-08,0.25588226318359375
2013-09-09,0.018237221986055374
2013-09-10,0.3014272451400757
2013-09-11,0.044584568589925766
2013-09-12,0.31941354274749756
2013-09-13,-0.07382447272539139
2013-09-14,-0.42993900179862976
2013-09-15,-0.5428473949432373
2013-09-16,-0.0029995532240718603
2013-09-17,0.18045808374881744
2013-09-18,0.27169162034988403
2013-09-19,0.32724887132644653
2013-09-20,0.35731902718544006
2013-09-21,-0.02843494527041912
2013-09-22,0.6100594997406006
2013-09-23,0.14170126616954803
2013-09-24,0.23113594949245453
2013-09-25,0.24473828077316284
2013-09-26,0.25672149658203125
2013-09-27,0.10791407525539398
2013-09-28,-0.27054691314697266
2013-09-29,0.4126078486442566
2013-09-30,0.05929800122976303
2013-10-01,-0.3691776990890503
2013-10-02,0.186920166015625
2013-10-03,0.2095850557088852
2013-10-04,-0.08514805883169174
2013-10-05,0.2521026134490967
2013-10-06,-0.46044108271598816
2013-10-07,-0.15981338918209076
2013-10-08,-0.38155055046081543
2013-10-09,0.15025578439235687
2013-10-10,0.049170054495334625
2013-10-11,0.07537367194890976
2013-10-12,-0.20202048122882843
2013-10-13,0.4868869185447693
2013-10-14,0.1014210507273674
2013-10-15,0.14903154969215393
2013-10-16,0.19748006761074066
2013-10-17,-0.1261465698480606
2013-10-18,0.10923252999782562
2013-10-19,0.25320538878440857
2013-10-21,0.2542034089565277
2013-10-22,0.09332737326622009
2013-10-23,0.16711115837097168
2013-10-24,-0.003326916601508856
2013-10-25,0.10607882589101791
2013-10-26,0.4364369511604309
2013-10-27,0.8225036859512329
2013-10-28,0.3395150303840637
2013-10-29,0.22689619660377502
2013-10-30,0.2185773402452469
2013-10-31,0.21382951736450195
2013-11-01,-0.05124455690383911
2013-11-02,0.5017204284667969
2013-11-04,0.3423093557357788
2013-11-05,0.033731527626514435
2013-11-06,0.17735859751701355
2013-11-07,-0.007649724837392569
2013-11-08,0.09952710568904877
2013-11-09,-0.044918060302734375
2013-11-10,0.5894485712051392
2013-11-11,0.1475013941526413
2013-11-12,0.06532791256904602
2013-11-13,0.01711805909872055
2013-11-14,0.2708539366722107
2013-11-15,0.12722225487232208
2013-11-16,0.2559102475643158
2013-11-17,0.36498579382896423
2013-11-18,0.19886328279972076
2013-11-19,-0.167720228433609
2013-11-20,0.29404178261756897
2013-11-21,0.1385958194732666
2013-11-22,0.0002940357953775674
2013-11-23,-0.05037863925099373
2013-11-24,-0.41165345907211304
2013-11-25,0.04126974567770958
2013-11-26,-0.0896795243024826
2013-11-27,-0.02191483974456787
2013-11-28,0.2741428315639496
2013-11-29,0.006249414756894112
2013-11-30,-0.06262163072824478
2013-12-01,0.7208508849143982
2013-12-02,0.30214163661003113
2013-12-03,0.2477584183216095
2013-12-04,0.10706478357315063
2013-12-05,-0.004274302162230015
2013-12-06,-0.4414964020252228
2013-12-07,0.003424924798309803
2013-12-08,0.6979331970214844
2013-12-09,0.03975001722574234
2013-12-10,0.1979563981294632
2013-12-11,0.09049742668867111
2013-12-12,0.02161608263850212
2013-12-13,0.10135586559772491
2013-12-14,0.17071372270584106
2013-12-15,-0.41753843426704407
2013-12-16,0.05373620614409447
2013-12-17,0.0032470556907355785
2013-12-18,-0.1305398792028427
2013-12-19,0.22807516157627106
2013-12-20,-0.06527186185121536
2013-12-21,-0.0031456798315048218
2013-12-23,-0.158242329955101
2013-12-24,-0.08843502402305603
2013-12-25,0.9151309728622437
2013-12-26,0.13638578355312347
2013-12-27,-0.08612853288650513
2013-12-28,0.019808685407042503
2013-12-29,-0.22385361790657043
2013-12-30,0.04813362658023834
2013-12-31,0.263513445854187
2014-01-01,0.2520679831504822
2014-01-02,-0.283832311630249
2014-01-03,0.2552303671836853
2014-01-04,0.3790723383426666
2014-01-05,-0.9595630168914795
2014-01-06,-0.3966222405433655
2014-01-07,0.26991352438926697
2014-01-08,0.17837858200073242
2014-01-09,0.05109379068017006
2014-01-10,0.1028304472565651
2014-01-11,-0.03218645602464676
2014-01-12,0.1566985696554184
2014-01-13,-0.2992440462112427
2014-01-14,-0.3364092707633972
2014-01-15,-0.011185233481228352
2014-01-16,0.022773131728172302
2014-01-17,0.018179913982748985
2014-01-18,-0.11677650362253189
2014-01-19,-0.17764683067798615
2014-01-20,0.16823384165763855
2014-01-21,0.41781100630760193
2014-01-22,0.2048839032649994
2014-01-23,-0.022294389083981514
2014-01-24,-0.17078419029712677
2014-01-25,0.15957604348659515
2014-01-26,0.15600714087486267
2014-01-27,0.44962137937545776
2014-01-28,-0.01993110589683056
2014-01-29,0.2599429488182068
2014-01-30,-0.0289127379655838
2014-01-31,-0.2974052131175995
2014-02-01,0.017624134197831154
2014-02-02,0.029244638979434967
2014-02-03,-0.10751111805438995
2014-02-04,-0.18093618750572205
2014-02-05,0.056301236152648926
2014-02-06,0.12582680583000183
2014-02-07,-0.0905952900648117
2014-02-08,0.22132976353168488
2014-02-09,0.2087116539478302
2014-02-10,-0.520580530166626
2014-02-11,-0.328130304813385
2014-02-12,0.19008281826972961
2014-02-13,0.1345255821943283
2014-02-14,-0.017061902210116386
2014-02-15,-0.42179861664772034
2014-02-16,-0.1597491055727005
2014-02-17,0.22210603952407837
2014-02-18,0.31935760378837585
2014-02-19,0.11052515357732773
2014-02-20,0.01811327412724495
2014-02-21,-0.4060269296169281
2014-02-22,-0.8687095642089844
2014-02-23,0.40608924627304077
2014-02-24,-0.44112128019332886
2014-02-25,0.08261378109455109
2014-02-26,0.3568677008152008
2014-02-27,0.1679261326789856
2014-02-28,-0.07958300411701202
2014-03-01,0.3217947781085968
2014-03-02,-0.9495258927345276
2014-03-03,0.026054412126541138
2014-03-04,-0.13003882765769958
2014-03-05,0.10313884168863297
2014-03-06,0.16260173916816711
2014-03-07,-0.3907129764556885
2014-03-08,0.4082053601741791
2014-03-09,0.46917712688446045
2014-03-10,-0.2564109265804291
2014-03-11,-0.08275187760591507
2014-03-12,0.36654216051101685
2014-03-13,-0.12634669244289398
2014-03-14,-0.009024238213896751
2014-03-15,-0.2156374603509903
2014-03-16,0.9360440373420715
2014-03-17,0.061623312532901764
2014-03-18,-0.03486692160367966
2014-03-19,0.20563383400440216
2014-03-20,0.05074317753314972
2014-03-21,0.06358052790164948
2014-03-22,-0.2412032037973404
2014-03-23,0.5694877505302429
2014-03-24,-0.24122680723667145
2014-03-25,0.39482152462005615
2014-03-26,0.07458937913179398
2014-03-27,0.2185746282339096
2014-03-28,0.11252062767744064
2014-03-29,0.17231899499893188
2014-03-30,-0.3383466601371765
2014-03-31,0.11105617135763168
2014-04-01,0.09082631766796112
2014-04-02,-0.01322182733565569
2014-04-03,0.21282723546028137
2014-04-04,0.08416879177093506
2014-04-05,-0.003727759700268507
2014-04-07,0.03515881299972534
2014-04-08,-0.20789188146591187
2014-04-09,-0.21326729655265808
2014-04-10,0.0947054922580719
2014-04-11,-0.12071225047111511
2014-04-12,0.4624476730823517
2014-04-13,-0.20308692753314972
2014-04-14,0.0007770117372274399
2014-04-15,-0.019500963389873505
2014-04-16,-0.1898004412651062
2014-04-17,0.28756582736968994
2014-04-18,0.8827514052391052
2014-04-19,0.27061936259269714
2014-04-20,0.03751346841454506
2014-04-21,-0.14357653260231018
2014-04-22,-0.05438700318336487
2014-04-23,0.17426563799381256
2014-04-24,0.32358816266059875
2014-04-25,-0.020711351186037064
2014-04-26,0.12978442013263702
2014-04-27,0.16051878035068512
2014-04-28,0.011080101132392883
2014-04-29,0.2154526263475418
2014-04-30,0.0715213343501091
2014-05-01,0.47431567311286926
2014-05-02,0.010404895059764385
2014-05-03,-0.13224777579307556
2014-05-04,0.7152808308601379
2014-05-05,0.058171678334474564
2014-05-06,0.048483956605196
2014-05-07,0.25163376331329346
2014-05-08,0.1864735186100006
2014-05-09,0.27161669731140137
2014-05-10,0.2982078790664673
2014-05-11,0.09276255965232849
2014-05-12,0.15393754839897156
2014-05-13,0.5782570838928223
2014-05-14,-0.05410028249025345
2014-05-15,0.30527475476264954
2014-05-16,0.017820600420236588
2014-05-17,0.2435053288936615
2014-05-18,0.9345513582229614
2014-05-19,-0.1707388311624527
2014-05-20,0.016629964113235474
2014-05-21,0.16652868688106537
2014-05-22,-0.37250497937202454
2014-05-23,0.0565837025642395
2014-05-24,0.06700745224952698
2014-05-25,0.1807691603899002
2014-05-26,0.25366097688674927
2014-05-27,0.10339685529470444
2014-05-28,0.12457267940044403
2014-05-29,-0.1530110388994217
2014-05-30,0.14836186170578003
2014-05-31,-0.526098906993866
2014-06-01,0.9284325242042542
2014-06-02,0.09948591142892838
2014-06-03,-0.32715660333633423
2014-06-04,0.3127829134464264
2014-06-05,-0.09655281156301498
2014-06-06,-0.024577636271715164
2014-06-07,0.08852192014455795
2014-06-08,0.7274508476257324
2014-06-09,0.17302560806274414
2014-06-10,-0.11828070878982544
2014-06-11,-0.07914971560239792
2014-06-12,0.25094547867774963
2014-06-13,0.34876081347465515
2014-06-14,0.07786113768815994
2014-06-15,0.12919674813747406
2014-06-16,0.30000099539756775
2014-06-17,0.09191463142633438
2014-06-18,-0.11911032348871231
2014-06-19,-0.17820143699645996
2014-06-20,0.029406780377030373
2014-06-21,0.4050888121128082
2014-06-22,0.7906866073608398
2014-06-23,-0.12237632274627686
2014-06-24,0.22010423243045807
2014-06-25,0.1938638538122177
2014-06-26,0.03174914792180061
2014-06-27,0.11637154221534729
2014-06-28,-0.1359882354736328
2014-06-29,0.4136042892932892
2014-06-30,0.36337462067604065
2014-07-01,-0.1277589201927185
2014-07-02,0.08048885315656662
2014-07-03,-0.013914261944591999
2014-07-04,-0.14576022326946259
2014-07-05,0.13287204504013062
2014-07-06,0.5668982267379761
2014-07-07,0.5111280083656311
2014-07-08,-0.1034429594874382
2014-07-09,0.41823214292526245
2014-07-10,0.3427078127861023
2014-07-11,0.4109667241573334
2014-07-12,0.39492568373680115
2014-07-13,0.72426837682724
2014-07-14,0.20431189239025116
2014-07-15,0.05419157072901726
2014-07-16,0.37144041061401367
2014-07-17,0.058253269642591476
2014-07-18,-0.003859102725982666
2014-07-19,0.44818931818008423
2014-07-20,0.2067762166261673
2014-07-21,0.11462877690792084
2014-07-22,0.21862544119358063
2014-07-23,0.025263840332627296
2014-07-24,0.1798158884048462
2014-07-25,0.30274033546447754
2014-07-26,0.1358342319726944
2014-07-28,0.10990375280380249
2014-07-29,0.3883257806301117
2014-07-30,0.16902442276477814
2014-07-31,-0.4796028733253479
2014-08-01,-0.26102888584136963
2014-08-02,-0.12352645397186279
2014-08-03,0.42797714471817017
2014-08-04,0.2962965667247772
2014-08-05,0.08171446621417999
2014-08-06,-0.3592967987060547
2014-08-07,0.10975058376789093
2014-08-08,-0.17425265908241272
2014-08-09,0.28683212399482727
2014-08-10,0.3839450180530548
2014-08-11,0.4430139660835266
2014-08-12,0.1593877524137497
2014-08-13,0.3228365182876587
2014-08-14,0.019810570403933525
2014-08-15,0.03203077241778374
2014-08-16,0.19068442285060883
2014-08-17,0.1910438984632492
2014-08-18,-0.08101771026849747
2014-08-19,0.10075888782739639
2014-08-20,0.041809629648923874
2014-08-21,0.1497456282377243
2014-08-22,-0.06272526830434799
2014-08-23,0.5302066802978516
2014-08-24,-0.48981156945228577
2014-08-25,0.16967876255512238
2014-08-26,0.06585149466991425
2014-08-27,-0.028430435806512833
2014-08-28,-0.09087765961885452
2014-08-29,0.17921064794063568
2014-08-31,0.02879856713116169
2014-09-01,0.14227089285850525
2014-09-02,-0.01591724157333374
2014-09-03,-0.05794723331928253
2014-09-04,0.10882909595966339
2014-09-05,-0.034092433750629425
2014-09-06,0.10151691734790802
2014-09-07,0.12036652117967606
2014-09-08,0.2625661790370941
2014-09-09,0.13648436963558197
2014-09-10,-0.09659560024738312
2014-09-11,-0.08469341695308685
2014-09-12,0.1367674469947815
2014-09-13,0.3388841450214386
2014-09-14,0.4266924560070038
2014-09-15,0.3880068361759186
2014-09-16,0.14899037778377533
2014-09-17,0.12998048961162567
2014-09-18,0.08156998455524445
2014-09-19,-0.021755170077085495
2014-09-20,-0.3795839846134186
2014-09-21,-0.5309735536575317
2014-09-22,0.13975803554058075
2014-09-23,0.04302849993109703
2014-09-24,0.180715873837471
2014-09-25,-0.2159077674150467
2014-09-26,0.10150903463363647
2014-09-27,-0.1535278707742691
2014-09-28,0.8276050090789795
2014-09-29,-0.19209611415863037
2014-09-30,-0.2677294611930847
2014-10-01,0.17193026840686798
2014-10-02,-0.12163052707910538
2014-10-03,0.48748597502708435
2014-10-04,-0.5157960057258606
2014-10-06,-0.2776850163936615
2014-10-07,0.1278764009475708
2014-10-08,0.05594271793961525
2014-10-09,0.09583886712789536
2014-10-10,0.2194959968328476
2014-10-11,-0.01147446408867836
2014-10-13,-0.3812685012817383
2014-10-14,0.06994912773370743
2014-10-15,-0.014183753170073032
2014-10-16,0.24181652069091797
2014-10-17,0.1852841079235077
2014-10-18,0.25671952962875366
2014-10-20,0.08106454461812973
2014-10-21,0.17164325714111328
2014-10-22,0.2970379889011383
2014-10-23,-0.2439848780632019
2014-10-24,-0.09447623789310455
2014-10-25,0.6541675925254822
2014-10-26,-0.4538336992263794
2014-10-27,0.18315044045448303
2014-10-28,-0.10897980630397797
2014-10-29,-0.005860859993845224
2014-10-30,-0.001658190623857081
2014-10-31,0.2135407030582428
2014-11-01,0.13653682172298431
2014-11-03,-0.3256478011608124
2014-11-04,-0.15237227082252502
2014-11-05,-0.4189605414867401
2014-11-06,0.19264094531536102
2014-11-07,0.00330425170250237
2014-11-08,0.018734300509095192
2014-11-09,-0.23475255072116852
2014-11-10,-0.18824385106563568
2014-11-11,0.23714523017406464
2014-11-12,-0.2743768095970154
2014-11-13,-0.028864938765764236
2014-11-14,-0.1526000052690506
2014-11-15,-0.1248810663819313
2014-11-16,0.2068444788455963
2014-11-17,0.22646017372608185
2014-11-18,0.15962941944599152
2014-11-19,-0.49584895372390747
2014-11-20,0.19645090401172638
2014-11-21,-0.242418110370636
2014-11-22,0.5288716554641724
2014-11-23,0.08172210305929184
2014-11-24,0.14065857231616974
2014-11-25,-0.1860283613204956
2014-11-26,-0.002848556963726878
2014-11-27,0.006379067897796631
2014-11-28,-0.1394287645816803
2014-11-29,0.14048849046230316
2014-11-30,0.9159463047981262
2014-12-01,-0.110288605093956
2014-12-02,-0.17047961056232452
2014-12-03,-0.036133985966444016
2014-12-04,-0.19379229843616486
2014-12-05,-0.16584357619285583
2014-12-06,0.11059977859258652
2014-12-08,-0.13196580111980438
2014-12-09,0.14954963326454163
2014-12-10,-0.11838295310735703
2014-12-11,0.014864451251924038
2014-12-12,0.20317956805229187
2014-12-13,0.7736091613769531
2014-12-14,-0.16590845584869385
2014-12-15,-0.016991930082440376
2014-12-16,0.025424271821975708
2014-12-17,0.03777206316590309
2014-12-18,0.0009970844257622957
2014-12-19,-0.17820893228054047
2014-12-20,0.18030023574829102
2014-12-21,-0.08028706163167953
2014-12-22,0.008985614404082298
2014-12-23,-0.058187030255794525
2014-12-24,-0.30076172947883606
2014-12-25,-0.0030466141179203987
2014-12-26,-0.1549743413925171
2014-12-27,0.07547009736299515
2014-12-28,0.566038191318512
2014-12-29,0.27956828474998474
2014-12-30,-0.3291783928871155
2014-12-31,-0.33986616134643555
2015-01-01,-0.06607604771852493
2015-01-02,0.0836297795176506
2015-01-03,0.021644987165927887
2015-01-04,-0.0101421307772398
2015-01-05,0.3263082206249237
2015-01-06,0.1450829803943634
2015-01-07,0.35427606105804443
2015-01-08,0.11408469080924988
2015-01-09,0.309385746717453
2015-01-10,-0.08520463109016418
2015-01-11,0.5341466665267944
2015-01-12,-0.10213982313871384
2015-01-13,-0.14057689905166626
2015-01-14,-0.01594327576458454
2015-01-15,0.19353927671909332
2015-01-16,-0.3742723762989044
2015-01-17,-0.22654907405376434
2015-01-19,-0.0924956202507019
2015-01-20,0.058656610548496246
2015-01-21,0.03406452387571335
2015-01-22,-0.05786256864666939
2015-01-23,0.34499862790107727
2015-01-24,-0.06052684411406517
2015-01-26,0.2201734036207199
2015-01-27,0.10439752787351608
2015-01-28,0.19910365343093872
2015-01-29,0.33049771189689636
2015-01-30,-0.3239828944206238
2015-01-31,0.2763444781303406
2015-02-01,0.826445996761322
2015-02-02,-0.014495321549475193
2015-02-03,0.2754841148853302
2015-02-04,0.16199205815792084
2015-02-05,0.14917850494384766
2015-02-06,-0.16254068911075592
2015-02-07,0.3871912956237793
2015-02-08,-0.4271141290664673
2015-02-09,0.4046620726585388
2015-02-10,0.07743923366069794
2015-02-11,0.1629188060760498
2015-02-12,-0.20144380629062653
2015-02-13,0.0033148867078125477
2015-02-14,-0.006031850818544626
2015-02-15,0.1087084412574768
2015-02-16,-0.17883950471878052
2015-02-17,0.01225726306438446
2015-02-18,-0.008007675409317017
2015-02-19,0.10710535198450089
2015-02-20,0.0029481735546141863
2015-02-21,-0.03771262243390083
2015-02-22,0.3610314726829529
2015-02-23,-0.3442695140838623
2015-02-24,0.23049387335777283
2015-02-25,0.3882600963115692
2015-02-26,-0.04200047254562378
2015-02-27,0.13392315804958344
2015-02-28,0.08641256392002106
2015-03-01,0.09557144343852997
2015-03-02,0.4636492431163788
2015-03-03,0.13631968200206757
2015-03-04,-0.03737702965736389
2015-03-05,-0.06233787536621094
2015-03-06,0.11296301335096359
2015-03-07,0.30688849091529846
2015-03-09,-0.014909982681274414
2015-03-10,0.3159297704696655
2015-03-11,0.08615914732217789
2015-03-12,0.053879402577877045
2015-03-13,0.2686915397644043
2015-03-14,0.4881603717803955
2015-03-15,0.47092241048812866
2015-03-16,-0.04579653590917587
2015-03-17,0.17860355973243713
2015-03-18,0.40659892559051514
2015-03-19,0.09410180896520615
2015-03-20,0.12696973979473114
2015-03-21,-0.18087878823280334
2015-03-22,0.4860873520374298
2015-03-23,0.12995941936969757
2015-03-24,0.15342140197753906
2015-03-25,0.22463038563728333
2015-03-26,-0.1993887722492218
2015-03-27,-0.07005184888839722
2015-03-28,0.03950542211532593
2015-03-29,-0.24782800674438477
2015-03-30,-0.09184511750936508
2015-03-31,0.3130139112472534
2015-04-01,0.17349247634410858
2015-04-02,0.1522613912820816
2015-04-03,-0.07959592342376709
2015-04-04,0.036791685968637466
2015-04-05,0.4717828035354614
2015-04-06,0.3113107979297638
2015-04-07,-0.06784410029649734
2015-04-08,0.15613766014575958
2015-04-09,0.22084417939186096
2015-04-10,0.041934601962566376
2015-04-11,0.1400105506181717
2015-04-12,0.32023873925209045
2015-04-13,-0.13842526078224182
2015-04-14,-0.11174436658620834
2015-04-15,0.0855799987912178
2015-04-16,0.26527997851371765
2015-04-17,-0.030267277732491493
2015-04-18,-0.08356896787881851
2015-04-19,-0.29214197397232056
2015-04-20,-0.5977916717529297
2015-04-21,0.16572856903076172
2015-04-22,0.3677131235599518
2015-04-23,0.21724362671375275
2015-04-24,0.08752965182065964
2015-04-25,-0.17466366291046143
2015-04-26,0.36695921421051025
2015-04-27,-0.23470453917980194
2015-04-28,0.43158063292503357
2015-04-29,0.07581349462270737
2015-04-30,-0.008019166998565197
2015-05-01,0.0989546924829483
2015-05-02,-0.4224591553211212
2015-05-03,0.32200539112091064
2015-05-04,0.07416298240423203
2015-05-05,-0.05631187558174133
2015-05-06,0.15169097483158112
2015-05-07,0.2664703130722046
2015-05-08,0.42364251613616943
2015-05-09,-0.20207418501377106
2015-05-11,0.3719857633113861
2015-05-12,0.10234507918357849
2015-05-13,-0.3246358036994934
2015-05-14,0.10150391608476639
2015-05-15,-0.001113350153900683
2015-05-17,0.6687957644462585
2015-05-18,0.13882185518741608
2015-05-19,0.2781970798969269
2015-05-20,-0.4246996343135834
2015-05-21,-0.1945662796497345
2015-05-22,-0.27159297466278076
2015-05-23,0.016093850135803223
2015-05-24,0.008764326572418213
2015-05-25,0.43278762698173523
2015-05-26,0.14831016957759857
2015-05-27,-0.3720194399356842
2015-05-28,0.3812136948108673
2015-05-29,-0.16233883798122406
2015-05-30,-0.010437607765197754
2015-06-01,0.12949201464653015
2015-06-02,-0.1742505431175232
2015-06-03,-0.4186863303184509
2015-06-04,0.3018193542957306
2015-06-05,0.23689547181129456
2015-06-06,0.3209819495677948
2015-06-07,0.03793265298008919
2015-06-08,0.028032520785927773
2015-06-09,0.09328928589820862
2015-06-10,0.05022262781858444
2015-06-11,0.10958364605903625
2015-06-12,-0.3117663264274597
2015-06-13,-0.11755333095788956
2015-06-14,0.4640168845653534
2015-06-15,0.09570949524641037
2015-06-16,-0.04242611303925514
2015-06-17,-0.2967880666255951
2015-06-18,0.18399913609027863
2015-06-19,-0.0053224400617182255
2015-06-20,-0.05191700533032417
2015-06-21,-0.0009087100625038147
2015-06-22,-0.010028928518295288
2015-06-23,0.302266925573349
2015-06-24,0.0865434929728508
2015-06-25,-0.09926118701696396
2015-06-26,0.0994296669960022
2015-06-27,-0.06411048769950867
2015-06-28,-0.10357822477817535
2015-06-29,-0.23027920722961426
2015-06-30,0.017320772632956505
2015-07-01,-0.14641879498958588
2015-07-02,0.13851311802864075
2015-07-03,-0.11943437904119492
2015-07-04,-0.2035229206085205
2015-07-05,0.47116175293922424
2015-07-06,0.31334784626960754
2015-07-07,0.14149653911590576
2015-07-08,0.30594995617866516
2015-07-09,0.019654246047139168
2015-07-10,0.04596862569451332
2015-07-11,0.023350322619080544
2015-07-12,0.41828653216362
2015-07-13,0.3066462576389313
2015-07-14,0.16206598281860352
2015-07-15,-0.1622018814086914
2015-07-16,0.138351708650589
2015-07-17,-0.1750999242067337
2015-07-18,-0.028684698045253754
2015-07-19,0.8716713786125183
2015-07-20,-0.0983397364616394
2015-07-21,-0.0964270606637001
2015-07-22,0.14249113202095032
2015-07-23,0.37911954522132874
2015-07-24,-0.15988972783088684
2015-07-25,0.4342818260192871
2015-07-26,0.11343789100646973
2015-07-27,0.003186759538948536
2015-07-28,-0.263508677482605
2015-07-29,-0.04299050569534302
2015-07-30,-0.2395920306444168
2015-07-31,-0.023574724793434143
2015-08-01,0.3100046217441559
2015-08-02,-0.11003836989402771
2015-08-03,-0.0739930123090744
2015-08-04,-0.41756290197372437
2015-08-05,0.050608258694410324
2015-08-06,-0.07938920706510544
2015-08-07,0.08015654981136322
2015-08-08,0.16991139948368073
2015-08-09,0.4128464162349701
2015-08-10,0.4147694408893585
2015-08-11,0.14377690851688385
2015-08-12,-0.43084222078323364
2015-08-13,-0.1597250998020172
2015-08-14,-0.15620626509189606
2015-08-15,0.2023088037967682
2015-08-16,0.08765854686498642
2015-08-17,0.35885992646217346
2015-08-18,0.08856535702943802
2015-08-19,-0.11236019432544708
2015-08-20,0.1993289738893509
2015-08-21,-0.15414170920848846
2015-08-22,0.23491591215133667
2015-08-23,-0.6252254843711853
2015-08-24,-0.24589993059635162
2015-08-25,-0.08045943826436996
2015-08-26,0.10444584488868713
2015-08-27,0.4441857933998108
2015-08-28,0.09449869394302368
2015-08-29,0.10666267573833466
2015-08-30,0.2859596312046051
2015-08-31,-0.0606963187456131
2015-09-01,-0.3089432120323181
2015-09-02,-0.23910753428936005
2015-09-03,-0.012204203754663467
2015-09-04,-0.6787978410720825
2015-09-05,-0.3433009386062622
2015-09-06,0.8842167258262634
2015-09-07,-0.14886242151260376
2015-09-08,-0.01735193282365799
2015-09-09,0.057266876101493835
2015-09-10,-0.5116692781448364
2015-09-11,0.2256322205066681
2015-09-12,0.020801464095711708
2015-09-13,0.3041290044784546
2015-09-14,0.39533987641334534
2015-09-15,0.1294378638267517
2015-09-16,0.3942194879055023
2015-09-17,0.1664724498987198
2015-09-18,-0.335562527179718
2015-09-19,-0.22176048159599304
2015-09-20,0.3659482002258301
2015-09-21,0.07791125029325485
2015-09-22,0.11045578122138977
2015-09-23,-0.2458159476518631
2015-09-24,0.26995664834976196
2015-09-25,-0.20001094043254852
2015-09-26,0.8058280944824219
2015-09-27,0.24729493260383606
2015-09-28,-0.024132614955306053
2015-09-29,0.04468127340078354
2015-09-30,-0.8747135996818542
2015-10-01,-0.09973765164613724
2015-10-02,0.03836986795067787
2015-10-03,0.022671202197670937
2015-10-04,0.19375202059745789
2015-10-05,-0.0767977237701416
2015-10-06,0.11199348419904709
2015-10-07,0.14098525047302246
2015-10-08,-0.15806423127651215
2015-10-09,0.3724510669708252
2015-10-10,0.8455243110656738
2015-10-11,-0.40482598543167114
2015-10-12,0.10557107627391815
2015-10-13,0.03418818861246109
2015-10-14,0.12638013064861298
2015-10-15,0.31321877241134644
2015-10-16,0.06649775803089142
2015-10-17,0.25005900859832764
2015-10-19,0.05411664396524429
2015-10-20,-0.12062952667474747
2015-10-21,0.14946384727954865
2015-10-22,-0.2850339114665985
2015-10-23,0.10277874022722244
2015-10-24,-0.2223900556564331
2015-10-25,0.9221112132072449
2015-10-26,-0.3199215233325958
2015-10-27,0.43316951394081116
2015-10-28,-0.442110538482666
2015-10-29,0.29419955611228943
2015-10-30,0.2412426471710205
2015-10-31,0.2820357084274292
2015-11-02,-0.3859688341617584
2015-11-03,-0.3404560089111328
2015-11-04,0.16280032694339752
2015-11-05,-0.37296196818351746
2015-11-06,0.04331151768565178
2015-11-07,-0.4616847336292267
2015-11-08,0.5860620141029358
2015-11-09,-0.4271761476993561
2015-11-10,-0.12857115268707275
2015-11-11,0.13522844016551971
2015-11-13,0.28950512409210205
2015-11-14,-0.6170715689659119
2015-11-15,0.09930533915758133
2015-11-16,-0.08418519794940948
2015-11-17,-0.1691189408302307
2015-11-18,0.0810052901506424
2015-11-19,-0.25318020582199097
2015-11-20,-0.20032648742198944
2015-11-21,-0.322191059589386
2015-11-22,0.5200449228286743
2015-11-23,0.2509787082672119
2015-11-24,0.21591997146606445
2015-11-25,0.1567099392414093
2015-11-26,0.29933682084083557
2015-11-27,0.007624756079167128
2015-11-28,0.29852375388145447
2015-11-29,0.04857932776212692
2015-11-30,0.045120012015104294
2015-12-01,0.24290473759174347
2015-12-02,0.16266155242919922
2015-12-03,-0.07358045876026154
2015-12-04,0.06666874885559082
2015-12-05,-0.3301005959510803
2015-12-07,0.5164834856987
2015-12-08,0.059532903134822845
2015-12-09,0.06021462380886078
2015-12-10,0.1402101069688797
2015-12-11,-0.2237982153892517
2015-12-12,-0.2018883228302002
2015-12-13,-0.021288633346557617
2015-12-14,-0.044556036591529846
2015-12-15,0.023082250729203224
2015-12-16,0.013012953102588654
2015-12-17,0.05027351900935173
2015-12-18,-0.0371926873922348
2015-12-20,-0.29884225130081177
2015-12-21,0.24262632429599762
2015-12-22,0.3402132987976074
2015-12-23,0.2116672843694687
2015-12-24,0.03237050771713257
2015-12-25,-0.44358375668525696
2015-12-26,0.19408206641674042
2015-12-27,-0.4413467049598694
2015-12-28,-0.7176661491394043
2015-12-29,0.5769673585891724
2015-12-30,-0.17621417343616486
2015-12-31,-0.275860995054245
2016-01-02,0.19627618789672852
2016-01-03,0.2792825996875763
2016-01-04,-0.18659204244613647
2016-01-05,0.04248229041695595
2016-01-06,0.2633320987224579
2016-01-07,-0.2497468888759613
2016-01-08,-0.14323677122592926
2016-01-09,-0.3030036687850952
2016-01-10,-0.01706048846244812
2016-01-11,-0.030469506978988647
2016-01-12,-0.4580443799495697
2016-01-13,0.14112597703933716
2016-01-14,-0.06538562476634979
2016-01-15,0.04418247193098068
2016-01-16,0.2693599462509155
2016-01-17,0.3385779559612274
2016-01-18,0.07533378154039383
2016-01-19,0.10650757700204849
2016-01-20,0.23066000640392303
2016-01-21,0.2162380963563919
2016-01-22,0.2159736156463623
2016-01-23,0.22362692654132843
2016-01-24,0.91411292552948
2016-01-25,0.1295127123594284
2016-01-26,0.0021498326677829027
2016-01-27,-0.07823221385478973
2016-01-28,-0.13164813816547394
2016-01-29,0.08018385618925095
2016-01-30,0.6493291854858398
2016-01-31,0.03463715314865112
2016-02-01,0.2433542162179947
2016-02-02,0.046859875321388245
2016-02-03,0.9351984262466431
2016-02-04,0.3113650679588318
2016-02-05,0.16519297659397125
2016-02-06,0.8339670300483704
2016-02-07,0.6229587197303772
2016-02-08,0.4091482162475586
2016-02-09,0.10682995617389679
2016-02-10,-0.19433525204658508
2016-02-11,-0.25591686367988586
2016-02-12,-0.23508335649967194
2016-02-13,-0.3569144010543823
2016-02-14,-0.4729609489440918
2016-02-15,0.5832388997077942
2016-02-16,-0.4667721092700958
2016-02-17,-0.20665358006954193
2016-02-18,0.05710022151470184
2016-02-19,-0.06387052685022354
2016-02-20,-0.022669896483421326
2016-02-21,0.13352562487125397
2016-02-22,-0.09784123301506042
2016-02-23,-0.49091267585754395
2016-02-24,-0.20300379395484924
2016-02-25,0.7873889207839966
2016-02-26,0.04457151144742966
2016-02-27,-0.23930597305297852
2016-02-28,-0.05310073494911194
2016-02-29,0.10008136928081512
2016-03-01,0.05398428067564964
2016-03-02,-0.11908238381147385
2016-03-03,-0.1524313986301422
2016-03-04,0.1233835369348526
2016-03-05,0.23711588978767395
2016-03-06,0.06485337764024734
2016-03-07,-0.008590828627347946
2016-03-08,-0.12576620280742645
2016-03-09,-0.1602107584476471
2016-03-10,-0.12478799372911453
2016-03-11,-0.16357743740081787
2016-03-12,-0.23419690132141113
2016-03-13,0.4192836582660675
2016-03-14,0.02449292130768299
2016-03-15,0.06999429315328598
2016-03-16,-0.04897802695631981
2016-03-17,0.35728326439857483
2016-03-18,-0.28646957874298096
2016-03-19,0.016289740800857544
2016-03-20,0.12347645312547684
2016-03-21,-0.18479260802268982
2016-03-22,0.26602813601493835
2016-03-23,-0.3221690058708191
2016-03-24,-0.16032208502292633
2016-03-25,-0.08410914242267609
2016-03-26,-0.3376523554325104
2016-03-27,-0.9290401935577393
2016-03-28,-0.2241901159286499
2016-03-29,-0.06712090224027634
2016-03-30,0.010920864529907703
2016-03-31,-0.12464862316846848
2016-04-01,0.12246677279472351
2016-04-02,0.46202078461647034
2016-04-03,0.37350940704345703
2016-04-04,-0.016706744208931923
2016-04-05,-0.2597332000732422
2016-04-06,0.3722066879272461
2016-04-07,-0.028065860271453857
2016-04-08,0.13874909281730652
2016-04-09,0.17406052350997925
2016-04-10,-0.00536230206489563
2016-04-11,-0.10511531680822372
2016-04-12,-0.28939229249954224
2016-04-13,0.015898611396551132
2016-04-14,-0.08736635744571686
2016-04-15,-0.41316139698028564
2016-04-16,0.09292236715555191
2016-04-18,0.42209118604660034
2016-04-19,-0.022166289389133453
2016-04-20,-0.059556733816862106
2016-04-21,0.06020454317331314
2016-04-22,0.28483062982559204
2016-04-23,0.2181069701910019
2016-04-24,0.9253126978874207
2016-04-25,0.11328214406967163
2016-04-26,-0.03142451494932175
2016-04-27,0.15144440531730652
2016-04-28,0.18851786851882935
2016-04-29,-0.07930946350097656
2016-04-30,0.07553106546401978
2016-05-01,0.541496992111206
2016-05-02,-0.5121493339538574
2016-05-03,-0.20072580873966217
2016-05-04,-0.0860014334321022
2016-05-05,0.09073712676763535
2016-05-06,0.0007162789697758853
2016-05-07,0.045018136501312256
2016-05-08,-0.8240620493888855
2016-05-09,0.06130432337522507
2016-05-10,-0.1948590725660324
2016-05-11,0.02265690267086029
2016-05-12,-0.20916619896888733
2016-05-13,-0.12301738560199738
2016-05-14,-0.18476217985153198
2016-05-16,0.14685997366905212
2016-05-17,-0.29206496477127075
2016-05-18,-0.10114201158285141
2016-05-19,-0.06899917870759964
2016-05-20,-0.11661224812269211
2016-05-21,0.0028645594138652086
2016-05-22,0.1691746860742569
2016-05-23,-0.1301136165857315
2016-05-24,0.2916766107082367
2016-05-25,-0.2838537096977234
2016-05-26,-0.028202086687088013
2016-05-27,0.31236204504966736
2016-05-28,0.12765814363956451
2016-05-29,0.45284271240234375
2016-05-30,-0.44022974371910095
2016-05-31,-0.0197012796998024
2016-06-01,-0.0805094912648201
2016-06-02,-0.08599718660116196
2016-06-03,-0.267516553401947
2016-06-04,-0.24020102620124817
2016-06-05,0.06948760896921158
2016-06-06,-0.1849571019411087
2016-06-07,0.0740884318947792
2016-06-08,0.4493104815483093
2016-06-09,-0.1507430523633957
2016-06-10,-0.01711219549179077
2016-06-12,0.5664294958114624
2016-06-13,0.0001639177353354171
2016-06-14,0.04641280323266983
2016-06-15,-0.06299315392971039
2016-06-16,0.09885096549987793
2016-06-17,0.05530087277293205
2016-06-18,0.18932300806045532
2016-06-19,0.4788215458393097
2016-06-20,-0.27902403473854065
2016-06-21,-0.021381478756666183
2016-06-22,0.09546386450529099
2016-06-23,-0.10068506747484207
2016-06-24,0.0037525626830756664
2016-06-25,-0.7059831619262695
2016-06-26,0.5527401566505432
2016-06-27,-0.3657001554965973
2016-06-28,0.38687095046043396
2016-06-29,0.2717289328575134
2016-06-30,0.4249230921268463
2016-07-01,-0.27032211422920227
2016-07-02,0.1349453628063202
2016-07-03,0.01047799363732338
2016-07-04,0.013923967257142067
2016-07-05,0.021334310993552208
2016-07-06,0.0651015117764473
2016-07-07,-0.27855560183525085
2016-07-08,0.09281626343727112
2016-07-09,0.013162875548005104
2016-07-10,0.08571407198905945
2016-07-11,0.11466500163078308
2016-07-12,0.05657760798931122
2016-07-13,0.18855564296245575
2016-07-14,0.203371062874794
2016-07-15,0.09614481031894684
2016-07-16,-0.16950300335884094
2016-07-17,0.11237649619579315
2016-07-18,-0.28004783391952515
2016-07-19,0.1836678385734558
2016-07-20,-0.11497367173433304
2016-07-21,0.10411327332258224
2016-07-22,0.166909322142601
2016-07-23,0.4689025282859802
2016-07-24,0.11195969581604004
2016-07-25,-0.05574395880103111
2016-07-26,0.08097396790981293
2016-07-27,-0.24375136196613312
2016-07-28,0.21123702824115753
2016-07-29,-0.5152119398117065
2016-07-30,-0.11436767876148224
2016-07-31,0.5113679766654968
2016-08-01,0.388857901096344
2016-08-02,0.15942123532295227
2016-08-03,0.01610410213470459
2016-08-04,0.0875823050737381
2016-08-05,0.2248549908399582
2016-08-06,-0.5352297425270081
2016-08-08,0.03689217567443848
2016-08-09,0.1090572327375412
2016-08-10,0.3132428824901581
2016-08-11,0.25021371245384216
2016-08-12,-0.07408799976110458
2016-08-13,-0.6713413000106812
2016-08-14,0.03307908773422241
2016-08-15,-0.29382389783859253
2016-08-16,0.373995840549469
2016-08-17,0.1703958660364151
2016-08-18,-0.10594058036804199
2016-08-19,-0.04643252491950989
2016-08-20,-0.20005658268928528
2016-08-21,0.30340877175331116
2016-08-22,-0.04718589782714844
2016-08-23,0.7765331864356995
2016-08-24,0.1196126714348793
2016-08-25,-0.3891026973724365
2016-08-26,-0.0831005722284317
2016-08-27,0.013119198381900787
2016-08-28,0.11633840948343277
2016-08-29,0.25628235936164856
2016-08-30,0.074937604367733
2016-08-31,0.07360665500164032
2016-09-01,0.12803834676742554
2016-09-02,-0.1475035846233368
2016-09-03,0.149837926030159
2016-09-04,0.818936288356781
2016-09-05,0.1280098557472229
2016-09-06,0.27952060103416443
2016-09-07,0.048233989626169205
2016-09-08,-0.11759475618600845
2016-09-09,0.007314928807318211
2016-09-10,0.6602073907852173
2016-09-11,0.5097113251686096
2016-09-12,0.2194889783859253
2016-09-13,-0.12142517417669296
2016-09-14,-0.1491803377866745
2016-09-15,-0.07740730792284012
2016-09-16,0.0635385662317276
2016-09-17,-0.03107486106455326
2016-09-18,0.07177732139825821
2016-09-19,-0.01872166246175766
2016-09-20,-0.3095921277999878
2016-09-21,0.15326619148254395
2016-09-22,0.1951248049736023
2016-09-23,-0.018856210634112358
2016-09-24,0.2536451816558838
2016-09-25,0.8273051977157593
2016-09-26,0.029356613755226135
2016-09-27,-0.0788138285279274
2016-09-28,-0.35784605145454407
2016-09-29,0.12981103360652924
2016-09-30,0.022583212703466415
2016-10-01,0.009687021374702454
2016-10-03,-0.061748702079057693
2016-10-04,0.0622098483145237
2016-10-05,-0.11196844279766083
2016-10-06,0.10484872758388519
2016-10-07,-0.1168481633067131
2016-10-08,0.449937641620636
2016-10-09,-0.15315869450569153
2016-10-10,-0.0906885489821434
2016-10-11,0.03634921833872795
2016-10-12,0.07352624833583832
2016-10-13,0.32656341791152954
2016-10-14,-0.26811808347702026
2016-10-15,0.030647337436676025
2016-10-16,0.15514472126960754
2016-10-17,0.5722657442092896
2016-10-18,0.21739649772644043
2016-10-19,0.09835358709096909
2016-10-20,-0.13307471573352814
2016-10-21,-0.45049065351486206
2016-10-22,-0.6265552043914795
2016-10-23,0.14635257422924042
2016-10-24,0.10349167883396149
2016-10-25,-0.15634171664714813
2016-10-26,0.09801938384771347
2016-10-27,0.4033290445804596
2016-10-28,-0.019059186801314354
2016-10-29,0.0031085170339792967
2016-10-31,-0.1540309190750122
2016-11-01,0.07136563956737518
2016-11-02,0.21340663731098175
2016-11-03,0.10345514118671417
2016-11-04,-0.6311236023902893
2016-11-05,-0.007536351680755615
2016-11-06,0.38356685638427734
2016-11-07,-0.27313053607940674
2016-11-08,0.017520442605018616
2016-11-09,-0.07140464335680008
2016-11-10,0.04548553749918938
2016-11-11,-0.16811715066432953
2016-11-12,0.14860248565673828
2016-11-13,0.04014427959918976
2016-11-14,-0.010215927846729755
2016-11-15,0.09363929182291031
2016-11-16,-0.3678426146507263
2016-11-17,0.09975765645503998
2016-11-18,-0.0867266058921814
2016-11-19,-0.9607069492340088
2016-11-21,-0.16433650255203247
2016-11-22,0.04762088507413864
2016-11-23,-0.06414403766393661
2016-11-24,-0.12659069895744324
2016-11-25,-0.057635348290205
2016-11-27,0.07014133781194687
2016-11-28,0.3489808738231659
2016-11-29,-0.3321320116519928
2016-11-30,-0.05147867277264595
2016-12-01,0.1638791710138321
2016-12-02,0.02547677420079708
2016-12-03,-0.23642072081565857
2016-12-04,0.14158600568771362
2016-12-05,0.013726025819778442
2016-12-06,-0.3432075083255768
2016-12-07,0.32708829641342163
2016-12-08,0.22981849312782288
2016-12-09,0.029959606006741524
2016-12-10,-0.22136826813220978
2016-12-11,-0.9492942690849304
2016-12-12,-0.07431971281766891
2016-12-13,0.03182501345872879
2016-12-14,0.18891890347003937
2016-12-15,-0.0015061497688293457
2016-12-16,0.10476940125226974
2016-12-17,0.4903637766838074
2016-12-18,-0.7435705661773682
2016-12-19,0.2788918912410736
2016-12-20,0.4262218177318573
2016-12-21,0.14081256091594696
2016-12-22,0.04273464158177376
2016-12-23,0.1870661973953247
2016-12-24,0.012089647352695465
2016-12-26,0.03525551036000252
2016-12-27,-0.41839128732681274
2016-12-28,0.12441035360097885
2016-12-29,-0.055665869265794754
2016-12-30,0.18423007428646088
2016-12-31,0.7267428636550903
2017-01-02,0.3562591075897217
2017-01-03,0.05874434858560562
2017-01-04,0.09932883828878403
2017-01-05,0.22098660469055176
2017-01-06,-0.14262589812278748
2017-01-07,-0.8718926310539246
2017-01-08,-0.8138246536254883
2017-01-09,-0.34733691811561584
2017-01-10,0.8714722394943237
2017-01-11,-0.14454539120197296
2017-01-12,-0.41936999559402466
2017-01-13,0.17884193360805511
2017-01-14,0.930312991142273
2017-01-15,0.8075262904167175
2017-01-16,0.1918136179447174
2017-01-17,-0.2493554800748825
2017-01-18,0.06218727305531502
2017-01-19,0.31292104721069336
2017-01-20,0.2042669951915741
2017-01-21,-0.2794826328754425
2017-01-23,-0.11883850395679474
2017-01-24,0.0018445650348439813
2017-01-25,0.309672087430954
2017-01-26,-0.000652853399515152
2017-01-27,-0.3699551820755005
2017-01-29,0.06818246096372604
2017-01-30,0.004400134086608887
2017-01-31,0.039937011897563934
2017-02-01,-0.4115649163722992
2017-02-02,0.3114764094352722
2017-02-03,0.176751047372818
2017-02-04,-0.23064053058624268
2017-02-05,0.8909572958946228
2017-02-06,0.04740992933511734
2017-02-07,0.2968117296695709
2017-02-08,-0.31018200516700745
2017-02-09,0.08693696558475494
2017-02-10,-0.06748905777931213
2017-02-11,-0.41313111782073975
2017-02-12,-0.004946380853652954
2017-02-13,0.19475100934505463
2017-02-14,0.11586467921733856
2017-02-15,0.23925967514514923
2017-02-16,-0.18453474342823029
2017-02-17,0.16881956160068512
2017-02-18,0.12315797805786133
2017-02-20,0.39837849140167236
2017-02-21,-0.15984486043453217
2017-02-22,0.17007584869861603
2017-02-23,0.18517673015594482
2017-02-24,-0.16189804673194885
2017-02-25,-0.5434302687644958
2017-02-26,0.11249568313360214
2017-02-27,-0.26901480555534363
2017-02-28,0.0036564934998750687
2017-03-01,0.17850425839424133
2017-03-02,0.10633531212806702
2017-03-03,0.2610619068145752
2017-03-04,0.5439385771751404
2017-03-05,0.3868030309677124
2017-03-06,-0.2802780866622925
2017-03-07,-0.10277954488992691
2017-03-08,-0.06176797300577164
2017-03-09,0.12377844005823135
2017-03-10,0.12425439804792404
2017-03-11,-0.2634800672531128
2017-03-13,0.29471009969711304
2017-03-14,-0.7193596363067627
2017-03-15,0.16197353601455688
2017-03-16,-0.19308653473854065
2017-03-17,-0.16601093113422394
2017-03-18,0.03490712121129036
2017-03-19,0.31702351570129395
2017-03-20,0.13848625123500824
2017-03-21,-0.538565456867218
2017-03-22,-0.407158762216568
2017-03-23,0.18258675932884216
2017-03-24,-0.39488714933395386
2017-03-25,-0.09250875562429428
2017-03-26,0.5044386982917786
2017-03-27,-0.06778016686439514
2017-03-28,-0.16258519887924194
2017-03-29,-0.0743756964802742
2017-03-30,0.1830199509859085
2017-03-31,0.043625131249427795
2017-04-01,0.6111101508140564
2017-04-03,-0.07663363218307495
2017-04-04,-0.004671943839639425
2017-04-05,-0.1413922756910324
2017-04-06,-0.35001134872436523
2017-04-07,0.4160230755805969
2017-04-09,0.34787359833717346
2017-04-10,-0.2035205066204071
2017-04-11,0.2087155282497406
2017-04-12,0.011125453747808933
2017-04-13,0.191036194562912
2017-04-14,0.061133310198783875
2017-04-15,0.04427323862910271
2017-04-16,0.49041634798049927
2017-04-17,0.4956887364387512
2017-04-18,-0.39250531792640686
2017-04-19,0.0445447638630867
2017-04-20,0.27863919734954834
2017-04-21,0.06757000088691711
2017-04-22,-0.019527912139892578
2017-04-23,0.152212992310524
2017-04-24,0.483323872089386
2017-04-25,0.3137596845626831
2017-04-26,0.23486030101776123
2017-04-27,0.2937779426574707
2017-04-28,-0.07810503244400024
2017-04-29,-0.36229830980300903
2017-05-01,0.011689702980220318
2017-05-02,-0.009560661390423775
2017-05-03,-0.17811457812786102
2017-05-04,0.15950071811676025
2017-05-05,0.34280094504356384
2017-05-06,-0.07366937398910522
2017-05-07,0.08068443089723587
2017-05-08,0.10857010632753372
2017-05-09,0.599467396736145
2017-05-10,0.2507331073284149
2017-05-11,-0.2750377655029297
2017-05-12,-0.46775907278060913
2017-05-13,0.5222131609916687
2017-05-14,0.17655715346336365
2017-05-15,-0.22715122997760773
2017-05-16,0.0012203051010146737
2017-05-17,-0.20633724331855774
2017-05-18,-0.028622785583138466
2017-05-21,0.16252382099628448
2017-05-22,-0.03407354652881622
2017-05-23,-0.1994824856519699
2017-05-24,0.33492860198020935
2017-05-25,0.11199025064706802
2017-05-26,-0.03784501552581787
2017-05-27,-0.05466073006391525
2017-05-28,0.9294230937957764
2017-05-29,0.5696102976799011
2017-05-30,0.13062426447868347
2017-05-31,-0.30477872490882874
2017-06-01,-0.1873810738325119
2017-06-02,-0.5241138339042664
2017-06-04,0.06934952735900879
2017-06-05,-0.18352289497852325
2017-06-06,-0.5252400636672974
2017-06-07,-0.037788622081279755
2017-06-08,0.0027915239334106445
2017-06-09,0.010310879908502102
2017-06-10,0.5579329133033752
2017-06-11,0.36140480637550354
2017-06-12,-0.05806298553943634
2017-06-13,-0.04973512515425682
2017-06-14,0.07857232540845871
2017-06-15,-0.18512888252735138
2017-06-16,-0.07658831030130386
2017-06-17,0.08772680908441544
2017-06-18,0.18781040608882904
2017-06-19,0.10019415616989136
2017-06-20,-0.0203702449798584
2017-06-21,0.011673765257000923
2017-06-22,0.06024106964468956
2017-06-23,-0.00528204208239913
2017-06-24,-0.008786916732788086
2017-06-25,0.2556629478931427
2017-06-26,0.23375985026359558
2017-06-27,-0.10916880518198013
2017-06-28,-0.39741313457489014
2017-06-29,-0.20611658692359924
2017-06-30,0.15040026605129242
2017-07-01,0.1214943379163742
2017-07-02,0.44400882720947266
2017-07-03,0.21254150569438934
2017-07-04,0.56196129322052
2017-07-05,-0.04290369153022766
2017-07-06,-0.30487486720085144
2017-07-07,0.10678764432668686
2017-07-08,-0.12261111289262772
2017-07-09,0.04065190255641937
2017-07-10,0.030431997030973434
2017-07-11,0.2831718325614929
2017-07-12,-0.011006202548742294
2017-07-13,0.2161039561033249
2017-07-14,-0.07625887542963028
2017-07-15,0.4520258903503418
2017-07-16,0.29519370198249817
2017-07-17,0.2847815752029419
2017-07-18,-0.7610402703285217
2017-07-19,0.12453669309616089
2017-07-20,0.06377670168876648
2017-07-21,0.2713240385055542
2017-07-22,0.40606582164764404
2017-07-23,0.13210830092430115
2017-07-24,-0.6957420706748962
2017-07-25,0.009800026193261147
2017-07-26,0.1347060203552246
2017-07-27,0.10555203258991241
2017-07-28,0.34427452087402344
2017-07-29,-0.9518256783485413
2017-07-30,-0.01512368954718113
2017-07-31,0.2918206751346588
2017-08-01,-0.2547586262226105
2017-08-02,-0.008238681592047215
2017-08-03,-0.18754874169826508
2017-08-04,0.37950599193573
2017-08-05,0.2649797797203064
2017-08-06,0.07805734127759933
2017-08-07,-0.11053182184696198
2017-08-08,-0.4030708074569702
2017-08-09,-0.17524179816246033
2017-08-10,-0.0009254134492948651
2017-08-11,0.37343254685401917
2017-08-13,-0.8539866805076599
2017-08-14,0.19014699757099152
2017-08-15,0.9033231139183044
2017-08-16,0.31851494312286377
2017-08-17,-0.10487169772386551
2017-08-18,-0.3871183395385742
2017-08-20,-0.296489417552948
2017-08-21,0.2517504394054413
2017-08-22,-0.19062574207782745
2017-08-23,-0.01662399433553219
2017-08-24,-0.23739667236804962
2017-08-25,-0.02270042896270752
2017-08-27,0.09974483400583267
2017-08-28,-0.26871636509895325
2017-08-29,0.8704698085784912
2017-08-30,0.18992796540260315
2017-08-31,0.04783758893609047
2017-09-01,-0.09707939624786377
2017-09-04,-0.004021651577204466
2017-09-05,0.07724644243717194
2017-09-06,-0.22313927114009857
2017-09-07,-0.09944628924131393
2017-09-08,0.03568163886666298
2017-09-09,-0.28718650341033936
2017-09-10,0.8934776782989502
2017-09-11,0.8847223520278931
2017-09-12,0.1996748447418213
2017-09-13,0.248735710978508
2017-09-14,0.2972619831562042
2017-09-15,-0.41773220896720886
2017-09-17,0.13068561255931854
2017-09-18,-0.05906713008880615
2017-09-19,0.3288000822067261
2017-09-20,0.45183950662612915
2017-09-21,-0.36885806918144226
2017-09-22,0.10401100665330887
2017-09-23,0.6354295015335083
2017-09-24,0.8420965075492859
2017-09-25,-0.3565899133682251
2017-09-26,-0.3605445623397827
2017-09-27,0.14665906131267548
2017-09-28,-0.24810679256916046
2017-09-29,0.3186642825603485
2017-10-02,-0.5049635171890259
2017-10-03,0.27586913108825684
2017-10-04,0.23083415627479553
2017-10-05,0.5848838686943054
2017-10-06,-0.22888119518756866
2017-10-07,-0.6862446665763855
2017-10-08,0.12654754519462585
2017-10-09,0.003231563838198781
2017-10-10,0.3972627520561218
2017-10-11,0.20489434897899628
2017-10-12,-0.2485324740409851
2017-10-13,-0.5697399973869324
2017-10-14,-0.408913254737854
2017-10-15,-0.30131810903549194
2017-10-16,-0.4107668399810791
2017-10-17,0.532928466796875
2017-10-18,-0.16031193733215332
2017-10-19,-0.14630787074565887
2017-10-20,0.20988182723522186
2017-10-21,0.4429253935813904
2017-10-22,0.4787772595882416
2017-10-23,-0.010357622057199478
2017-10-24,-0.1495276540517807
2017-10-25,0.4882946014404297
2017-10-26,0.22280633449554443
2017-10-27,0.01280479971319437
2017-10-28,-0.8219816088676453
2017-10-30,-0.006258159875869751
2017-10-31,0.2562538981437683
2017-11-01,0.3168945014476776
2017-11-02,-0.10285472869873047
2017-11-03,-0.3050326108932495
2017-11-04,0.5728784799575806
2017-11-05,-0.25220441818237305
2017-11-06,0.2717384696006775
2017-11-07,-0.002652788069099188
2017-11-08,0.19384709000587463
2017-11-09,0.26596522331237793
2017-11-10,0.026707470417022705
2017-11-11,-0.27711188793182373
2017-11-12,0.927699089050293
2017-11-13,-0.03973820433020592
2017-11-14,-0.05489286780357361
2017-11-15,0.013757333159446716
2017-11-16,0.28982412815093994
2017-11-17,0.5635401010513306
2017-11-19,0.6460604667663574
2017-11-20,0.03480275720357895
2017-11-21,-0.14507640898227692
2017-11-22,-0.38506069779396057
2017-11-23,0.3792092502117157
2017-11-24,-0.012586988508701324
2017-11-25,0.48224902153015137
2017-11-26,0.003446318209171295
2017-11-27,0.8777925372123718
2017-11-28,0.024584904313087463
2017-11-29,0.31549739837646484
2017-11-30,-0.3429161608219147
2017-12-02,0.20125268399715424
2017-12-03,-0.04108448326587677
2017-12-04,0.05834479257464409
2017-12-05,0.020948072895407677
2017-12-06,0.017804831266403198
2017-12-07,0.46154680848121643
2017-12-08,-0.2848508059978485
2017-12-11,-0.07403801381587982
2017-12-12,-0.34273412823677063
2017-12-13,0.02507612481713295
2017-12-14,0.2724185883998871
2017-12-15,0.013528738170862198
2017-12-16,-0.860344409942627
2017-12-17,0.06604942679405212
2017-12-18,-0.2707672715187073
2017-12-19,0.02873857691884041
2017-12-20,0.13412344455718994
2017-12-21,0.07293151319026947
2017-12-22,0.029605206102132797
2017-12-23,0.4178788363933563
2017-12-25,0.8652568459510803
2017-12-26,-0.05905844643712044
2017-12-27,0.3774700462818146
2017-12-28,-0.424092173576355
2017-12-29,0.2705460488796234
2017-12-30,-0.5604550242424011
2017-12-31,-0.6505070924758911
2018-01-01,0.633236825466156
2018-01-02,0.2698337733745575
2018-01-03,0.11653019487857819
2018-01-04,0.28483906388282776
2018-01-05,0.05986423045396805
2018-01-06,0.08791646361351013
2018-01-07,0.8754695653915405
2018-01-08,0.24649757146835327
2018-01-09,0.15519599616527557
2018-01-10,0.3151755630970001
2018-01-11,0.9173429608345032
2018-01-12,-0.38984522223472595
2018-01-13,-0.11505623906850815
2018-01-14,0.9338462948799133
2018-01-15,-0.08506637066602707
2018-01-16,0.014110418036580086
2018-01-17,-0.06591340154409409
2018-01-18,0.278816282749176
2018-01-19,0.24491913616657257
2018-01-22,-0.23359008133411407
2018-01-23,0.2788066565990448
2018-01-24,0.030717749148607254
2018-01-25,-0.19431176781654358
2018-01-26,0.24526657164096832
2018-01-27,0.9064206480979919
2018-01-29,0.009810208342969418
2018-01-30,-0.19811588525772095
2018-01-31,-0.0014834171161055565
2018-02-01,-0.09883876889944077
2018-02-02,-0.22459827363491058
2018-02-03,0.23731787502765656
2018-02-05,-0.6743752360343933
2018-02-06,-0.03264622017741203
2018-02-07,-0.10285010933876038
2018-02-08,-0.080208420753479
2018-02-09,-0.06201019883155823
2018-02-10,0.7447530627250671
2018-02-12,-0.15049490332603455
2018-02-13,-0.22715914249420166
2018-02-14,0.24370019137859344
2018-02-15,0.1870851069688797
2018-02-16,-0.3284611701965332
2018-02-17,0.05384330078959465
2018-02-18,-0.13271944224834442
2018-02-19,-0.2419361025094986
2018-02-20,-0.09939780831336975
2018-02-21,0.3284173011779785
2018-02-22,-0.3676580488681793
2018-02-23,0.06214268133044243
2018-02-24,-0.5572826266288757
2018-02-25,-0.07006838917732239
2018-02-26,-0.06227985396981239
2018-02-27,0.04215209186077118
2018-02-28,-0.342876136302948
2018-03-01,0.20475231111049652
2018-03-02,-0.4978210926055908
2018-03-04,0.038472920656204224
2018-03-05,-0.023872841149568558
2018-03-06,-0.019630560651421547
2018-03-07,-0.19314083456993103
2018-03-08,-0.09488516300916672
2018-03-09,-0.3327884376049042
2018-03-10,-0.3393978774547577
2018-03-11,0.9251799583435059
2018-03-12,-0.10203249007463455
2018-03-13,0.11079002171754837
2018-03-14,-0.2822500765323639
2018-03-15,-0.4638426899909973
2018-03-16,0.14885824918746948
2018-03-17,-0.4577469825744629
2018-03-18,-0.5819703340530396
2018-03-19,-0.4386156499385834
2018-03-20,-0.03270065784454346
2018-03-21,0.053550686687231064
2018-03-22,0.06568916141986847
2018-03-23,-0.05778639391064644
2018-03-25,0.7252386808395386
2018-03-26,-0.4711277484893799
2018-03-27,0.06693869084119797
2018-03-28,-0.3001558780670166
2018-03-29,-0.3408695459365845
2018-03-30,0.3378954231739044
2018-03-31,0.4380468726158142
2018-04-01,-0.1799526959657669
2018-04-02,-0.3179970681667328
2018-04-03,0.2218295782804489
2018-04-04,0.07559885829687119
2018-04-05,0.5939191579818726
2018-04-06,-0.32130563259124756
2018-04-07,-0.09406088292598724
2018-04-08,0.12126319110393524
2018-04-09,-0.10998662561178207
2018-04-10,-0.1548883616924286
2018-04-11,-0.5054579377174377
2018-04-12,-0.4366418719291687
2018-04-13,-0.19625644385814667
2018-04-14,0.47428733110427856
2018-04-15,0.01341216266155243
2018-04-16,0.07780914008617401
2018-04-17,-0.01794956810772419
2018-04-18,-0.20306798815727234
2018-04-19,-0.14546839892864227
2018-04-20,-0.642813503742218
2018-04-23,0.03996698185801506
2018-04-24,-0.12521877884864807
2018-04-25,0.03576061129570007
2018-04-26,0.081454336643219
2018-04-27,-0.20414724946022034
2018-04-28,0.9224675893783569
2018-04-30,-0.5114209055900574
2018-05-01,-0.2641158103942871
2018-05-02,-0.19758720695972443
2018-05-03,-0.08462966233491898
2018-05-04,0.21415670216083527
2018-05-06,-0.49668654799461365
2018-05-07,-0.08061902225017548
2018-05-08,-0.1776241660118103
2018-05-09,0.27336424589157104
2018-05-10,-0.19600257277488708
2018-05-11,0.10606583952903748
2018-05-12,0.03619384765625
2018-05-14,0.03913353756070137
2018-05-15,-0.5150423645973206
2018-05-16,-0.005491369869560003
2018-05-17,0.04132763668894768
2018-05-18,0.492853581905365
2018-05-19,0.06978711485862732
2018-05-21,0.003897507907822728
2018-05-22,0.06372920423746109
2018-05-23,-0.26757121086120605
2018-05-24,0.20936012268066406
2018-05-25,0.7440933585166931
2018-05-26,0.3804992437362671
2018-05-27,-0.0182499997317791
2018-05-28,0.8916770219802856
2018-05-29,-0.2166542112827301
2018-05-30,-0.3925119638442993
2018-05-31,-0.8293424248695374
2018-06-01,-0.014474005438387394
2018-06-02,0.6861454248428345
2018-06-03,0.7224642634391785
2018-06-04,0.11097855865955353
2018-06-05,-0.16287457942962646
2018-06-06,0.08985793590545654
2018-06-07,0.21847429871559143
2018-06-08,-0.06799016892910004
2018-06-09,0.3338552713394165
2018-06-10,-0.3467303514480591
2018-06-11,0.02259506657719612
2018-06-12,-0.06090625375509262
2018-06-13,0.3902833163738251
2018-06-14,0.031544532626867294
2018-06-15,-0.5303375124931335
2018-06-16,-0.3667660057544708
2018-06-18,-0.04416445270180702
2018-06-19,-0.2999916970729828
2018-06-20,0.08608690649271011
2018-06-21,0.06244698911905289
2018-06-22,-0.03897508978843689
2018-06-23,-0.019345805048942566
2018-06-25,-0.18527767062187195
2018-06-26,-0.04021225497126579
2018-06-27,0.04696099832653999
2018-06-28,0.008764970116317272
2018-06-29,-0.08870042860507965
2018-06-30,-0.40770697593688965
2018-07-02,0.036913830786943436
2018-07-03,0.20087550580501556
2018-07-04,0.24658679962158203
2018-07-05,0.41891348361968994
2018-07-06,0.13851556181907654
2018-07-07,-0.6161074638366699
2018-07-08,0.3746827244758606
2018-07-09,-0.029791856184601784
2018-07-10,0.03434832766652107
2018-07-11,-0.3576211631298065
2018-07-12,-0.17483459413051605
2018-07-13,-0.025295590981841087
2018-07-16,0.13770614564418793
2018-07-17,-0.09146064519882202
2018-07-18,-0.004641482140868902
2018-07-19,0.3509145677089691
2018-07-20,0.0011489065364003181
2018-07-21,-0.9695353507995605
2018-07-23,0.28745368123054504
2018-07-24,-0.5872775316238403
2018-07-25,0.18786555528640747
2018-07-26,0.1205902174115181
2018-07-27,0.23944415152072906
2018-07-28,0.12490023672580719
2018-07-29,0.026481881737709045
2018-07-30,0.2067987024784088
2018-07-31,-0.01271852757781744
2018-08-01,-0.11920507997274399
2018-08-02,0.14366032183170319
2018-08-03,0.6153249740600586
2018-08-04,-0.478084534406662
2018-08-05,0.05289912968873978
2018-08-06,-0.07632049173116684
2018-08-07,0.5504794716835022
2018-08-08,0.13528159260749817
2018-08-09,0.13580608367919922
2018-08-10,-0.4539426863193512
2018-08-11,0.49266675114631653
2018-08-13,-0.02063586749136448
2018-08-14,0.14931263029575348
2018-08-15,0.1638132631778717
2018-08-16,0.06128982454538345
2018-08-17,-0.4440997838973999
2018-08-18,-0.19925954937934875
2018-08-20,0.056567028164863586
2018-08-21,0.01703762635588646
2018-08-22,0.08122635632753372
2018-08-23,0.13792625069618225
2018-08-24,-0.25166547298431396
2018-08-26,0.9395976662635803
2018-08-27,-0.16074803471565247
2018-08-28,0.05825175344944
2018-08-29,-0.33955422043800354
2018-08-30,0.13659211993217468
2018-08-31,-0.10553807020187378
2018-09-01,-0.43279972672462463
2018-09-03,-0.31593358516693115
2018-09-04,-0.09363788366317749
2018-09-05,-0.11534484475851059
2018-09-06,0.41833093762397766
2018-09-07,0.9093471169471741
2018-09-08,0.07118405401706696
2018-09-09,0.059524234384298325
2018-09-10,0.2903660237789154
2018-09-11,-0.0698145404458046
2018-09-12,0.10743346065282822
2018-09-13,0.43114447593688965
2018-09-14,-0.30843088030815125
2018-09-16,-0.10637358576059341
2018-09-17,0.13230808079242706
2018-09-18,-0.899567186832428
2018-09-19,-0.37201470136642456
2018-09-20,-0.26398950815200806
2018-09-21,0.23278264701366425
2018-09-22,0.18908505141735077
2018-09-23,0.20410014688968658
2018-09-24,-0.5290320515632629
2018-09-25,0.12374983727931976
2018-09-26,-0.21641886234283447
2018-09-27,-0.287119597196579
2018-09-28,0.10446196049451828
2018-09-30,0.7769244313240051
2018-10-01,-0.04409044608473778
2018-10-02,0.5859274864196777
2018-10-03,-0.09122459590435028
2018-10-04,0.22809918224811554
2018-10-05,-0.3427611291408539
2018-10-06,0.02120092511177063
2018-10-07,0.08382199704647064
2018-10-08,-0.12027591466903687
2018-10-09,-0.1539231687784195
2018-10-10,-0.27286869287490845
2018-10-11,-0.2917679250240326
2018-10-12,-0.3758319914340973
2018-10-13,-0.8740898370742798
2018-10-14,0.5689170360565186
2018-10-15,-0.31205806136131287
2018-10-16,-0.16171932220458984
2018-10-17,-0.24951379001140594
2018-10-18,-0.06398876756429672
2018-10-19,-0.5147319436073303
2018-10-20,0.33635419607162476
2018-10-22,-0.10752176493406296
2018-10-23,-0.013727640733122826
2018-10-24,-0.22598311305046082
2018-10-25,-0.5765810012817383
2018-10-26,0.24151410162448883
2018-10-28,-0.4669286906719208
2018-10-29,-0.2710968255996704
2018-10-30,0.05647113546729088
2018-10-31,0.058957427740097046
2018-11-01,-0.3199855387210846
2018-11-02,0.051686909049749374
2018-11-03,0.011922799050807953
2018-11-04,-0.0588226318359375
2018-11-05,-0.052821580320596695
2018-11-06,0.24835443496704102
2018-11-07,0.029778752475976944
2018-11-08,0.27489203214645386
2018-11-09,0.45592907071113586
2018-11-10,0.2810213565826416
2018-11-11,0.9188194870948792
2018-11-12,-0.37185919284820557
2018-11-13,-0.4448937475681305
2018-11-14,-0.1839616596698761
2018-11-15,-0.32530447840690613
2018-11-16,0.139407217502594
2018-11-18,-0.023836970329284668
2018-11-19,-0.3981531858444214
2018-11-20,-0.20750951766967773
2018-11-21,-0.3525209128856659
2018-11-22,0.33242934942245483
2018-11-23,-0.1158340573310852
2018-11-24,-0.1112823337316513
2018-11-26,-0.03698785975575447
2018-11-27,0.08316195011138916
2018-11-28,-0.04064285755157471
2018-11-29,-0.3194159269332886
2018-11-30,-0.2732582986354828
2018-12-02,0.4456901252269745
2018-12-03,0.056351106613874435
2018-12-04,-0.023945052176713943
2018-12-05,-0.5591277480125427
2018-12-06,-0.034916844218969345
2018-12-07,-0.2523648142814636
2018-12-09,0.32129207253456116
2018-12-10,0.08978879451751709
2018-12-11,0.04216226935386658
2018-12-12,0.20950889587402344
2018-12-13,0.022769780829548836
2018-12-14,-0.6633961200714111
2018-12-15,0.04528697207570076
2018-12-17,-0.4488053321838379
2018-12-18,-0.3157240152359009
2018-12-19,0.000983464764431119
2018-12-20,-0.2867130935192108
2018-12-21,-0.30055031180381775
2018-12-23,-0.8643006086349487
2018-12-24,0.013690370135009289
2018-12-25,-0.4980464577674866
2018-12-26,-0.327791303396225
2018-12-27,-0.19340258836746216
2018-12-28,-0.5292924642562866
2018-12-29,0.11963677406311035
2018-12-31,-0.3757755756378174
2019-01-01,0.8959197998046875
2019-01-02,-0.22736242413520813
2019-01-03,0.023344218730926514
2019-01-04,-0.2823348641395569
2019-01-05,-0.9472160339355469
2019-01-06,-0.05631345510482788
2019-01-07,0.2328711897134781
2019-01-08,-0.0182344913482666
2019-01-09,-0.1659577339887619
2019-01-10,0.14823263883590698
2019-01-11,0.4913758635520935
2019-01-13,0.9289378523826599
2019-01-14,-0.14083260297775269
2019-01-15,-0.9278790950775146
2019-01-16,0.4429284930229187
2019-01-17,0.1407286673784256
2019-01-18,0.17840875685214996
2019-01-19,-0.25279924273490906
2019-01-21,-0.20308147370815277
2019-01-22,0.20022185146808624
2019-01-23,0.12097320705652237
2019-01-24,-0.7590522170066833
2019-01-25,0.1966739296913147
2019-01-27,0.6592932939529419
2019-01-28,0.18893468379974365
2019-01-29,0.22064508497714996
2019-01-30,-0.1597592532634735
2019-01-31,-0.02809133753180504
2019-02-01,-0.20839141309261322
2019-02-02,0.07931504398584366
2019-02-03,-0.9438601732254028
2019-02-04,-0.4225617051124573
2019-02-05,0.003641196759417653
2019-02-06,-0.0596134178340435
2019-02-07,0.4304136335849762
2019-02-08,-0.17712409794330597
2019-02-09,-0.9511834383010864
2019-02-10,0.08265705406665802
2019-02-11,0.5188329815864563
2019-02-12,0.007547242101281881
2019-02-13,-0.09425333887338638
2019-02-14,-0.006972948554903269
2019-02-15,-0.24526125192642212
2019-02-17,-0.6269271373748779
2019-02-18,-0.48930302262306213
2019-02-19,0.077353835105896
2019-02-20,0.1707322597503662
2019-02-21,0.22128748893737793
2019-02-22,0.5254349112510681
2019-02-24,0.06376754492521286
2019-02-25,0.013102439232170582
2019-02-26,0.14365985989570618
2019-02-27,-0.05806214362382889
2019-02-28,0.39403292536735535
2019-03-01,0.29909491539001465
2019-03-03,-0.22337664663791656
2019-03-04,-0.010045431554317474
2019-03-05,-0.17703191936016083
2019-03-06,0.3747499883174896
2019-03-07,0.0008230088278651237
2019-03-08,0.1527513861656189
2019-03-09,0.022710580378770828
2019-03-10,0.34580427408218384
2019-03-11,0.3215819299221039
2019-03-12,-0.008068397641181946
2019-03-13,0.06006316468119621
2019-03-14,0.32032400369644165
2019-03-15,-0.16066955029964447
2019-03-16,0.5396819710731506
2019-03-17,0.07321231067180634
2019-03-18,-0.33019086718559265
2019-03-19,-0.9169927835464478
2019-03-21,0.4133353531360626
2019-03-22,-0.626819372177124
2019-03-23,-0.8896487355232239
2019-03-24,0.9243119955062866
2019-03-25,0.11348789185285568
2019-03-26,0.39372771978378296
2019-03-27,-0.020293131470680237
2019-03-28,0.036700934171676636
2019-03-29,-0.04709932208061218
2019-04-01,0.26250752806663513
2019-04-02,-0.07077652961015701
2019-04-03,-0.004073602147400379
2019-04-04,0.036292169243097305
2019-04-05,0.11129163950681686
2019-04-06,0.1945134997367859
2019-04-08,0.1596698760986328
2019-04-09,-0.21606077253818512
2019-04-10,0.31015974283218384
2019-04-11,0.1368665099143982
2019-04-12,-0.2068832516670227
2019-04-13,0.7343571186065674
2019-04-14,-0.1930319219827652
2019-04-15,-0.8990505933761597
2019-04-16,-0.010183259844779968
2019-04-17,0.5465303063392639
2019-04-18,0.2237529754638672
2019-04-19,0.9276809692382812
2019-04-20,0.37586861848831177
2019-04-21,0.4435650110244751
2019-04-22,0.3249909281730652
2019-04-23,0.19973863661289215
2019-04-24,0.09443594515323639
2019-04-25,-0.5378928780555725
2019-04-26,0.05685217306017876
2019-04-27,0.07893231511116028
2019-04-29,0.08154863119125366
2019-04-30,0.034548938274383545
2019-05-01,-0.22936856746673584
2019-05-02,0.043807655572891235
2019-05-03,-0.6056411266326904
2019-05-04,0.6002416014671326
2019-05-06,0.13597379624843597
2019-05-07,0.11501798778772354
2019-05-08,-0.3914746940135956
2019-05-09,0.03429490700364113
2019-05-10,-0.23980331420898438
2019-05-13,0.12249826639890671
2019-05-14,0.15981803834438324
2019-05-15,-0.2846088111400604
2019-05-16,-0.28446775674819946
2019-05-17,-0.06983543932437897
2019-05-19,0.8873525261878967
2019-05-20,-0.12208809703588486
2019-05-21,-0.2559434473514557
2019-05-22,-0.12686647474765778
2019-05-23,-0.743629515171051
2019-05-24,0.4160401523113251
2019-05-25,0.09677205979824066
2019-05-26,0.8418697118759155
2019-05-28,-0.08952741324901581
2019-05-29,0.0950053334236145
2019-05-30,-0.5101683735847473
2019-05-31,-0.12166578322649002
2019-06-01,-0.9664028882980347
2019-06-02,-0.7703472375869751
2019-06-03,-0.20618192851543427
2019-06-04,0.07259999960660934
2019-06-05,-0.020289326086640358
2019-06-06,-0.3394242525100708
2019-06-07,-0.1813662350177765
2019-06-08,-0.3459910452365875
2019-06-09,-0.009573083370923996
2019-06-10,0.058739058673381805
2019-06-11,0.17514361441135406
2019-06-12,0.5000332593917847
2019-06-13,-0.1500585824251175
2019-06-14,0.0278745349496603
2019-06-15,-0.9623681902885437
2019-06-17,0.027385206893086433
2019-06-18,-0.008901781402528286
2019-06-19,-0.2937576472759247
2019-06-20,0.2300085723400116
2019-06-21,0.11649305373430252
2019-06-22,0.47103017568588257
2019-06-24,0.2559790015220642
2019-06-25,-0.1194831058382988
2019-06-26,-0.2314748466014862
2019-06-27,-0.9576540589332581
2019-06-28,-0.031235039234161377
2019-07-01,0.12090105563402176
2019-07-02,0.5462847352027893
2019-07-03,0.3997698724269867
2019-07-04,0.06776987016201019
2019-07-05,-0.31511157751083374
2019-07-06,-0.19797173142433167
2019-07-07,0.8757996559143066
2019-07-08,0.03459646925330162
2019-07-09,-0.2367088496685028
2019-07-10,-0.22502735257148743
2019-07-11,0.23427100479602814
2019-07-12,0.2881987690925598
2019-07-13,0.900641143321991
2019-07-14,0.5405037999153137
2019-07-15,0.20679840445518494
2019-07-16,0.6591190099716187
2019-07-17,-0.09426369518041611
2019-07-18,-0.27568453550338745
2019-07-19,-0.3335866928100586
2019-07-20,0.34821245074272156
2019-07-22,-0.06317593157291412
2019-07-23,0.2569698989391327
2019-07-24,-0.32490283250808716
2019-07-25,0.36318084597587585
2019-07-26,0.284526526927948
2019-07-28,0.34922775626182556
2019-07-29,-0.15712879598140717
2019-07-30,-0.17993983626365662
2019-07-31,-0.03639214485883713
2019-08-01,-0.1253061294555664
2019-08-02,-0.6229099631309509
2019-08-03,-0.26849696040153503
2019-08-04,-0.9262803196907043
2019-08-05,-0.1239401325583458
2019-08-06,0.1191718801856041
2019-08-07,-0.2531105875968933
2019-08-08,0.02426748350262642
2019-08-09,-0.4878354072570801
2019-08-11,-0.9463880062103271
2019-08-12,0.006148686632514
2019-08-13,0.4626964330673218
2019-08-14,-0.2723669707775116
2019-08-15,-0.5257290005683899
2019-08-16,-0.2902216911315918
2019-08-17,0.47541600465774536
2019-08-18,0.6137837767601013
2019-08-19,0.11068296432495117
2019-08-20,-0.22172227501869202
2019-08-21,0.14163009822368622
2019-08-22,-0.3952401578426361
2019-08-23,0.3606207072734833
2019-08-25,0.3707737624645233
2019-08-26,-0.11325566470623016
2019-08-27,-0.06070473790168762
2019-08-28,0.30357417464256287
2019-08-29,0.36887314915657043
2019-08-30,-0.29819220304489136
2019-08-31,-0.08566568046808243
2019-09-01,-0.08400259166955948
2019-09-02,-0.2510721683502197
2019-09-03,0.021138491109013557
2019-09-04,-0.20486001670360565
2019-09-05,-0.02846912108361721
2019-09-06,0.07743410021066666
2019-09-07,0.011046979576349258
2019-09-08,-0.22060978412628174
2019-09-09,0.02113271690905094
2019-09-10,0.29407063126564026
2019-09-11,0.06105939298868179
2019-09-12,-0.08632048964500427
2019-09-13,-0.029281077906489372
2019-09-16,0.0184013694524765
2019-09-17,-0.1489555984735489
2019-09-18,-0.06934118270874023
2019-09-19,-0.20704802870750427
2019-09-20,-0.23781999945640564
2019-09-21,0.8905266523361206
2019-09-23,0.20309898257255554
2019-09-24,-0.20119494199752808
2019-09-25,-0.21043790876865387
2019-09-26,-0.14033885300159454
2019-09-27,0.009497006423771381
2019-09-28,-0.181004136800766
2019-09-29,-0.39128202199935913
2019-09-30,-0.2796194553375244
2019-10-01,-0.07977979630231857
2019-10-02,-0.4341888129711151
2019-10-03,-0.4856111705303192
2019-10-04,-0.33842065930366516
2019-10-05,-0.6416001915931702
2019-10-06,0.6172523498535156
2019-10-07,-0.26328298449516296
2019-10-08,0.03374094143509865
2019-10-09,0.2941618859767914
2019-10-10,0.05273238196969032
2019-10-11,-0.027714256197214127
2019-10-12,-0.4716157615184784
2019-10-14,-0.008216261863708496
2019-10-15,-0.1382788121700287
2019-10-16,-0.15998433530330658
2019-10-17,0.042033690959215164
2019-10-18,0.16054752469062805
2019-10-20,0.8850135803222656
2019-10-21,-0.190906822681427
2019-10-22,-0.18201623857021332
2019-10-23,-0.6951645612716675
2019-10-24,-0.4618636667728424
2019-10-25,0.18398748338222504
2019-10-26,0.9175699949264526
2019-10-28,-0.03320833668112755
2019-10-29,0.3078033924102783
2019-10-30,0.45623594522476196
2019-10-31,-0.06293162703514099
2019-11-01,-0.031005216762423515
2019-11-02,0.34380030632019043
2019-11-04,-0.21693682670593262
2019-11-05,-0.24009084701538086
2019-11-06,0.02096456289291382
2019-11-07,0.1404908150434494
2019-11-08,0.25894832611083984
2019-11-09,0.03844687342643738
2019-11-11,-0.013235045596957207
2019-11-12,-0.23826906085014343
2019-11-13,-0.18216441571712494
2019-11-14,0.028732165694236755
2019-11-15,0.350007563829422
2019-11-16,-0.0044191814959049225
2019-11-18,0.20691771805286407
2019-11-19,-0.0496465303003788
2019-11-20,-0.15392348170280457
2019-11-21,-0.28001701831817627
2019-11-22,-0.04115086793899536
2019-11-24,-0.024763578549027443
2019-11-25,0.22363832592964172
2019-11-26,0.10442937165498734
2019-11-27,-0.0255782138556242
2019-11-28,0.007303938269615173
2019-11-29,0.04858148470520973
2019-11-30,0.2271873950958252
2019-12-01,-0.17811451852321625
2019-12-02,-0.03827208653092384
2019-12-03,-0.05104464292526245
2019-12-04,-0.06723526865243912
2019-12-05,0.03472544252872467
2019-12-06,0.24720774590969086
2019-12-07,0.21780115365982056
2019-12-09,0.014482900500297546
2019-12-10,0.03652900084853172
2019-12-11,-0.1946076899766922
2019-12-12,-0.22365902364253998
2019-12-13,-0.014000238850712776
2019-12-16,-0.042028918862342834
2019-12-17,0.13474705815315247
2019-12-18,0.07336338609457016
2019-12-19,0.33338919281959534
2019-12-20,0.2279062718153
2019-12-21,-0.030146565288305283
2019-12-22,-0.18052268028259277
2019-12-23,0.20004096627235413
2019-12-24,-0.13301227986812592
2019-12-25,-0.6745559573173523
2019-12-26,0.30361154675483704
2019-12-27,0.0593697689473629
2019-12-28,0.26863914728164673
2019-12-29,0.16622765362262726
2019-12-30,0.13209594786167145
2019-12-31,0.23827838897705078
2020-01-01,0.7939345836639404
2020-01-02,0.0040350304916501045
2020-01-03,0.1474844515323639
2020-01-04,0.0721200481057167
2020-01-05,-0.16562911868095398
2020-01-06,0.06645631790161133
2020-01-07,0.045612234622240067
2020-01-08,0.06988045573234558
2020-01-09,-0.20094235241413116
2020-01-10,0.2987760901451111
2020-01-12,0.9179989695549011
2020-01-13,-0.038477133959531784
2020-01-14,0.13726405799388885
2020-01-15,-0.19161294400691986
2020-01-16,0.2965715527534485
2020-01-17,0.2869359850883484
2020-01-21,0.01165157649666071
2020-01-22,-0.04940563812851906
2020-01-23,0.025901630520820618
2020-01-24,0.09597823768854141
2020-01-25,0.9192487001419067
2020-01-26,-0.9568845629692078
2020-01-27,-0.0713261291384697
2020-01-28,0.034960873425006866
2020-01-29,0.17868106067180634
2020-01-30,0.03225136920809746
2020-02-01,-0.26486292481422424
2020-02-03,0.2977391481399536
2020-02-04,-0.31229367852211
2020-02-05,-0.08078829944133759
2020-02-06,-0.28042834997177124
2020-02-07,-0.11335332691669464
2020-02-09,0.47391167283058167
2020-02-10,-0.12071960419416428
2020-02-11,-0.17277047038078308
2020-02-12,-0.07867655903100967
2020-02-13,0.30698361992836
2020-02-14,0.2559683322906494
2020-02-15,0.17335909605026245
2020-02-16,0.658290445804596
2020-02-18,-0.06087304651737213
2020-02-19,-0.08792366087436676
2020-02-20,-0.023627925664186478
2020-02-21,0.0972619503736496
2020-02-22,-0.10051744431257248
2020-02-23,0.16579236090183258
2020-02-24,-0.2926575243473053
2020-02-25,-0.29209959506988525
2020-02-26,-0.08566112071275711
2020-02-27,-0.4219265878200531
2020-02-28,-0.26887276768684387
2020-02-29,-0.8671995401382446
2020-03-01,-0.8944547176361084
2020-03-02,-0.2687552273273468
2020-03-03,0.2711537480354309
2020-03-04,0.09691334515810013
2020-03-05,-0.13288138806819916
2020-03-06,-0.23768605291843414
2020-03-08,-0.9525330066680908
2020-03-09,-0.4143124222755432
2020-03-10,-0.21222153306007385
2020-03-11,-0.09127399325370789
2020-03-12,-0.3928474485874176
2020-03-13,-0.09301872551441193
2020-03-14,-0.05150989815592766
2020-03-15,-0.9121692180633545
2020-03-16,-0.5248318910598755
2020-03-17,-0.45076581835746765
2020-03-18,-0.3263810873031616
2020-03-19,-0.28173133730888367
2020-03-20,-0.46968597173690796
2020-03-21,0.05328086018562317
2020-03-22,-0.13343490660190582
2020-03-23,-0.36080577969551086
2020-03-24,-0.19554521143436432
2020-03-25,-0.1898801177740097
2020-03-26,-0.21749934554100037
2020-03-27,-0.04102759063243866
2020-03-28,-0.7515298128128052
2020-03-29,0.45402732491493225
2020-03-30,-0.2962912321090698
2020-03-31,-0.3643497824668884
2020-04-01,-0.13600610196590424
2020-04-02,0.04935175180435181
2020-04-03,-0.46347084641456604
2020-04-04,0.8968262076377869
2020-04-06,-0.23835988342761993
2020-04-07,0.17115016281604767
2020-04-08,0.08275218307971954
2020-04-09,0.17307376861572266
2020-04-11,-0.397329181432724
2020-04-13,-0.005721998400986195
2020-04-14,0.06685701012611389
2020-04-15,0.0032300949096679688
2020-04-16,-0.24827241897583008
2020-04-17,-0.10945455729961395
2020-04-18,0.005916634574532509
2020-04-19,0.36804747581481934
2020-04-20,0.07917101681232452
2020-04-21,-0.6459735631942749
2020-04-22,0.01611432433128357
2020-04-23,-0.13397446274757385
2020-04-24,-0.01439495850354433
2020-04-27,-0.20454642176628113
2020-04-28,-0.017334850504994392
2020-04-29,0.7782740592956543
2020-04-30,-0.635483980178833
2020-05-01,-0.016427498310804367
2020-05-02,-0.2709689736366272
2020-05-03,0.240792378783226
2020-05-04,-0.22070130705833435
2020-05-05,-0.19999362528324127
2020-05-06,0.4445708692073822
2020-05-07,-0.1058369129896164
2020-05-08,-0.1695011556148529
2020-05-10,0.8960584998130798
2020-05-11,0.30030712485313416
2020-05-12,-0.001126401126384735
2020-05-13,-0.04128165915608406
2020-05-14,-0.10126233100891113
2020-05-15,0.2465207874774933
2020-05-18,0.10202427208423615
2020-05-19,-0.5363708734512329
2020-05-20,0.14861343801021576
2020-05-21,0.03376062959432602
2020-05-22,-0.19102337956428528
2020-05-23,0.3533618748188019
2020-05-24,0.863271951675415
2020-05-26,-0.033646922558546066
2020-05-27,-0.09206771850585938
2020-05-28,0.04623240977525711
2020-05-29,0.2922699451446533
2020-06-01,0.10896141082048416
2020-06-02,-0.1947416365146637
2020-06-03,0.18043646216392517
2020-06-04,0.14947663247585297
2020-06-05,0.5494908094406128
2020-06-08,-0.26810508966445923
2020-06-09,-0.00851411372423172
2020-06-10,-0.19915242493152618
2020-06-11,0.2389570027589798
2020-06-12,-0.05334286019206047
2020-06-15,-0.3494805097579956
2020-06-16,0.08354116976261139
2020-06-17,-0.2881711423397064
2020-06-18,-0.09252419322729111
2020-06-19,0.06510505080223083
2020-06-22,0.3525559604167938
2020-06-24,-0.13180066645145416
2020-06-25,0.06777848303318024
2020-06-26,-0.20791129767894745
2020-06-29,0.07965370267629623
2020-06-30,0.06932751089334488
2020-07-01,0.278693288564682
2020-07-02,0.24180294573307037
2020-07-06,0.014654397964477539
2020-07-07,0.023040438070893288
2020-07-08,0.0976141095161438
2020-07-09,0.3666223883628845
2020-07-10,0.30134549736976624
2020-07-13,-0.38595232367515564
2020-07-14,-0.28519144654273987
2020-07-15,-0.16619637608528137
2020-07-16,0.05798010528087616
2020-07-20,0.27728310227394104
2020-07-21,0.10304772853851318
2020-07-22,-0.16235901415348053
2020-07-23,0.38768845796585083
2020-07-24,-0.16162651777267456
2020-07-27,-0.04932032898068428
2020-07-28,0.06066763028502464
2020-07-29,-0.5226826071739197
2020-07-30,0.5077778697013855
2020-07-31,-0.27546724677085876
2020-08-03,0.5370475053787231
2020-08-04,0.3381997048854828
2020-08-05,-0.0037962496280670166
2020-08-06,0.07132118940353394
2020-08-07,-0.20349229872226715
2020-08-10,0.04166446626186371
2020-08-11,0.2121553122997284
2020-08-12,0.3816710114479065
2020-08-13,-0.3651576042175293
2020-08-14,-0.44524914026260376
2020-08-17,0.1987653374671936
2020-08-18,-0.014501305297017097
2020-08-19,-0.07060479372739792
2020-08-20,0.020939180627465248
2020-08-21,0.18692390620708466
2020-08-24,0.07206346094608307
2020-08-25,0.0047903205268085
2020-08-26,-0.22351260483264923
2020-08-27,0.10683920234441757
2020-08-28,0.44562339782714844
2020-08-31,-0.09769745916128159
2020-09-01,0.17469094693660736
2020-09-02,0.1592831313610077
2020-09-03,-0.4615117609500885
2020-09-04,-0.45769551396369934
2020-09-08,-0.33059850335121155
2020-09-09,-0.23993201553821564
2020-09-10,-0.06391806900501251
2020-09-11,0.15446388721466064
2020-09-14,0.47331666946411133
2020-09-15,0.06723417341709137
2020-09-16,-0.10876528173685074
2020-09-17,0.2549968659877777
2020-09-18,-0.10223021358251572
2020-09-21,-0.19615404307842255
2020-09-22,-0.7193484902381897
2020-09-23,-0.23366685211658478
2020-09-24,0.32798343896865845
2020-09-25,0.0016646416625007987
2020-09-28,0.44239404797554016
2020-09-29,0.02423645183444023
2020-09-30,-0.036835163831710815
2020-10-01,-0.13805682957172394
2020-10-02,-0.01784689724445343
2020-10-05,0.895568311214447
2020-10-06,-0.5715135335922241
2020-10-07,0.05216611921787262
2020-10-08,-0.03541146218776703
2020-10-12,-0.24958793818950653
2020-10-13,-0.05804373323917389
2020-10-14,-0.061803996562957764
2020-10-15,-0.07103490084409714
2020-10-16,-0.3051778972148895
2020-10-19,-0.07933388650417328
2020-10-20,0.11267606168985367
2020-10-21,0.07530534267425537
2020-10-22,-0.057954221963882446
2020-10-23,-0.044205427169799805
2020-10-26,0.006018647458404303
2020-10-27,0.1282452493906021
2020-10-28,-0.6147361993789673
2020-10-29,-0.30558428168296814
2020-10-30,0.0004032142460346222
2020-11-02,-0.04634283855557442
2020-11-03,0.2858203649520874
2020-11-04,0.07487048953771591
2020-11-05,-0.4292343258857727
2020-11-06,0.40063557028770447
2020-11-09,0.20996248722076416
2020-11-10,-0.0442153662443161
2020-11-11,0.36638909578323364
2020-11-12,-0.002190530300140381
2020-11-13,0.3834167420864105
2020-11-16,0.285737544298172
2020-11-17,0.1317969262599945
2020-11-18,-0.08607610315084457
2020-11-19,0.05451279878616333
2020-11-20,0.11367134004831314
2020-11-23,-0.041508860886096954
2020-11-24,0.3755932152271271
2020-11-25,0.0312914215028286
2020-11-27,0.5003359317779541
2020-11-30,-0.02542320266366005
2020-12-01,-0.03419987112283707
2020-12-02,0.09259332716464996
2020-12-03,-0.00319715216755867
2020-12-04,0.13039059937000275
2020-12-07,0.4323119521141052
2020-12-08,0.006320782005786896
2020-12-09,0.22296969592571259
2020-12-10,-0.1379345953464508
2020-12-11,0.3457217514514923
2020-12-14,-0.05322319269180298
2020-12-15,0.2812924385070801
2020-12-16,0.13747592270374298
2020-12-17,0.3770621120929718
2020-12-18,0.24013586342334747
2020-12-21,0.08376014977693558
2020-12-22,-0.18776653707027435
2020-12-23,0.023571262136101723
2020-12-24,0.057416968047618866
2020-12-28,-0.37873223423957825
2020-12-29,0.14634503424167633
2020-12-30,0.2968893349170685
2021-01-04,-0.1570453941822052
2021-01-05,-0.169320747256279
2021-01-06,-0.045080628246068954
2021-01-07,-0.051926951855421066
2021-01-08,-0.0014936812222003937
2021-01-11,0.1843045949935913
2021-01-12,-0.41078582406044006
2021-01-13,-0.4738474488258362
2021-01-14,0.2352985143661499
2021-01-15,-0.19484610855579376
2021-01-19,0.08423759788274765
2021-01-20,0.28160277009010315
2021-01-21,0.23942217230796814
2021-01-25,-0.024846993386745453
2021-01-26,-0.13782957196235657
2021-01-27,0.019515443593263626
2021-01-28,-0.19181306660175323
2021-01-29,0.23858001828193665
2021-02-01,0.6163412928581238
2021-02-02,-0.23074956238269806
2021-02-03,-0.39028289914131165
2021-02-04,0.16282981634140015
2021-02-05,-0.14346009492874146
2021-02-08,-0.041307203471660614
2021-02-09,0.048924412578344345
2021-02-10,-0.43978673219680786
2021-02-11,0.18524004518985748
2021-02-12,0.24084296822547913
2021-02-16,0.1532987803220749
2021-02-17,0.18365727365016937
2021-02-18,-0.4257567822933197
2021-02-22,0.0697307139635086
2021-02-23,0.3783795237541199
2021-02-24,0.9008098840713501
2021-02-25,-0.11332470178604126
2021-02-26,0.4099065661430359
2021-03-01,0.04375768452882767
2021-03-02,0.0633888766169548
2021-03-03,0.3382195830345154
2021-03-04,0.04439544677734375
2021-03-05,-0.09676122665405273
2021-03-08,-0.12200260907411575
2021-03-09,-0.25493231415748596
2021-03-10,-0.029350340366363525
2021-03-11,0.15847128629684448
2021-03-12,0.014425858855247498
2021-03-15,0.254900187253952
2021-03-16,-0.3051561117172241
2021-03-17,0.17281755805015564
2021-03-18,-0.017517229542136192
2021-03-19,-0.22192391753196716
2021-03-22,-0.14559206366539001
2021-03-23,-0.1196189597249031
2021-03-24,-0.16587279736995697
2021-03-25,0.13170549273490906
2021-03-26,0.12428481131792068
2021-03-29,0.2466987818479538
2021-03-30,-0.04106826335191727
2021-03-31,0.06149062514305115
2021-04-01,0.2963466942310333
2021-04-05,-0.5101110339164734
2021-04-06,0.3859863877296448
2021-04-07,0.08210719376802444
2021-04-08,0.15506717562675476
2021-04-09,0.1898878514766693
2021-04-12,0.04162481799721718
2021-04-13,-0.06275615841150284
2021-04-14,0.2305188775062561
2021-04-15,-0.050814952701330185
2021-04-16,0.38949355483055115
2021-04-19,-0.08336713165044785
2021-04-20,0.10841131210327148
2021-04-21,-0.24310801923274994
2021-04-22,0.5131310224533081
2021-04-23,0.03175339847803116
2021-04-26,0.8887833952903748
2021-04-27,0.3504208028316498
2021-04-28,0.13031798601150513
2021-04-29,-0.6274046301841736
2021-04-30,0.012784874998033047
2021-05-03,0.2854257822036743
2021-05-04,-0.19191664457321167
2021-05-05,0.131943941116333
2021-05-06,-0.45518696308135986
2021-05-07,-0.24321338534355164
2021-05-10,-0.1745755821466446
2021-05-11,-0.45729368925094604
2021-05-12,-0.11542657017707825
2021-05-13,-0.09734297543764114
2021-05-14,0.3948577344417572
2021-05-17,-0.0897260457277298
2021-05-18,0.009549862705171108
2021-05-19,-0.02236083894968033
2021-05-20,-0.3682933747768402
2021-05-21,-0.2958463728427887
2021-05-24,0.2031428962945938
2021-05-25,0.12013125419616699
2021-05-26,-0.08361434191465378
2021-05-27,0.39244887232780457
2021-05-28,-0.15295177698135376
2021-06-01,0.17964690923690796
2021-06-02,0.14001575112342834
2021-06-03,0.04685173183679581
2021-06-04,0.04941669479012489
2021-06-07,-0.3714098632335663
2021-06-08,0.2307967096567154
2021-06-09,0.2960265874862671
2021-06-10,0.36546728014945984
2021-06-11,0.4747559428215027
2021-06-14,0.05276582017540932
2021-06-15,-0.46756476163864136
2021-06-16,-0.15741051733493805
2021-06-17,-0.24274981021881104
2021-06-18,-0.053572893142700195
2021-06-21,0.13918420672416687
2021-06-22,0.052876852452754974
2021-06-23,-0.05547831580042839
2021-06-24,0.0032546694856137037
2021-06-25,-0.08623789250850677
2021-06-28,0.17182405292987823
2021-06-29,0.4000950753688812
2021-06-30,0.25011083483695984
2021-07-01,0.0909821167588234
2021-07-02,0.32922258973121643
2021-07-06,0.8369066715240479
2021-07-07,-0.1193084716796875
2021-07-08,0.2760399580001831
2021-07-09,-0.9156519770622253
2021-07-12,0.16482144594192505
2021-07-13,-0.23546536266803741
2021-07-14,-0.17878970503807068
2021-07-15,-0.37519529461860657
2021-07-16,0.591127336025238
2021-07-19,-0.011206284165382385
2021-07-20,0.1594117134809494
2021-07-21,0.2779754102230072
2021-07-22,-0.13737408816814423
2021-07-23,-0.025929376482963562
2021-07-26,0.21976833045482635
2021-07-27,0.3624364733695984
2021-07-28,-0.692890465259552
2021-07-29,-0.24688540399074554
2021-07-30,-0.07364197075366974
2021-08-02,-0.08980689942836761
2021-08-03,-0.24138128757476807
2021-08-04,-0.09079641848802567
2021-08-05,0.1684633195400238
2021-08-06,0.24650783836841583
2021-08-09,0.25811338424682617
2021-08-10,-0.36844316124916077
2021-08-11,0.22394141554832458
2021-08-13,0.04487578570842743
2021-08-16,0.08352335542440414
2021-08-17,-0.11188769340515137
2021-08-18,-0.07381809502840042
2021-08-19,-0.1337878257036209
2021-08-20,-0.4873053729534149
2021-08-23,-0.021198682487010956
2021-08-24,0.17629435658454895
2021-08-25,0.0462312325835228
2021-08-26,-0.09959518164396286
2021-08-27,0.05033230409026146
2021-08-30,-0.014390170574188232
2021-08-31,-0.20049650967121124
2021-09-01,-0.12331056594848633
2021-09-02,-0.45070984959602356
2021-09-03,0.1680201292037964
2021-09-07,-0.16216333210468292
2021-09-08,-0.048060085624456406
2021-09-09,-0.2187429517507553
2021-09-10,-0.41974925994873047
2021-09-13,0.7947090864181519
2021-09-14,0.13887746632099152
2021-09-15,-0.14508672058582306
2021-09-16,-0.6237949728965759
2021-09-17,-0.3619410991668701
2021-09-20,-0.39413440227508545
2021-09-21,-0.7632876634597778
2021-09-22,-0.22472134232521057
2021-09-23,-0.38614028692245483
2021-09-24,-0.18418121337890625
2021-09-27,0.2778815031051636
2021-09-28,-0.33010128140449524
2021-09-29,-0.14957928657531738
2021-09-30,-0.10880575329065323
2021-10-01,-0.022986451163887978
2021-10-04,-0.5826818346977234
2021-10-05,-0.264252632856369
2021-10-06,-0.26097482442855835
2021-10-07,0.10323792695999146
2021-10-08,0.023647993803024292
2021-10-11,0.22776706516742706
2021-10-12,-0.12729422748088837
2021-10-13,-0.13117051124572754
2021-10-14,-0.01577700860798359
2021-10-15,0.11827775090932846
2021-10-18,0.5857909917831421
2021-10-19,0.28511500358581543
2021-10-20,0.10688259452581406
2021-10-21,0.5050711631774902
2021-10-22,-0.30954015254974365
2021-10-25,0.0005399274523369968
2021-10-26,-0.23083442449569702
2021-10-27,-0.0017527000745758414
2021-10-28,-0.10109534114599228
2021-10-29,-0.018772855401039124
2021-11-01,0.16628398001194
2021-11-02,-0.13445395231246948
2021-11-03,0.2959698438644409
2021-11-04,0.14398950338363647
2021-11-05,0.1353805512189865
2021-11-08,-0.06809980422258377
2021-11-09,0.023498231545090675
2021-11-10,-0.24508732557296753
2021-11-11,0.027868743985891342
2021-11-12,-0.0003856360854115337
2021-11-15,-0.274269163608551
2021-11-16,-0.0013857880840077996
2021-11-17,0.0004145850834902376
2021-11-18,-0.017535675317049026
2021-11-19,-0.14331503212451935
2021-11-22,0.05123491212725639
2021-11-23,0.051477786153554916
2021-11-24,-0.06723268330097198
2021-11-26,-0.488749623298645
2021-11-29,-0.24376675486564636
2021-11-30,-0.00045858920202590525
2021-12-01,-0.05710885301232338
2021-12-02,-0.19345258176326752
2021-12-03,-0.03121008910238743
2021-12-06,0.14760780334472656
2021-12-07,0.27559319138526917
2021-12-08,-0.214760884642601
2021-12-09,0.4019728899002075
2021-12-10,0.44082799553871155
2021-12-13,0.35265785455703735
2021-12-14,0.19001515209674835
2021-12-15,-0.6089524626731873
2021-12-16,-0.17043928802013397
2021-12-17,0.5112035870552063
2021-12-20,-0.08931969851255417
2021-12-21,0.2454162985086441
2021-12-22,0.09342566132545471
2021-12-23,0.052801333367824554
2021-12-27,-0.19995738565921783
2021-12-28,-0.21158766746520996
2021-12-29,-0.07928148657083511
2021-12-30,0.08756651729345322
2021-12-31,0.14879053831100464
2022-01-03,0.025203924626111984
2022-01-04,-0.08285436034202576
2022-01-05,0.29987284541130066
2022-01-06,-0.08994351327419281
2022-01-07,-0.3374065160751343
2022-01-10,0.024134770035743713
2022-01-11,0.026571940630674362
2022-01-12,0.08132625371217728
2022-01-13,0.07406439632177353
2022-01-14,0.20009081065654755
2022-01-18,-0.06835636496543884
2022-01-19,-0.23617589473724365
2022-01-20,-0.2867473363876343
2022-01-21,-0.23098035156726837
2022-01-24,-0.41846492886543274
2022-01-25,-0.2403232753276825
2022-01-26,-0.23073793947696686
2022-01-27,0.010817150585353374
2022-01-28,-0.13302528858184814
2022-01-31,-0.3583795428276062
2022-02-01,-0.07887797802686691
2022-02-02,-0.13651779294013977
2022-02-03,0.10275404155254364
2022-02-04,0.07904547452926636
2022-02-07,0.053459495306015015
2022-02-08,0.05032297968864441
2022-02-09,0.05831184238195419
2022-02-10,-0.10650905221700668
2022-02-11,0.002546908799558878
2022-02-14,-0.0843205600976944
2022-02-15,-0.2676912248134613
2022-02-16,-0.42874351143836975
2022-02-17,-0.028695225715637207
2022-02-18,-0.194097101688385
2022-02-22,-0.42766106128692627
2022-02-23,-0.3684844374656677
2022-02-24,0.0018576807342469692
2022-02-25,0.05880683660507202
2022-02-28,0.06471504271030426
2022-03-01,0.20468510687351227
2022-03-02,0.08886468410491943
2022-03-03,-0.041855085641145706
2022-03-04,-0.4422413110733032
2022-03-07,-0.31426626443862915
2022-03-08,-0.20281603932380676
2022-03-09,-0.5006458163261414
2022-03-10,0.056419216096401215
2022-03-11,-0.034518763422966
2022-03-14,-0.5390107035636902
2022-03-15,0.26780781149864197
2022-03-16,0.15848392248153687
2022-03-17,0.16951820254325867
2022-03-18,-0.02892005443572998
2022-03-21,0.20622415840625763
2022-03-22,0.011048106476664543
2022-03-23,-0.14305764436721802
2022-03-24,-0.1893790066242218
2022-03-25,-0.07192404568195343
2022-03-28,0.05115347355604172
2022-03-29,-0.12372177839279175
2022-03-30,-0.3241354823112488
2022-03-31,0.28069281578063965
2022-04-01,0.29067617654800415
2022-04-04,0.21379877626895905
2022-04-05,-0.0013427151134237647
2022-04-06,-0.5435579419136047
2022-04-07,0.11007716506719589
2022-04-08,0.16124530136585236
2022-04-11,0.1680459976196289
2022-04-12,0.18051177263259888
2022-04-13,0.011404389515519142
2022-04-14,0.048572566360235214
2022-04-18,-0.11128333956003189
2022-04-19,-0.02572260983288288
2022-04-20,-0.49016067385673523
2022-04-21,-0.17912350594997406
2022-04-22,-0.24802683293819427
2022-04-25,0.4205220937728882
2022-04-26,-0.22089292109012604
2022-04-27,-0.09861718118190765
2022-04-28,-0.2182149440050125
2022-04-29,-0.5112900733947754
2022-05-02,-0.31037023663520813
2022-05-03,-0.06332454830408096
2022-05-04,-0.264049768447876
2022-05-05,-0.23277787864208221
2022-05-06,-0.19727055728435516
2022-05-09,-0.4069734811782837
2022-05-10,-0.2638828754425049
2022-05-11,-0.3687810003757477
2022-05-12,-0.377057284116745
2022-05-13,-0.3463202714920044
2022-05-16,-0.3877759277820587
2022-05-17,-0.15579161047935486
2022-05-18,-0.49761882424354553
2022-05-19,-0.6516377329826355
2022-05-20,-0.3063097894191742
2022-05-23,-0.15808139741420746
2022-05-24,0.15208066999912262
2022-05-25,0.23214125633239746
2022-05-26,-0.0628855898976326
2022-05-27,-0.14439766108989716
2022-05-31,-0.19457827508449554
2022-06-01,0.08213634043931961
2022-06-02,-0.3454112708568573
2022-06-03,0.041903626173734665
2022-06-06,-0.0458088293671608
2022-06-07,-0.5197545886039734
2022-06-08,-0.06712176650762558
2022-06-09,-0.019977957010269165
2022-06-10,-0.15839722752571106
2022-06-13,-0.42941969633102417
2022-06-14,-0.3543490171432495
2022-06-15,-0.18950100243091583
2022-06-16,-0.3553088307380676
2022-06-17,-0.12404197454452515
2022-06-21,-0.021217914298176765
2022-06-22,-0.25745561718940735
2022-06-23,-0.15849705040454865
2022-06-24,0.05447034910321236
2022-06-27,-0.07353653013706207
2022-06-28,-0.14837457239627838
2022-06-29,-0.410929411649704
2022-06-30,-0.4770587384700775
2022-07-01,-0.3996773064136505
2022-07-05,0.18315891921520233
2022-07-06,0.1315920352935791
2022-07-07,0.8092510104179382
2022-07-08,-0.19691430032253265
2022-07-11,-0.14230743050575256
2022-07-12,-0.2385656237602234
2022-07-13,0.28430506587028503
2022-07-14,-0.238935187458992
2022-07-15,-0.6303232908248901
2022-07-18,-0.02011604979634285
2022-07-19,-0.1958359032869339
2022-07-20,0.14064259827136993
2022-07-21,0.12359979003667831
2022-07-22,0.1155581995844841
2022-07-25,0.30105358362197876
2022-07-26,0.06260362267494202
2022-07-27,0.3049781620502472
2022-07-28,0.3080836236476898
2022-07-29,-0.029177982360124588
2022-08-01,-0.13249266147613525
2022-08-02,-0.14262104034423828
2022-08-03,-0.17245540022850037
2022-08-04,-0.22941915690898895
2022-08-05,0.020041801035404205
2022-08-08,-0.13238398730754852
2022-08-09,0.02449553832411766
2022-08-10,-0.12017771601676941
2022-08-11,-0.3376886546611786
2022-08-12,0.2556757926940918
2022-08-15,0.26414215564727783
2022-08-16,-0.0173138789832592
2022-08-17,-0.14681118726730347
2022-08-18,-0.2933492064476013
2022-08-19,-0.48072949051856995
2022-08-22,-0.21784892678260803
2022-08-23,-0.381162166595459
2022-08-24,0.07548870891332626
2022-08-25,0.22885580360889435
2022-08-26,-0.43073540925979614
2022-08-29,-0.266950398683548
2022-08-30,0.045892730355262756
2022-08-31,-0.24803665280342102
2022-09-01,-0.2507263123989105
2022-09-02,-0.2536495625972748
2022-09-06,-0.19187603890895844
2022-09-07,0.013019789941608906
2022-09-08,0.015495143830776215
2022-09-09,0.3944098651409149
2022-09-12,-0.04365311190485954
2022-09-13,-0.6206430792808533
2022-09-14,-0.30902478098869324
2022-09-15,-0.31628578901290894
2022-09-16,-0.32712334394454956
2022-09-19,0.06366685032844543
2022-09-20,-0.23290570080280304
2022-09-21,-0.03439512848854065
2022-09-22,-0.03029492311179638
2022-09-23,-0.49865394830703735
2022-09-26,-0.008537877351045609
2022-09-27,-0.5001912713050842
2022-09-28,-0.23532043397426605
2022-09-29,-0.4595995247364044
2022-09-30,-0.21725238859653473
2022-10-03,0.035013072192668915
2022-10-04,-0.13953231275081635
2022-10-05,0.15244026482105255
2022-10-06,0.2376299649477005
2022-10-07,0.00923523772507906
2022-10-10,0.16686329245567322
2022-10-11,-0.406065434217453
2022-10-12,-0.15583184361457825
2022-10-13,0.029781827703118324
2022-10-14,0.026907270774245262
2022-10-17,0.013605456799268723
2022-10-18,0.04204576835036278
2022-10-19,-0.08652543276548386
2022-10-20,0.1479720026254654
2022-10-21,-0.053973376750946045
2022-10-24,-0.2780619263648987
2022-10-25,0.3869142532348633
2022-10-26,-0.5052929520606995
2022-10-27,-0.1881510466337204
2022-10-28,0.0008148178458213806
2022-10-31,0.016056550666689873
2022-11-01,0.2580888867378235
2022-11-02,0.04389280080795288
2022-11-03,-0.4202066957950592
2022-11-04,0.0973413959145546
2022-11-07,-0.30349355936050415
2022-11-08,-0.012513344176113605
2022-11-09,-0.10806330293416977
2022-11-10,0.03998475521802902
2022-11-11,0.1260095238685608
2022-11-14,-0.10230554640293121
2022-11-15,0.19598454236984253
2022-11-16,0.05688242241740227
2022-11-17,-0.0729842409491539
2022-11-18,0.1039404645562172
2022-11-21,-0.13393494486808777
2022-11-22,0.18847432732582092
2022-11-23,-0.061339542269706726
2022-11-25,-0.012261545285582542
2022-11-28,0.021596288308501244
2022-11-29,-0.23790507018566132
2022-11-30,-0.25843340158462524
2022-12-01,-0.06304322183132172
2022-12-02,-0.5958637595176697
2022-12-05,-0.06546881794929504
2022-12-06,-0.43346932530403137
2022-12-07,-0.4036887288093567
2022-12-08,-0.20600369572639465
2022-12-09,0.09708637744188309
2022-12-12,0.14277131855487823
2022-12-13,-0.06262853741645813
2022-12-14,0.030504843220114708
2022-12-15,-0.28806832432746887
2022-12-16,-0.6465209126472473
2022-12-19,-0.33601123094558716
2022-12-20,0.1407037377357483
2022-12-21,-0.07181821763515472
2022-12-22,-0.1791030913591385
2022-12-23,-0.5492770075798035
2022-12-27,-0.3005527853965759
2022-12-28,-0.14224961400032043
2022-12-29,0.13360868394374847
2022-12-30,-0.477642685174942
2023-01-03,-0.04400811344385147
2023-01-04,-0.16399617493152618
2023-01-05,0.09895411133766174
2023-01-06,0.07694600522518158
2023-01-09,-0.5030586123466492
2023-01-10,0.1122114285826683
2023-01-11,-0.01595144346356392
2023-01-12,-0.05869298055768013
2023-01-13,0.06746562570333481
2023-01-17,-0.01707044616341591
2023-01-18,-0.6335383057594299
2023-01-19,-0.33222702145576477
2023-01-20,0.01799425482749939
2023-01-23,0.025797884911298752
2023-01-24,-0.32233890891075134
2023-01-25,-0.2967614233493805
2023-01-26,0.3217940628528595
2023-01-27,0.17522695660591125
2023-01-30,-0.16443780064582825
2023-01-31,0.059754226356744766
2023-02-01,0.13416554033756256
2023-02-02,0.23630917072296143
2023-02-03,-0.13503220677375793
2023-02-06,-0.1149090975522995
2023-02-07,-0.02075497806072235
2023-02-08,-0.16616524755954742
2023-02-09,-0.17872917652130127
2023-02-10,-0.5210652947425842
2023-02-13,0.039306651800870895
2023-02-14,-0.17887499928474426
2023-02-15,0.22355172038078308
2023-02-16,-0.05322240665555
2023-02-17,-0.4200593829154968
2023-02-21,-0.5272161364555359
2023-02-22,-0.10354147851467133
2023-02-23,-0.018201783299446106
2023-02-24,-0.3244266211986542
2023-02-27,0.13173194229602814
2023-02-28,-0.17918621003627777
2023-03-01,-0.31912559270858765
2023-03-02,0.2184382528066635
2023-03-03,-0.17865973711013794
2023-03-06,0.054314520210027695
2023-03-07,-0.27472057938575745
2023-03-08,-0.13634732365608215
2023-03-09,-0.1415272057056427
2023-03-10,-0.5155229568481445
2023-03-13,-0.2870696783065796
2023-03-14,-0.0885058268904686
2023-03-15,-0.33407923579216003
2023-03-16,-0.08240039646625519
2023-03-17,-0.14796721935272217
2023-03-20,-0.008829518221318722
2023-03-21,0.13593406975269318
2023-03-22,-0.20961664617061615
2023-03-23,-0.011376540176570415
2023-03-24,0.28564515709877014
2023-03-27,0.15405234694480896
2023-03-28,-0.25959450006484985
2023-03-29,0.18367275595664978
2023-03-30,0.05982489883899689
2023-03-31,-0.20574279129505157
2023-04-03,-0.1082795038819313
2023-04-04,-0.21740883588790894
2023-04-05,-0.23523879051208496
2023-04-06,-0.17097648978233337
2023-04-10,-0.2354573905467987
2023-04-11,-0.16632983088493347
2023-04-12,-0.060446225106716156
2023-04-13,-0.1277226358652115
2023-04-14,-0.21923644840717316
2023-04-17,-0.0599818117916584
2023-04-18,0.027920618653297424
2023-04-19,-0.07887853682041168
2023-04-20,-0.16840077936649323
2023-05-01,0.08318624645471573
2023-05-02,-0.19836923480033875
2023-05-03,-0.33803895115852356
2023-05-04,-0.32786238193511963
2023-05-05,-0.15711572766304016
2023-05-08,0.04233091324567795
2023-05-09,-0.30962327122688293
2023-05-10,-0.0350901298224926
2023-05-11,-0.22352175414562225
2023-05-12,-0.22272105515003204
2023-05-15,-0.053487714380025864
2023-05-16,0.08484229445457458
2023-05-17,0.13052238523960114
2023-05-18,0.1487799435853958
2023-05-19,-0.09463291615247726
2023-05-22,-0.05144304782152176
2023-05-23,-0.3484465479850769
2023-05-24,-0.1679001897573471
2023-05-25,-0.10513758659362793
2023-05-26,-0.015618361532688141
2023-05-30,0.13648143410682678
2023-05-31,-0.3430788516998291
2023-06-01,-0.17839200794696808
2023-06-02,0.05536661297082901
2023-06-05,-0.24124181270599365
2023-06-06,-0.020283039659261703
2023-06-07,-0.3829761743545532
2023-06-08,0.10615333914756775
2023-06-09,0.08362322300672531
2023-06-12,0.07692263275384903
2023-06-13,0.13464100658893585
2023-06-14,-0.3482078015804291
2023-06-15,0.1912093609571457
2023-06-16,0.032999321818351746
2023-06-20,-0.28444334864616394
2023-06-21,-0.06668468564748764
2023-06-22,-0.0026985956355929375
2023-06-23,-0.26071274280548096
2023-06-26,-0.33644843101501465
2023-06-27,0.1604580134153366
2023-06-28,-0.13336412608623505
2023-06-29,0.07692403346300125
2023-06-30,0.3823619484901428
2023-07-03,0.14584025740623474
2023-07-05,-0.13794630765914917
2023-07-06,-0.19624179601669312
2023-07-07,-0.1695374697446823
2023-07-10,0.001785238622687757
2023-07-11,0.026888949796557426
2023-07-12,0.25606051087379456
2023-07-13,0.47132408618927
2023-07-14,-0.27421969175338745
2023-07-17,0.18219435214996338
2023-07-18,0.18821512162685394
2023-07-19,-0.1711374968290329
2023-07-20,-0.19723334908485413
2023-07-21,-0.18800967931747437
2023-07-24,0.006497507449239492
2023-07-25,-0.0817941352725029
2023-07-26,-0.07427418231964111
2023-07-27,-0.11720626056194305
2023-07-28,0.06330540776252747
2023-07-31,0.2945173382759094
2023-08-01,-0.009562683291733265
2023-08-02,-0.46613994240760803
2023-08-03,-0.49386414885520935
2023-08-04,-0.4538877308368683
2023-08-07,-0.047383230179548264
2023-08-08,-0.2940649092197418
2023-08-09,-0.3091356158256531
2023-08-10,-0.0753677561879158
2023-08-11,-0.34199512004852295
2023-08-14,0.2767898738384247
2023-08-15,-0.3111761510372162
2023-08-16,-0.2250777930021286
2023-08-17,-0.2346709817647934
2023-08-18,-0.33930107951164246
2023-08-21,-0.08274615556001663
2023-08-22,-0.2842397093772888
2023-08-23,0.08767074346542358
2023-08-24,-0.2736879587173462
2023-08-25,0.042597588151693344
2023-08-28,0.15404443442821503
2023-08-29,0.027274001389741898
2023-08-30,-0.006823620293289423
2023-08-31,0.11170536279678345
2023-09-01,-0.18943846225738525
2023-09-05,-0.13121187686920166
2023-09-06,-0.1589527279138565
2023-09-07,-0.426760196685791
2023-09-08,-0.40276432037353516
2023-09-11,-0.04224218428134918
2023-09-12,-0.17988185584545135
2023-09-13,0.00020630302606150508
2023-09-14,0.05581126734614372
2023-09-15,-0.10794051736593246
2023-09-18,-0.23503266274929047
2023-09-19,-0.3482867181301117
2023-09-20,0.07561476528644562
2023-09-21,-0.6408923268318176
2023-09-22,-0.2937896251678467
2023-09-25,0.0033920060377568007
2023-09-26,-0.6333379745483398
2023-09-27,-0.18883977830410004
2023-09-28,-0.25818949937820435
2023-09-29,-0.15321779251098633
2023-10-02,0.037490829825401306
2023-10-03,-0.3573744297027588
2023-10-04,-0.021870262920856476
2023-10-05,-0.4091859757900238
2023-10-06,-0.08468329906463623
2023-10-09,-0.2792903184890747
2023-10-10,-0.07660292088985443
2023-10-11,-0.07661568373441696
2023-10-12,-0.21567218005657196
2023-10-13,-0.03761044144630432
2023-10-16,0.06605052202939987
2023-10-17,-0.28962287306785583
2023-10-18,-0.2668509781360626
2023-10-19,-0.1385115385055542
2023-10-20,-0.7183741927146912
2023-10-23,-0.37516340613365173
2023-10-24,-0.229550302028656
2023-10-25,-0.3055264353752136
2023-10-26,-0.5688830018043518
2023-10-27,-0.531299889087677
2023-10-30,-0.06967814266681671
2023-10-31,-0.2473972737789154
2023-11-01,-0.18197844922542572
2023-11-02,-0.03745166212320328
2023-11-03,0.05986674129962921
2023-11-06,-0.053476229310035706
2023-11-07,0.091606505215168
2023-11-08,0.05655939504504204
2023-11-09,-0.1688007116317749
2023-11-10,0.17575716972351074
2023-11-13,-0.13722635805606842
2023-11-14,0.03990113362669945
2023-11-15,0.22596481442451477
2023-11-16,-0.028824109584093094
2023-11-17,-0.040451668202877045
2023-11-20,0.1875322461128235
2023-11-21,-0.08382578194141388
2023-11-22,0.27588388323783875
2023-11-24,-0.23295536637306213
2023-11-27,0.028668003156781197
2023-11-28,-0.26330283284187317
2023-11-29,-0.21179825067520142
2023-11-30,0.0968281552195549
2023-12-01,0.04047686606645584
2023-12-04,-0.04887790232896805
2023-12-05,-0.3280704617500305
2023-12-06,-0.05972176045179367
2023-12-07,-0.015586301684379578
2023-12-08,0.16964955627918243
2023-12-11,0.21012364327907562
2023-12-12,0.2721531391143799
2023-12-13,0.248434379696846
2023-12-14,0.11352700740098953
2023-12-15,0.056883055716753006
2023-12-18,0.21061328053474426
2023-12-19,0.1729435920715332
2023-12-20,-0.571638822555542
2023-12-21,-0.08750003576278687
2023-12-22,-0.1286630630493164
2023-12-26,0.24551793932914734
2023-12-27,0.2569347321987152
2023-12-28,0.2913607060909271
2023-12-29,-0.1334448903799057
2024-01-02,-0.054975248873233795
2024-01-03,-0.2556414306163788
2024-01-04,0.039421383291482925
2024-01-05,-0.31590914726257324
2024-01-08,0.26844003796577454
2024-01-09,-0.11807166785001755
2024-01-10,-0.037459228187799454
2024-01-11,-0.1773786097764969
2024-01-12,-0.22185343503952026
2024-01-16,-0.02178640477359295
2024-01-17,-0.11691677570343018
2024-01-18,-0.1183813065290451
2024-01-19,0.2808040678501129
2024-01-22,0.3483855128288269
2024-01-23,-0.009071225300431252
2024-01-24,0.1453561633825302
2024-01-25,0.03777525946497917
2024-01-26,-0.21472981572151184
2024-01-29,-0.22823743522167206
2024-01-30,-0.15325775742530823
2024-01-31,-0.24274945259094238
2024-02-01,0.19623108208179474
2024-02-02,0.15603138506412506
2024-02-05,0.08080943673849106
2024-02-06,-0.15272901952266693
2024-02-07,-0.003574758768081665
2024-02-08,-0.04272979870438576
2024-02-09,0.2862461507320404
2024-02-12,0.05215141177177429
2024-02-13,-0.2595953643321991
2024-02-14,0.08678373694419861
2024-02-15,-0.09353768080472946
2024-02-16,-0.11356860399246216
2024-02-20,0.06257331371307373
2024-02-21,0.054370198398828506
2024-02-22,0.4100189507007599
2024-02-23,0.453143447637558
2024-02-26,0.06322546303272247
2024-02-27,-0.061712779104709625
2024-02-28,-0.09519665688276291
2024-02-29,0.07429329305887222
2024-03-01,0.3457143008708954
2024-03-04,-0.16631057858467102
2024-04-23,-0.0063491761684417725
2025-01-26,-0.12318024784326553
2025-01-27,-0.352479487657547
2025-08-07,-0.2048978954553604
2026-04-08,-0.024067383259534836
2026-04-09,-0.5087782740592957
2026-04-10,0.027032682672142982
2026-04-14,-0.04915398359298706
2026-04-16,-0.11442339420318604
2026-04-22,-0.7773211002349854
2026-04-23,0.22912588715553284
2026-04-24,0.0465083047747612
2026-04-29,-0.048080723732709885
2026-05-01,0.016411570832133293
2026-05-08,0.0011905208230018616
2026-05-11,0.06606607884168625
2026-05-12,0.08358307927846909
2026-05-13,0.0771130695939064
2026-05-14,-0.02930535189807415
2026-05-15,0.1612374633550644
2026-05-16,0.04611481726169586
2026-05-17,0.05262671411037445
2026-05-18,-0.024265523999929428
