,sentiment_BANKNIFTY
2003-02-10,-0.02544005773961544
2003-02-11,0.0383114218711853
2003-02-12,0.0568583607673645
2003-02-13,0.08697116374969482
2003-02-14,-0.22121423482894897
2003-02-15,-0.13737455010414124
2003-02-17,-0.17092116177082062
2003-02-18,-0.007756067905575037
2003-02-19,-0.2311549186706543
2003-02-20,0.07975536584854126
2003-02-21,-0.2714015543460846
2003-02-22,0.3761271834373474
2003-02-24,-0.30468422174453735
2003-02-25,0.026623031124472618
2003-02-26,0.05323042720556259
2003-02-27,0.0554685965180397
2003-02-28,-0.021082378923892975
2003-03-03,-0.3964739739894867
2003-03-04,0.1233256459236145
2003-03-05,0.048936910927295685
2003-03-06,0.029216894879937172
2003-03-07,0.0025782748125493526
2003-03-08,0.05097203329205513
2003-03-10,-0.1378026306629181
2003-03-11,-0.059180960059165955
2003-03-12,0.13024619221687317
2003-03-13,0.009725253097712994
2003-03-14,0.06838858127593994
2003-03-15,0.04807140305638313
2003-03-17,-0.06920171529054642
2003-03-18,0.2617482841014862
2003-03-19,-0.3122134506702423
2003-03-20,0.028937706723809242
2003-03-21,0.08489487320184708
2003-03-22,-0.030585726723074913
2003-03-24,0.06309366226196289
2003-03-25,0.020935462787747383
2003-03-26,-0.13028137385845184
2003-03-27,-0.006908159703016281
2003-03-28,-0.01277507096529007
2003-03-29,-0.17375855147838593
2003-03-31,-0.18442171812057495
2003-04-01,-0.06562644988298416
2003-04-02,0.04687266796827316
2003-04-03,-0.054322749376297
2003-04-04,0.02251846343278885
2003-04-05,0.25016772747039795
2003-04-07,0.08881101757287979
2003-04-08,0.09754090011119843
2003-04-09,-0.2291361689567566
2003-04-10,-0.07975985109806061
2003-04-11,0.040684521198272705
2003-04-12,-0.1200036033987999
2003-04-14,-0.013547832146286964
2003-04-15,-0.34127557277679443
2003-04-16,-0.24792885780334473
2003-04-17,-0.03330172225832939
2003-04-18,0.08860433101654053
2003-04-19,-0.43701881170272827
2003-04-21,-0.1303362250328064
2003-04-22,0.051552094519138336
2003-04-23,-0.08627960830926895
2003-04-24,-0.011734100058674812
2003-04-25,-0.1427876353263855
2003-04-26,-0.005129114259034395
2003-04-28,-0.20455478131771088
2003-04-29,0.44298261404037476
2003-04-30,0.021029073745012283
2003-05-01,-0.008485616184771061
2003-05-02,-0.07314549386501312
2003-05-03,-0.22926616668701172
2003-05-05,0.1486491560935974
2003-05-06,0.10647551715373993
2003-05-07,0.3632183372974396
2003-05-08,0.18308621644973755
2003-05-09,0.2202625870704651
2003-05-10,-0.14375078678131104
2003-05-12,0.06678720563650131
2003-05-13,-0.17470340430736542
2003-05-14,0.02686433494091034
2003-05-15,0.0778418555855751
2003-05-16,0.33787786960601807
2003-05-17,0.049127861857414246
2003-05-19,-0.01409077923744917
2003-05-20,0.15340623259544373
2003-05-21,-0.08881883323192596
2003-05-22,-0.4179573655128479
2003-05-23,0.023382950574159622
2003-05-24,0.036416273564100266
2003-05-26,0.0781911239027977
2003-05-27,0.05978987738490105
2003-05-28,0.040642425417900085
2003-05-29,-0.12350372225046158
2003-05-30,-0.06354767829179764
2003-05-31,0.12542572617530823
2003-06-02,-0.15514136850833893
2003-06-03,-0.1639433205127716
2003-06-04,0.17930473387241364
2003-06-05,-0.057453006505966187
2003-06-06,-0.233769029378891
2003-06-07,0.008592437021434307
2003-06-09,0.06160042807459831
2003-06-10,0.016715876758098602
2003-06-11,0.0006584778311662376
2003-06-12,-0.3326547145843506
2003-06-13,0.04619189724326134
2003-06-14,-0.04967424273490906
2003-06-16,0.1714494824409485
2003-06-17,0.27141308784484863
2003-06-18,0.2544102072715759
2003-06-19,-0.02388502098619938
2003-06-20,0.2530162036418915
2003-06-21,-0.21851417422294617
2003-06-23,-0.0004107084241695702
2003-06-24,-0.02390104904770851
2003-06-25,-0.13900035619735718
2003-06-26,0.18631619215011597
2003-06-27,-0.08794661611318588
2003-06-28,0.09785665571689606
2003-06-30,-0.03437529504299164
2003-07-01,0.10228836536407471
2003-07-02,0.2232355773448944
2003-07-03,-0.11339287459850311
2003-07-04,-0.1191108301281929
2003-07-05,-0.10508964210748672
2003-07-07,-0.21740086376667023
2003-07-08,0.09798741340637207
2003-07-09,-0.2893395721912384
2003-07-10,0.32961317896842957
2003-07-11,0.05779867246747017
2003-07-12,-0.08855289220809937
2003-07-14,-0.10547969490289688
2003-07-15,0.22212311625480652
2003-07-16,-0.0828627496957779
2003-07-17,-0.06408145278692245
2003-07-18,0.3496001064777374
2003-07-19,-0.022060416638851166
2003-07-21,0.2664269506931305
2003-07-22,0.07861839979887009
2003-07-23,0.1989259272813797
2003-07-24,0.16318631172180176
2003-07-25,0.07761874794960022
2003-07-26,0.10969572514295578
2003-07-28,-0.08132510632276535
2003-07-29,0.14942626655101776
2003-07-30,0.12059595435857773
2003-07-31,0.19712945818901062
2003-08-01,-0.11660948395729065
2003-08-02,-0.1521637886762619
2003-08-04,0.21602201461791992
2003-08-05,0.00820527970790863
2003-08-06,0.05366389825940132
2003-08-07,0.16695256531238556
2003-08-08,0.09636718779802322
2003-08-09,0.1235671266913414
2003-08-11,0.021169651299715042
2003-08-12,0.20281802117824554
2003-08-13,-0.19721803069114685
2003-08-14,0.10218620300292969
2003-08-15,0.07875116914510727
2003-08-16,0.6599778532981873
2003-08-18,-0.08758194744586945
2003-08-19,-0.05773497745394707
2003-08-20,0.0984308123588562
2003-08-21,0.1725447028875351
2003-08-22,0.13786691427230835
2003-08-23,-0.1561296135187149
2003-08-25,0.029520584270358086
2003-08-26,0.23561987280845642
2003-08-27,0.11645819246768951
2003-08-28,-0.01366918720304966
2003-08-29,0.1461428701877594
2003-08-30,-0.07466118037700653
2003-09-01,0.29361259937286377
2003-09-02,0.027491029351949692
2003-09-03,0.143172487616539
2003-09-04,0.06591016799211502
2003-09-05,0.03048296831548214
2003-09-06,0.11490028351545334
2003-09-08,-0.10529588907957077
2003-09-09,0.13016436994075775
2003-09-11,-0.04750676453113556
2003-09-12,0.2517456114292145
2003-09-13,0.09493085741996765
2003-09-15,0.054611802101135254
2003-09-16,0.09016653895378113
2003-09-17,-0.2196156531572342
2003-09-18,-0.24344323575496674
2003-09-19,-0.14920872449874878
2003-09-20,0.029440294951200485
2003-09-22,0.013533473014831543
2003-09-23,0.07301338016986847
2003-09-24,-0.19882988929748535
2003-09-25,0.6946209669113159
2003-09-26,0.061446525156497955
2003-09-27,0.5341905951499939
2003-09-29,0.15907077491283417
2003-09-30,0.29826948046684265
2003-10-01,-0.01756163127720356
2003-10-02,0.2913018465042114
2003-10-03,0.311088502407074
2003-10-04,0.46162232756614685
2003-10-06,-0.47572365403175354
2003-10-07,0.07732303440570831
2003-10-08,0.23450350761413574
2003-10-09,0.6447809934616089
2003-10-10,-0.00489391153678298
2003-10-11,0.5451038479804993
2003-10-13,-0.050824135541915894
2003-10-14,-0.10360318422317505
2003-10-15,-0.04996583238244057
2003-10-16,0.3407188057899475
2003-10-17,-0.1267632097005844
2003-10-18,-0.4138650894165039
2003-10-20,-0.0016593337059020996
2003-10-21,0.7818518877029419
2003-10-22,0.2648795247077942
2003-10-23,0.42985832691192627
2003-10-24,0.38193345069885254
2003-10-25,0.1506168246269226
2003-10-27,-0.19388967752456665
2003-10-28,0.383056104183197
2003-10-29,0.17916782200336456
2003-10-30,0.381078839302063
2003-10-31,0.10339009761810303
2003-11-01,0.2919028699398041
2003-11-03,-0.4189046025276184
2003-11-04,0.26547518372535706
2003-11-05,0.10448560118675232
2003-11-06,-0.04344291612505913
2003-11-07,0.0722394809126854
2003-11-08,-0.36580753326416016
2003-11-10,-0.08307577669620514
2003-11-11,-0.16662070155143738
2003-11-12,-0.40120959281921387
2003-11-13,-0.15657304227352142
2003-11-14,0.2805255949497223
2003-11-15,-0.0569738931953907
2003-11-17,0.06622017174959183
2003-11-18,0.14101934432983398
2003-11-19,0.3199636936187744
2003-11-20,0.04908786714076996
2003-11-21,0.47345343232154846
2003-11-22,0.23556406795978546
2003-11-24,0.13107559084892273
2003-11-25,0.18673770129680634
2003-11-26,-0.01888967491686344
2003-11-27,0.32875677943229675
2003-11-28,0.10805176198482513
2003-11-29,0.1826391965150833
2003-12-01,-0.1928570717573166
2003-12-02,0.1930883675813675
2003-12-03,0.1931786686182022
2003-12-04,0.30221644043922424
2003-12-05,0.25094330310821533
2003-12-06,0.23168770968914032
2003-12-08,0.04302062466740608
2003-12-09,0.34388595819473267
2003-12-10,0.3455507755279541
2003-12-11,-0.09048546105623245
2003-12-12,-0.09114859998226166
2003-12-13,0.07321302592754364
2003-12-15,-0.0011941109551116824
2003-12-16,0.09544488042593002
2003-12-17,0.15127888321876526
2003-12-18,0.43402278423309326
2003-12-19,0.31997793912887573
2003-12-20,0.36804211139678955
2003-12-22,0.21788232028484344
2003-12-23,0.4427391290664673
2003-12-24,0.0384216383099556
2003-12-25,0.3212848901748657
2003-12-26,-0.9049620628356934
2003-12-27,0.08859528601169586
2003-12-29,0.08210041373968124
2003-12-30,-0.1753247231245041
2003-12-31,0.1751786172389984
2004-01-01,-0.1546451598405838
2004-01-02,-0.2105492800474167
2004-01-03,-0.12902796268463135
2004-01-05,0.21653680503368378
2004-01-06,0.24219520390033722
2004-01-07,-0.456613689661026
2004-01-08,0.43303611874580383
2004-01-09,0.1973627507686615
2004-01-10,0.2190527617931366
2004-01-12,-0.08536149561405182
2004-01-13,0.5514540672302246
2004-01-14,0.3240184187889099
2004-01-15,0.25103214383125305
2004-01-16,0.2952568829059601
2004-01-17,0.04806257039308548
2004-01-19,0.4319661259651184
2004-01-20,0.37442949414253235
2004-01-21,0.46319156885147095
2004-01-22,0.4225524961948395
2004-01-23,0.48020845651626587
2004-01-24,0.5097359418869019
2004-01-26,0.2870759069919586
2004-01-28,0.5902844667434692
2004-01-29,0.3513737916946411
2004-01-30,0.43180662393569946
2004-01-31,0.5251783728599548
2004-02-02,-0.1018957868218422
2004-02-03,-0.17020131647586823
2004-02-04,0.4753601551055908
2004-02-05,0.08243803679943085
2004-02-06,0.17390191555023193
2004-02-07,-0.14688830077648163
2004-02-09,-0.342302143573761
2004-02-10,0.2876400947570801
2004-02-11,0.30502134561538696
2004-02-12,0.13616496324539185
2004-02-13,-0.08532711118459702
2004-02-14,0.0631469339132309
2004-02-16,0.07918715476989746
2004-02-17,0.10284344106912613
2004-02-18,0.24074552953243256
2004-02-19,0.2773906886577606
2004-02-20,0.3286612033843994
2004-02-21,0.42249250411987305
2004-02-23,0.31863975524902344
2004-02-24,-0.0862562283873558
2004-02-25,0.15878312289714813
2004-02-26,0.3479420840740204
2004-02-27,-0.27742230892181396
2004-02-28,-0.35762453079223633
2004-03-01,0.00201343628577888
2004-03-02,-0.03993324562907219
2004-03-03,-0.3880416750907898
2004-03-04,0.6793124675750732
2004-03-05,0.4118584990501404
2004-03-06,0.4549477696418762
2004-03-08,0.09087546169757843
2004-03-09,0.4792536497116089
2004-03-10,0.4275772273540497
2004-03-11,0.27483201026916504
2004-03-12,0.06148773804306984
2004-03-13,0.22860503196716309
2004-03-15,0.2622223496437073
2004-03-16,0.11548876762390137
2004-03-17,0.5124472975730896
2004-03-18,0.38890203833580017
2004-03-19,0.350432425737381
2004-03-20,0.3001801073551178
2004-03-22,0.01790851354598999
2004-03-23,-0.18214239180088043
2004-03-24,0.37603476643562317
2004-03-25,0.3402103781700134
2004-03-26,0.3546687364578247
2004-03-27,0.20258235931396484
2004-03-29,0.18339872360229492
2004-03-30,0.12242207676172256
2004-03-31,-0.23324327170848846
2004-04-01,0.35325193405151367
2004-04-02,0.011879414319992065
2004-04-03,-0.1793718785047531
2004-04-05,-0.015468016266822815
2004-04-06,0.4572177529335022
2004-04-07,0.08651170134544373
2004-04-08,0.7744844555854797
2004-04-09,-0.2901272773742676
2004-04-10,0.007371433079242706
2004-04-12,0.27824750542640686
2004-04-13,0.06714551895856857
2004-04-14,-0.14608928561210632
2004-04-15,0.43516480922698975
2004-04-16,0.3732571601867676
2004-04-17,0.27925094962120056
2004-04-19,0.17356878519058228
2004-04-20,-0.00042173414840362966
2004-04-21,0.12103123962879181
2004-04-22,-0.052387405186891556
2004-04-23,0.020589180290699005
2004-04-24,0.5525150895118713
2004-04-26,0.13802552223205566
2004-04-27,0.24647901952266693
2004-04-28,0.02642962895333767
2004-04-29,0.4950176179409027
2004-04-30,0.4431746304035187
2004-05-01,0.05542992427945137
2004-05-03,0.38364386558532715
2004-05-04,-0.09305966645479202
2004-05-05,0.6056181788444519
2004-05-06,0.12392303347587585
2004-05-07,0.15964487195014954
2004-05-08,0.355551153421402
2004-05-10,0.1269884705543518
2004-05-11,0.13978436589241028
2004-05-12,-0.1301863044500351
2004-05-13,0.3206712603569031
2004-05-14,-0.00606251647695899
2004-05-15,0.262151837348938
2004-05-17,0.10624514520168304
2004-05-18,0.08097239583730698
2004-05-19,0.08775945007801056
2004-05-20,0.5366777777671814
2004-05-21,0.017300745472311974
2004-05-22,-0.8477309942245483
2004-05-24,-0.04234500601887703
2004-05-25,0.23718850314617157
2004-05-26,0.20565126836299896
2004-05-27,0.0940631777048111
2004-05-28,0.13207881152629852
2004-05-29,0.2980268895626068
2004-05-31,0.08751843869686127
2004-06-01,0.3283110558986664
2004-06-02,0.10315576195716858
2004-06-03,-0.3012854754924774
2004-06-04,0.3563985824584961
2004-06-05,0.5526264309883118
2004-06-07,0.09911558777093887
2004-06-08,0.4584962725639343
2004-06-09,-0.10613379627466202
2004-06-10,0.3358438014984131
2004-06-11,0.2776086926460266
2004-06-12,-0.14387169480323792
2004-06-14,0.3771072328090668
2004-06-15,0.30735456943511963
2004-06-16,0.06246785819530487
2004-06-17,0.13988424837589264
2004-06-18,0.054137907922267914
2004-06-19,0.40285173058509827
2004-06-21,0.1692322939634323
2004-06-22,0.20341625809669495
2004-06-23,-0.20007777214050293
2004-06-24,-0.26646822690963745
2004-06-25,0.41403061151504517
2004-06-26,-0.2395743578672409
2004-06-28,0.17391903698444366
2004-06-29,-0.2476380169391632
2004-06-30,-0.11069999635219574
2004-07-01,0.007812005467712879
2004-07-02,0.3606003522872925
2004-07-03,0.12710613012313843
2004-07-05,0.32336148619651794
2004-07-06,-0.0873064324259758
2004-07-07,0.1144147738814354
2004-07-08,0.2327750325202942
2004-07-09,0.2687426805496216
2004-07-10,-0.22619938850402832
2004-07-12,-0.01629253290593624
2004-07-13,-0.017420170828700066
2004-07-14,0.30241620540618896
2004-07-15,0.12103772163391113
2004-07-16,0.34112900495529175
2004-07-17,0.3200203478336334
2004-07-19,0.2242668867111206
2004-07-20,0.41280752420425415
2004-07-21,0.3619590401649475
2004-07-22,0.6007307171821594
2004-07-23,-0.11831732094287872
2004-07-24,0.016214629635214806
2004-07-26,-0.14437101781368256
2004-07-27,0.03198852762579918
2004-07-28,0.14899465441703796
2004-07-29,0.12215451151132584
2004-07-30,0.21717585623264313
2004-07-31,0.08987066894769669
2004-08-02,-0.0013986676931381226
2004-08-03,-0.2362174391746521
2004-08-04,-0.16031400859355927
2004-08-05,0.10391318798065186
2004-08-06,0.06576448678970337
2004-08-07,-0.16378210484981537
2004-08-09,-0.5087665319442749
2004-08-10,0.24447457492351532
2004-08-11,0.17262551188468933
2004-08-12,0.029470384120941162
2004-08-13,-0.44301939010620117
2004-08-14,-0.08630704879760742
2004-08-17,0.10060050338506699
2004-08-18,0.06656575202941895
2004-08-19,0.2376803457736969
2004-08-20,0.216643825173378
2004-08-21,0.2842210829257965
2004-08-23,0.23922720551490784
2004-08-24,0.18787233531475067
2004-08-25,-0.03569033741950989
2004-08-26,0.11898118257522583
2004-08-27,-0.009417366236448288
2004-08-28,0.17180725932121277
2004-08-30,-0.06455409526824951
2004-08-31,0.09693371504545212
2004-09-01,0.04761936888098717
2004-09-02,0.2393677681684494
2004-09-03,0.02516486868262291
2004-09-04,0.3855133354663849
2004-09-06,0.07248783856630325
2004-09-07,0.05861018970608711
2004-09-08,-0.24946799874305725
2004-09-09,0.6097429394721985
2004-09-10,-0.02610808238387108
2004-09-11,0.11305152624845505
2004-09-13,0.2823391258716583
2004-09-14,-0.010153703391551971
2004-09-15,0.25919291377067566
2004-09-16,-0.1675187051296234
2004-09-17,0.18692278861999512
2004-09-18,0.4668794572353363
2004-09-20,0.3187887370586395
2004-09-21,-0.002138793468475342
2004-09-22,0.25001561641693115
2004-09-23,0.18871080875396729
2004-09-24,-0.18098314106464386
2004-09-25,0.6301679611206055
2004-09-27,0.0354061983525753
2004-09-28,0.2626465857028961
2004-09-29,-0.2413451224565506
2004-09-30,0.28242069482803345
2004-10-01,-0.028233328834176064
2004-10-02,0.15747451782226562
2004-10-04,0.19179247319698334
2004-10-05,0.48861998319625854
2004-10-06,0.0952291265130043
2004-10-07,0.21113939583301544
2004-10-08,-0.005780458450317383
2004-10-09,0.4871521294116974
2004-10-11,-0.036873169243335724
2004-10-12,0.39809930324554443
2004-10-13,0.03246147558093071
2004-10-14,0.15400852262973785
2004-10-15,-0.3708066940307617
2004-10-16,0.17610442638397217
2004-10-18,0.35365569591522217
2004-10-19,0.024477319791913033
2004-10-20,0.6125130653381348
2004-10-21,0.08582998812198639
2004-10-22,0.2594064176082611
2004-10-23,-0.19851672649383545
2004-10-25,-0.39563268423080444
2004-10-26,0.011587663553655148
2004-10-27,0.2418847382068634
2004-10-28,-0.04082458093762398
2004-10-29,0.41407155990600586
2004-10-30,0.20039133727550507
2004-11-01,0.2763189375400543
2004-11-02,0.19002118706703186
2004-11-03,0.17939689755439758
2004-11-04,-0.2980821132659912
2004-11-05,0.005095921456813812
2004-11-06,0.2105792909860611
2004-11-08,0.18326681852340698
2004-11-09,0.09804556518793106
2004-11-10,0.25822409987449646
2004-11-11,0.18029159307479858
2004-11-12,0.45287320017814636
2004-11-13,-0.12449845671653748
2004-11-15,0.09009505808353424
2004-11-16,-0.05509984493255615
2004-11-17,0.5128827691078186
2004-11-18,0.5429640412330627
2004-11-19,-0.2572745382785797
2004-11-20,0.020307548344135284
2004-11-22,0.23302532732486725
2004-11-23,0.10071680694818497
2004-11-24,0.2241247147321701
2004-11-25,0.3508071303367615
2004-11-26,0.241227388381958
2004-11-27,-0.16162994503974915
2004-11-29,0.07364284992218018
2004-11-30,-0.2401329129934311
2004-12-01,0.14694415032863617
2004-12-02,0.13015006482601166
2004-12-03,0.30467408895492554
2004-12-04,-0.41899773478507996
2004-12-06,-0.10743115842342377
2004-12-07,0.025962606072425842
2004-12-08,-0.06832373887300491
2004-12-09,0.07506272941827774
2004-12-10,0.018438778817653656
2004-12-11,-0.5575920343399048
2004-12-13,0.2176942080259323
2004-12-14,0.20765544474124908
2004-12-15,0.1463092863559723
2004-12-16,0.0740596204996109
2004-12-17,-0.2123224139213562
2004-12-18,0.4980936646461487
2004-12-20,0.059515975415706635
2004-12-21,0.08456981182098389
2004-12-22,0.2686827480792999
2004-12-23,0.3413547873497009
2004-12-24,0.2058529257774353
2004-12-25,0.07354950159788132
2004-12-26,0.6949724555015564
2004-12-27,0.13101826608181
2004-12-28,0.1319063901901245
2004-12-29,0.3105563223361969
2004-12-30,-0.4751676619052887
2004-12-31,0.16352348029613495
2005-01-01,0.47619950771331787
2005-01-02,-0.4299454689025879
2005-01-03,-0.7730293273925781
2005-01-04,0.4602010250091553
2005-01-05,0.30115997791290283
2005-01-06,-0.03247764706611633
2005-01-07,-0.05739571899175644
2005-01-08,0.14544843137264252
2005-01-09,0.48377740383148193
2005-01-10,0.7242507934570312
2005-01-11,0.3735497295856476
2005-01-12,0.37708231806755066
2005-01-13,0.7120344638824463
2005-01-14,-0.14976227283477783
2005-01-15,0.2880330979824066
2005-01-16,-0.9641513824462891
2005-01-17,0.5366424918174744
2005-01-18,0.5639244914054871
2005-01-19,0.13258138298988342
2005-01-20,0.30722665786743164
2005-01-21,0.5948997139930725
2005-01-22,0.13939791917800903
2005-01-23,0.9295580387115479
2005-01-24,-0.10937362164258957
2005-01-25,-0.038363177329301834
2005-01-26,-0.007811801042407751
2005-01-27,-0.96506267786026
2005-01-28,0.08817202597856522
2005-01-29,0.020398570224642754
2005-01-30,0.13181698322296143
2005-01-31,-0.37827470898628235
2005-02-01,-0.2037944793701172
2005-02-02,-0.06536117196083069
2005-02-03,0.30010560154914856
2005-02-04,0.06034444645047188
2005-02-05,0.3823047876358032
2005-02-06,0.15138515830039978
2005-02-07,0.25146955251693726
2005-02-08,-0.0192086361348629
2005-02-09,0.29158952832221985
2005-02-10,0.31586557626724243
2005-02-11,0.4660986363887787
2005-02-12,0.21551427245140076
2005-02-14,-0.10651617497205734
2005-02-15,0.5086062550544739
2005-02-16,0.5137511491775513
2005-02-17,0.4619100093841553
2005-02-18,0.1418112963438034
2005-02-19,0.10744769871234894
2005-02-20,0.061106979846954346
2005-02-21,0.25747355818748474
2005-02-22,0.466783344745636
2005-02-23,0.3248729109764099
2005-02-24,0.13379454612731934
2005-02-25,-0.38240501284599304
2005-02-26,0.9275252819061279
2005-02-27,0.5055505633354187
2005-02-28,0.1894877552986145
2005-03-01,0.3803941309452057
2005-03-02,0.28202393651008606
2005-03-03,0.0377701111137867
2005-03-04,-0.03717008978128433
2005-03-05,0.05214983969926834
2005-03-06,-0.005578736308962107
2005-03-07,0.5292841196060181
2005-03-08,0.24907737970352173
2005-03-09,0.33987006545066833
2005-03-10,0.11650242656469345
2005-03-11,0.31639501452445984
2005-03-12,0.5365251302719116
2005-03-13,0.5367511510848999
2005-03-14,0.2792181670665741
2005-03-15,0.43369820713996887
2005-03-16,0.06958534568548203
2005-03-17,0.1624724566936493
2005-03-18,0.11261606961488724
2005-03-19,0.3246579170227051
2005-03-20,0.8528727293014526
2005-03-21,0.2874697148799896
2005-03-22,0.08610463887453079
2005-03-23,-0.5824436545372009
2005-03-24,0.5741749405860901
2005-03-25,0.0869801864027977
2005-03-26,-0.06786099076271057
2005-03-27,0.4698858857154846
2005-03-28,0.3714316189289093
2005-03-29,0.14635883271694183
2005-03-30,0.05166603624820709
2005-03-31,0.5444311499595642
2005-04-01,0.40865272283554077
2005-04-02,-0.08634477108716965
2005-04-03,0.25658243894577026
2005-04-04,0.08095891773700714
2005-04-05,0.4413236379623413
2005-04-06,-0.047317828983068466
2005-04-07,0.40177032351493835
2005-04-08,0.39355751872062683
2005-04-09,0.11160995066165924
2005-04-11,0.5747093558311462
2005-04-12,0.31879889965057373
2005-04-13,0.2546856999397278
2005-04-14,0.21665363013744354
2005-04-15,0.05669490993022919
2005-04-16,0.4489119350910187
2005-04-18,0.4004281461238861
2005-04-19,0.03302562236785889
2005-04-20,0.07970170676708221
2005-04-21,0.041908055543899536
2005-04-22,-0.2330416589975357
2005-04-23,-0.14926844835281372
2005-04-24,0.5857223272323608
2005-04-25,0.19830892980098724
2005-04-26,-0.07919953018426895
2005-04-27,0.4917205572128296
2005-04-28,0.5142332315444946
2005-04-29,0.21986843645572662
2005-04-30,0.007205419708043337
2005-05-01,0.3682740032672882
2005-05-02,0.03299691155552864
2005-05-03,-0.11732129007577896
2005-05-04,-0.09235122054815292
2005-05-05,0.19028300046920776
2005-05-06,0.021485239267349243
2005-05-07,0.044885337352752686
2005-05-08,-0.04280024766921997
2005-05-09,-0.1432531774044037
2005-05-10,0.6151942610740662
2005-05-11,0.26976722478866577
2005-05-12,-0.3970448076725006
2005-05-13,0.11897524446249008
2005-05-14,-0.04877783730626106
2005-05-16,0.8188048005104065
2005-05-17,0.41686445474624634
2005-05-18,0.209862619638443
2005-05-19,0.30518007278442383
2005-05-20,0.3767743706703186
2005-05-21,0.11897240579128265
2005-05-23,0.020040299743413925
2005-05-24,-0.10869068652391434
2005-05-25,0.025096571072936058
2005-05-26,0.7733126878738403
2005-05-27,0.2796061635017395
2005-05-28,0.1581525206565857
2005-05-30,0.2994503378868103
2005-05-31,0.3341153860092163
2005-06-01,-0.021559366956353188
2005-06-02,0.22531311213970184
2005-06-03,-0.021772488951683044
2005-06-04,0.28253164887428284
2005-06-05,-0.5340129733085632
2005-06-06,-0.023257479071617126
2005-06-07,0.31524229049682617
2005-06-08,0.09735118597745895
2005-06-09,0.2733108103275299
2005-06-10,0.060215987265110016
2005-06-11,0.11674472689628601
2005-06-12,-0.9646973609924316
2005-06-13,0.5105805993080139
2005-06-14,-0.11882082372903824
2005-06-15,0.2650028169155121
2005-06-16,0.3728732168674469
2005-06-17,0.3991616368293762
2005-06-18,-0.04831123724579811
2005-06-20,0.394217848777771
2005-06-21,0.20819930732250214
2005-06-22,-0.03638136759400368
2005-06-23,-0.043043941259384155
2005-06-24,-0.5093470215797424
2005-06-25,0.26594993472099304
2005-06-27,0.10984597355127335
2005-06-28,0.05155644938349724
2005-06-29,-0.012676926329731941
2005-06-30,0.12902489304542542
2005-07-01,0.4302513003349304
2005-07-02,0.044367268681526184
2005-07-03,0.8448162078857422
2005-07-04,0.32344958186149597
2005-07-05,0.0375281423330307
2005-07-06,0.4077783226966858
2005-07-07,0.20032350718975067
2005-07-08,0.05690060555934906
2005-07-09,-0.010225221514701843
2005-07-11,0.25317201018333435
2005-07-12,0.4611908495426178
2005-07-13,0.33882230520248413
2005-07-14,0.5128688812255859
2005-07-15,0.040979862213134766
2005-07-16,0.023691140115261078
2005-07-18,0.07271159440279007
2005-07-19,0.29383137822151184
2005-07-20,-0.01332479901611805
2005-07-21,0.24298618733882904
2005-07-22,-0.01774124801158905
2005-07-23,0.14604385197162628
2005-07-25,0.13655127584934235
2005-07-26,0.3870471715927124
2005-07-27,0.2177695333957672
2005-07-28,0.18435758352279663
2005-07-29,0.9290282726287842
2005-07-30,-0.01056528091430664
2005-08-01,0.35648563504219055
2005-08-02,0.04091985523700714
2005-08-03,0.4863247871398926
2005-08-04,-0.6691856980323792
2005-08-05,-0.33865538239479065
2005-08-06,0.36249905824661255
2005-08-08,0.2506552040576935
2005-08-09,-0.13794180750846863
2005-08-10,0.08803476393222809
2005-08-11,0.046614307910203934
2005-08-12,0.09348839521408081
2005-08-13,0.588099479675293
2005-08-17,0.2820521295070648
2005-08-18,-0.1950661689043045
2005-08-19,0.29817888140678406
2005-08-20,0.30965787172317505
2005-08-22,-0.2909746766090393
2005-08-23,0.0773068442940712
2005-08-24,-0.017375409603118896
2005-08-25,0.1999809890985489
2005-08-26,0.36725544929504395
2005-08-27,-0.6033684611320496
2005-08-29,-0.11080770939588547
2005-08-30,0.0021187500096857548
2005-08-31,0.22419993579387665
2005-09-01,0.4971269965171814
2005-09-02,0.4321571886539459
2005-09-03,0.33950626850128174
2005-09-05,0.9222543239593506
2005-09-06,0.2763613760471344
2005-09-07,0.6277533769607544
2005-09-08,0.47501835227012634
2005-09-09,-0.10878602415323257
2005-09-10,0.3237758278846741
2005-09-12,-0.0035320520401000977
2005-09-13,0.14241847395896912
2005-09-14,-0.006400298327207565
2005-09-15,-0.133490651845932
2005-09-16,0.367889940738678
2005-09-17,0.06512351334095001
2005-09-19,0.15023691952228546
2005-09-20,0.6164492964744568
2005-09-21,0.5473887920379639
2005-09-22,-0.22004027664661407
2005-09-23,0.3241593837738037
2005-09-24,0.023523567244410515
2005-09-26,0.38313162326812744
2005-09-27,0.4250665605068207
2005-09-28,-0.5620778799057007
2005-09-29,0.012552455998957157
2005-09-30,0.11912750452756882
2005-10-01,0.682669997215271
2005-10-04,0.3340616524219513
2005-10-05,0.30617427825927734
2005-10-06,-0.01912287436425686
2005-10-07,-0.08038754016160965
2005-10-08,0.5497394800186157
2005-10-10,0.2241216003894806
2005-10-11,0.22925065457820892
2005-10-12,0.39594268798828125
2005-10-13,0.4473600387573242
2005-10-14,0.2564563453197479
2005-10-15,0.8740895390510559
2005-10-17,0.5170115232467651
2005-10-18,0.29081934690475464
2005-10-19,0.2960667312145233
2005-10-20,0.3967937231063843
2005-10-21,-0.019192706793546677
2005-10-22,0.19269588589668274
2005-10-24,0.01525356899946928
2005-10-25,0.5450400114059448
2005-10-26,0.05527444928884506
2005-10-27,0.04639827832579613
2005-10-28,0.39549189805984497
2005-10-29,0.5493956804275513
2005-10-31,0.3194091320037842
2005-11-01,0.3733418583869934
2005-11-02,0.01731250248849392
2005-11-03,0.25112515687942505
2005-11-04,0.22388750314712524
2005-11-05,0.4628570079803467
2005-11-07,0.3489595055580139
2005-11-08,0.2850671410560608
2005-11-09,0.3684241771697998
2005-11-10,0.06331809610128403
2005-11-11,0.06738557666540146
2005-11-12,0.3657091557979584
2005-11-14,0.1487993597984314
2005-11-15,0.1266910284757614
2005-11-16,0.11687936633825302
2005-11-17,0.3299368619918823
2005-11-18,0.10450303554534912
2005-11-19,0.25138795375823975
2005-11-21,0.2086673378944397
2005-11-22,0.11902617663145065
2005-11-23,0.4830288887023926
2005-11-24,0.04874210059642792
2005-11-25,0.4399905800819397
2005-11-26,0.5313539505004883
2005-11-28,0.30517709255218506
2005-11-29,0.1862611323595047
2005-11-30,0.5384642481803894
2005-12-01,0.22640062868595123
2005-12-02,0.20760901272296906
2005-12-03,0.1437734067440033
2005-12-05,0.3723769187927246
2005-12-06,-0.023105517029762268
2005-12-07,0.17079631984233856
2005-12-08,0.5121391415596008
2005-12-09,0.32701045274734497
2005-12-10,0.4654929041862488
2005-12-12,-0.1591210812330246
2005-12-13,0.06770294159650803
2005-12-14,0.2073001116514206
2005-12-15,0.43133771419525146
2005-12-16,0.2076103687286377
2005-12-17,0.11525249481201172
2005-12-19,0.33010900020599365
2005-12-20,0.5904948115348816
2005-12-21,0.13398227095603943
2005-12-22,0.3664815425872803
2005-12-23,0.5933056473731995
2005-12-24,0.24735845625400543
2005-12-26,0.49752360582351685
2005-12-27,-0.01125568151473999
2005-12-28,0.3855966329574585
2005-12-29,0.21614468097686768
2005-12-30,0.3596362769603729
2005-12-31,0.19706174731254578
2006-01-02,0.6473734974861145
2006-01-03,0.7388021945953369
2006-01-04,0.09255325794219971
2006-01-05,0.2737056612968445
2006-01-06,0.16825808584690094
2006-01-07,0.18878725171089172
2006-01-09,0.013732373714447021
2006-01-10,0.2538236975669861
2006-01-11,0.3035573363304138
2006-01-12,0.28329116106033325
2006-01-13,0.30237817764282227
2006-01-14,0.2875570058822632
2006-01-16,-0.6017629504203796
2006-01-17,0.14867104589939117
2006-01-18,0.48962023854255676
2006-01-19,0.33978089690208435
2006-01-20,0.28734347224235535
2006-01-21,0.31389254331588745
2006-01-23,0.35552528500556946
2006-01-24,0.1419658213853836
2006-01-25,0.5455040335655212
2006-01-26,-0.13861587643623352
2006-01-27,0.6722692251205444
2006-01-28,0.4274950921535492
2006-01-30,0.05335863679647446
2006-01-31,0.3447541296482086
2006-02-01,0.16905814409255981
2006-02-02,0.023649761453270912
2006-02-03,0.033293407410383224
2006-02-04,0.2172996550798416
2006-02-06,0.4323194921016693
2006-02-07,0.4349540174007416
2006-02-08,0.2912566065788269
2006-02-09,0.33591437339782715
2006-02-10,0.27172717452049255
2006-02-11,-0.07988341152667999
2006-02-13,-0.41665568947792053
2006-02-14,0.2999556362628937
2006-02-15,0.42503470182418823
2006-02-16,0.12377560883760452
2006-02-17,0.03544868528842926
2006-02-18,0.6728274822235107
2006-02-20,0.5398154854774475
2006-02-21,-0.05010426044464111
2006-02-22,0.12533456087112427
2006-02-23,0.1415550410747528
2006-02-24,0.35938575863838196
2006-02-25,-0.20469892024993896
2006-02-27,-0.05012926459312439
2006-02-28,0.029697921127080917
2006-03-01,0.04203023388981819
2006-03-02,0.18251781165599823
2006-03-03,0.00688190246000886
2006-03-04,0.29376116394996643
2006-03-05,0.1265449821949005
2006-03-06,0.2705438435077667
2006-03-07,0.032046474516391754
2006-03-08,0.04876929894089699
2006-03-09,0.5564925670623779
2006-03-10,0.1705811619758606
2006-03-11,-0.3649255335330963
2006-03-12,0.28469350934028625
2006-03-13,0.3764275014400482
2006-03-14,0.34197139739990234
2006-03-15,0.11091285198926926
2006-03-16,0.3689311444759369
2006-03-17,0.3355754315853119
2006-03-18,0.38191044330596924
2006-03-20,0.44894570112228394
2006-03-21,0.22098134458065033
2006-03-22,0.3312390148639679
2006-03-23,0.064412921667099
2006-03-24,0.07152459025382996
2006-03-25,0.30554401874542236
2006-03-27,0.20008249580860138
2006-03-28,0.30357059836387634
2006-03-29,0.3569492995738983
2006-03-30,0.39752763509750366
2006-03-31,0.28806257247924805
2006-04-01,-0.07835179567337036
2006-04-03,0.594508171081543
2006-04-04,-0.21964995563030243
2006-04-05,-0.15434792637825012
2006-04-06,-0.151433527469635
2006-04-07,-0.18545302748680115
2006-04-08,-0.2299688458442688
2006-04-09,-0.3375422954559326
2006-04-10,-0.1860729455947876
2006-04-11,-0.04689556732773781
2006-04-12,0.06610111892223358
2006-04-13,0.550300657749176
2006-04-14,-0.16550597548484802
2006-04-15,0.021933691576123238
2006-04-17,0.07659977674484253
2006-04-18,0.27978774905204773
2006-04-19,0.2263908088207245
2006-04-20,0.5372437238693237
2006-04-21,0.42084407806396484
2006-04-22,0.2485576570034027
2006-04-24,0.4692350924015045
2006-04-25,0.5633712410926819
2006-04-26,0.260300874710083
2006-04-27,0.32289668917655945
2006-04-28,0.45222365856170654
2006-04-29,0.1364876627922058
2006-04-30,0.7968854904174805
2006-05-01,0.6152608394622803
2006-05-02,0.4431164860725403
2006-05-03,0.039740558713674545
2006-05-04,0.32162803411483765
2006-05-05,0.1545233130455017
2006-05-06,0.7751786708831787
2006-05-08,0.9179692268371582
2006-05-09,0.48298606276512146
2006-05-10,0.3243156373500824
2006-05-11,0.36593306064605713
2006-05-12,0.32567456364631653
2006-05-13,-0.23873889446258545
2006-05-15,0.2927878201007843
2006-05-16,0.39431431889533997
2006-05-17,0.234824538230896
2006-05-18,0.4161842465400696
2006-05-19,0.49057286977767944
2006-05-20,-0.045124202966690063
2006-05-22,0.5130691528320312
2006-05-23,0.27669692039489746
2006-05-24,0.634367823600769
2006-05-25,0.579980731010437
2006-05-26,0.6078267693519592
2006-05-27,0.08889507502317429
2006-05-28,0.41664549708366394
2006-05-29,0.24867936968803406
2006-05-30,0.14048022031784058
2006-05-31,0.2366543710231781
2006-06-01,0.13118323683738708
2006-06-02,0.16485929489135742
2006-06-03,0.30561333894729614
2006-06-04,0.682675838470459
2006-06-05,0.4859798550605774
2006-06-06,0.09671101719141006
2006-06-07,0.21177493035793304
2006-06-08,0.3874207139015198
2006-06-09,0.3254665434360504
2006-06-10,-0.11896901577711105
2006-06-11,-0.05342976748943329
2006-06-12,0.4587079882621765
2006-06-13,0.38843780755996704
2006-06-14,0.09918932616710663
2006-06-15,0.47711053490638733
2006-06-16,0.2713896334171295
2006-06-17,0.4068874716758728
2006-06-19,0.25023412704467773
2006-06-20,0.16496047377586365
2006-06-21,0.2788727283477783
2006-06-22,0.42479264736175537
2006-06-23,0.08777620643377304
2006-06-24,0.03285595402121544
2006-06-26,0.11333250254392624
2006-06-27,0.061311446130275726
2006-06-28,0.045706748962402344
2006-06-29,0.0948498547077179
2006-06-30,0.17882470786571503
2006-07-01,-0.01412627100944519
2006-07-02,0.46944504976272583
2006-07-03,0.4927454888820648
2006-07-04,0.1548711508512497
2006-07-05,0.22272619605064392
2006-07-06,0.3159564733505249
2006-07-07,-0.20508861541748047
2006-07-08,0.4665316641330719
2006-07-10,0.47681108117103577
2006-07-11,0.3688236474990845
2006-07-12,0.13960100710391998
2006-07-13,-0.2794874906539917
2006-07-14,0.20678457617759705
2006-07-15,0.9319707155227661
2006-07-16,0.05442185699939728
2006-07-17,0.109276682138443
2006-07-18,0.3512626588344574
2006-07-19,0.47723525762557983
2006-07-20,-0.013440768234431744
2006-07-21,0.26253828406333923
2006-07-22,0.33723685145378113
2006-07-23,0.9008493423461914
2006-07-24,0.3353533446788788
2006-07-25,0.3929200768470764
2006-07-26,0.17494399845600128
2006-07-27,0.48175323009490967
2006-07-28,0.0833524689078331
2006-07-29,0.21950316429138184
2006-07-31,-0.1401982605457306
2006-08-01,0.3945648968219757
2006-08-02,0.5700486898422241
2006-08-03,0.5178923606872559
2006-08-04,-0.11248424649238586
2006-08-05,0.35725656151771545
2006-08-06,0.4228990972042084
2006-08-07,-0.09077166020870209
2006-08-08,0.13854260742664337
2006-08-09,0.3535985052585602
2006-08-10,-0.013507997617125511
2006-08-11,0.30003923177719116
2006-08-12,0.25766900181770325
2006-08-13,0.18020430207252502
2006-08-14,0.4938526153564453
2006-08-15,0.10371898859739304
2006-08-16,-0.04469350352883339
2006-08-17,0.1534356325864792
2006-08-18,0.1747877150774002
2006-08-19,0.16072344779968262
2006-08-21,-0.014110291376709938
2006-08-22,-0.43550094962120056
2006-08-23,0.1955910623073578
2006-08-24,0.1032533124089241
2006-08-25,0.24515414237976074
2006-08-26,0.6228211522102356
2006-08-28,0.3152943551540375
2006-08-29,0.17128688097000122
2006-08-30,0.3323121964931488
2006-08-31,0.2585321366786957
2006-09-01,-0.11511778086423874
2006-09-02,0.2114701122045517
2006-09-03,0.24156786501407623
2006-09-04,0.15745803713798523
2006-09-05,0.5349471569061279
2006-09-06,0.08873214572668076
2006-09-07,0.20739798247814178
2006-09-08,0.3425188362598419
2006-09-09,-0.39558157324790955
2006-09-10,0.7943401336669922
2006-09-11,0.33675846457481384
2006-09-12,0.29746875166893005
2006-09-13,0.2213757336139679
2006-09-14,-0.1472274214029312
2006-09-15,0.19969630241394043
2006-09-16,0.03085402585566044
2006-09-18,0.3100293278694153
2006-09-19,0.2393142431974411
2006-09-20,-0.4955115020275116
2006-09-21,0.13428829610347748
2006-09-22,0.20255541801452637
2006-09-23,-0.2944304943084717
2006-09-25,-0.026243340224027634
2006-09-26,0.30903807282447815
2006-09-27,0.10497735440731049
2006-09-28,0.22640621662139893
2006-09-29,0.2683962881565094
2006-09-30,0.1367877870798111
2006-10-02,0.22582128643989563
2006-10-03,0.14692322909832
2006-10-04,0.5765425562858582
2006-10-05,0.45488613843917847
2006-10-06,0.11402678489685059
2006-10-07,-0.12888041138648987
2006-10-09,0.35092368721961975
2006-10-10,0.42741066217422485
2006-10-11,0.15787754952907562
2006-10-12,0.3936452865600586
2006-10-13,0.3570222854614258
2006-10-14,-0.011766761541366577
2006-10-16,0.6620805263519287
2006-10-17,0.5339543223381042
2006-10-18,0.19978664815425873
2006-10-19,0.1507909744977951
2006-10-20,0.3943738341331482
2006-10-21,-0.23364035785198212
2006-10-23,0.2658035159111023
2006-10-24,0.43049073219299316
2006-10-25,0.3461589515209198
2006-10-26,0.5126568078994751
2006-10-27,0.38371703028678894
2006-10-28,0.7036906480789185
2006-10-29,0.6685495376586914
2006-10-30,0.3073197901248932
2006-10-31,0.3270007371902466
2006-11-01,0.31616026163101196
2006-11-02,-0.0950988158583641
2006-11-03,0.13644322752952576
2006-11-04,0.19177041947841644
2006-11-06,0.22454041242599487
2006-11-07,0.24227048456668854
2006-11-08,-0.00967395305633545
2006-11-09,0.4034848213195801
2006-11-10,0.14792856574058533
2006-11-11,0.5152485370635986
2006-11-13,0.15324386954307556
2006-11-14,0.1513568013906479
2006-11-15,0.1894889771938324
2006-11-16,0.23646359145641327
2006-11-17,0.03040734864771366
2006-11-18,0.0963909849524498
2006-11-20,-0.06267903745174408
2006-11-21,0.2204505056142807
2006-11-22,0.013570010662078857
2006-11-23,0.39132553339004517
2006-11-24,0.35228854417800903
2006-11-25,0.25055357813835144
2006-11-27,0.5999813079833984
2006-11-28,0.37724319100379944
2006-11-29,0.4764891564846039
2006-11-30,0.12229764461517334
2006-12-01,0.07175357639789581
2006-12-02,0.5342001914978027
2006-12-04,0.29768916964530945
2006-12-05,0.5459175109863281
2006-12-06,0.5371087789535522
2006-12-07,0.29614967107772827
2006-12-08,0.25018754601478577
2006-12-09,0.479125440120697
2006-12-11,0.320133239030838
2006-12-12,0.29025498032569885
2006-12-13,0.21865667402744293
2006-12-14,0.23415839672088623
2006-12-15,0.3242352604866028
2006-12-16,-0.17238345742225647
2006-12-18,0.4471060633659363
2006-12-19,-0.2665163576602936
2006-12-20,0.2753294110298157
2006-12-21,0.31416162848472595
2006-12-22,0.47875458002090454
2006-12-23,0.4669039845466614
2006-12-24,0.6848312020301819
2006-12-25,0.13849173486232758
2006-12-26,0.6401012539863586
2006-12-27,-0.36904284358024597
2006-12-28,-0.120444655418396
2006-12-29,0.181501105427742
2006-12-30,-0.3031877875328064
2007-01-01,0.5068174600601196
2007-01-02,-0.07851065695285797
2007-01-03,0.07525302469730377
2007-01-04,0.055443551391363144
2007-01-05,0.3050088882446289
2007-01-06,0.4012813866138458
2007-01-07,0.30966848134994507
2007-01-08,0.8007364869117737
2007-01-09,0.08436358720064163
2007-01-10,0.29002025723457336
2007-01-11,0.7973289489746094
2007-01-12,0.49839234352111816
2007-01-13,0.9321707487106323
2007-01-14,-0.13228805363178253
2007-01-15,0.4104478359222412
2007-01-16,0.19110147655010223
2007-01-17,0.17786905169487
2007-01-18,-0.30801719427108765
2007-01-19,0.22016367316246033
2007-01-20,0.5239117741584778
2007-01-21,0.9321888089179993
2007-01-22,-0.05480054020881653
2007-01-23,0.3273637592792511
2007-01-24,0.22084221243858337
2007-01-25,0.7439343929290771
2007-01-26,0.1677538901567459
2007-01-27,0.8797256946563721
2007-01-28,0.7974568605422974
2007-01-29,0.33391889929771423
2007-01-30,0.22218458354473114
2007-01-31,0.4885473847389221
2007-02-01,0.49071481823921204
2007-02-02,-0.29309988021850586
2007-02-03,0.3955082595348358
2007-02-04,-0.01023140549659729
2007-02-05,0.5190860629081726
2007-02-06,0.27819252014160156
2007-02-07,0.37175244092941284
2007-02-08,0.19354486465454102
2007-02-09,-0.2676817774772644
2007-02-10,-0.027566373348236084
2007-02-11,0.8982083797454834
2007-02-12,-0.6268435716629028
2007-02-13,0.2990821301937103
2007-02-14,0.19621846079826355
2007-02-15,0.558276891708374
2007-02-16,0.32776767015457153
2007-02-17,0.8865834474563599
2007-02-19,0.8100776672363281
2007-02-20,0.4795581102371216
2007-02-21,0.2656882703304291
2007-02-22,-0.08690962195396423
2007-02-23,0.21596510708332062
2007-02-24,0.5631912350654602
2007-02-25,0.543698787689209
2007-02-26,0.3421632647514343
2007-02-27,0.5290347933769226
2007-02-28,0.22896985709667206
2007-03-01,-0.005368601530790329
2007-03-02,0.5308448076248169
2007-03-03,0.2971912622451782
2007-03-04,-0.2796153724193573
2007-03-06,-0.3868125379085541
2007-03-07,0.4931015074253082
2007-03-08,-0.13243524730205536
2007-03-09,-0.2819703221321106
2007-03-10,0.09152773022651672
2007-03-11,0.43965137004852295
2007-03-12,-0.17093154788017273
2007-03-13,0.5629157423973083
2007-03-14,0.03679966554045677
2007-03-15,0.2702268958091736
2007-03-16,0.14915905892848969
2007-03-17,0.4925740361213684
2007-03-18,0.30933114886283875
2007-03-19,0.26372095942497253
2007-03-20,0.8245301246643066
2007-03-21,0.2008708119392395
2007-03-22,-0.2582550644874573
2007-03-23,0.3507905900478363
2007-03-24,0.40880119800567627
2007-03-25,0.15342797338962555
2007-03-26,0.23630297183990479
2007-03-27,-0.40684089064598083
2007-03-28,0.7563523650169373
2007-03-29,-0.19180773198604584
2007-03-30,0.2311103790998459
2007-03-31,0.4816402494907379
2007-04-01,0.592176616191864
2007-04-02,-0.0801471397280693
2007-04-03,-0.13425099849700928
2007-04-04,0.07464542239904404
2007-04-05,0.44767364859580994
2007-04-06,0.11881507933139801
2007-04-07,0.31120678782463074
2007-04-08,0.43924522399902344
2007-04-09,0.028583623468875885
2007-04-10,0.5528959035873413
2007-04-11,0.09385062754154205
2007-04-12,0.6890665888786316
2007-04-13,-0.24968962371349335
2007-04-14,0.09127894788980484
2007-04-15,0.564998209476471
2007-04-16,0.36096179485321045
2007-04-17,-0.12191762030124664
2007-04-18,0.31398439407348633
2007-04-19,0.16570989787578583
2007-04-20,-0.08141268789768219
2007-04-21,0.45138826966285706
2007-04-23,0.604826807975769
2007-04-24,0.26843005418777466
2007-04-25,0.43853673338890076
2007-04-26,0.4150155484676361
2007-04-27,0.010557400994002819
2007-04-28,0.5292361974716187
2007-04-29,0.4592285752296448
2007-04-30,0.20397333800792694
2007-05-01,0.32702457904815674
2007-05-02,0.3495767414569855
2007-05-03,-0.1154891774058342
2007-05-04,0.7137638330459595
2007-05-05,-0.16926799714565277
2007-05-06,-0.0425252839922905
2007-05-07,0.08724377304315567
2007-05-08,0.17736726999282837
2007-05-09,0.19657666981220245
2007-05-10,0.5078306794166565
2007-05-11,-0.37233591079711914
2007-05-12,0.382340669631958
2007-05-13,0.39883705973625183
2007-05-14,-0.25373587012290955
2007-05-15,0.07267104089260101
2007-05-16,0.16463875770568848
2007-05-17,0.32432296872138977
2007-05-18,0.3028932213783264
2007-05-19,0.0584639236330986
2007-05-20,0.5755182504653931
2007-05-21,0.4790387451648712
2007-05-22,0.28204840421676636
2007-05-23,0.36150288581848145
2007-05-24,-0.0026025075931102037
2007-05-25,0.3019000291824341
2007-05-26,0.359229177236557
2007-05-27,0.9271228313446045
2007-05-28,0.3327220380306244
2007-05-29,0.44895967841148376
2007-05-30,0.2303372323513031
2007-05-31,0.01795913651585579
2007-06-01,-0.10943996906280518
2007-06-02,-0.23505227267742157
2007-06-03,-0.06837122142314911
2007-06-04,0.14982737600803375
2007-06-05,0.014913991093635559
2007-06-06,0.34766343235969543
2007-06-07,0.2697993218898773
2007-06-08,-0.04509921744465828
2007-06-09,0.46537768840789795
2007-06-10,0.3588145673274994
2007-06-11,-0.10516028106212616
2007-06-12,0.49162474274635315
2007-06-13,0.27809345722198486
2007-06-14,0.5340854525566101
2007-06-15,0.7553921341896057
2007-06-16,0.11026201397180557
2007-06-17,0.2547502815723419
2007-06-18,0.5464489459991455
2007-06-19,0.30163145065307617
2007-06-20,-0.1593841016292572
2007-06-21,0.5107349157333374
2007-06-22,0.26732727885246277
2007-06-23,0.5120866894721985
2007-06-24,-0.040847353637218475
2007-06-25,0.4183960556983948
2007-06-26,0.4639284014701843
2007-06-27,0.24791042506694794
2007-06-28,0.24341662228107452
2007-06-29,0.18563121557235718
2007-06-30,0.6285255551338196
2007-07-02,-0.10565656423568726
2007-07-03,0.4654136598110199
2007-07-04,0.1925341635942459
2007-07-05,0.4666465222835541
2007-07-06,0.523064374923706
2007-07-07,0.06627208739519119
2007-07-08,0.8378869295120239
2007-07-09,0.020455652847886086
2007-07-10,0.22010104358196259
2007-07-11,0.38654008507728577
2007-07-12,0.02737518586218357
2007-07-13,0.357254296541214
2007-07-14,0.14789560437202454
2007-07-16,0.07662740349769592
2007-07-17,0.3810449540615082
2007-07-18,-0.1226361095905304
2007-07-19,-0.15662552416324615
2007-07-20,0.5571843385696411
2007-07-21,0.6376973390579224
2007-07-22,0.2981037199497223
2007-07-23,0.35585060715675354
2007-07-24,0.23946450650691986
2007-07-25,0.5904163718223572
2007-07-26,0.8764225244522095
2007-07-27,0.40443944931030273
2007-07-28,0.9115705490112305
2007-07-29,0.32908836007118225
2007-07-30,0.19219498336315155
2007-07-31,0.21479186415672302
2007-08-01,0.08244739472866058
2007-08-02,-0.0283220075070858
2007-08-03,0.21479152143001556
2007-08-04,0.40318453311920166
2007-08-05,0.23975032567977905
2007-08-06,0.33545663952827454
2007-08-07,0.15154054760932922
2007-08-08,0.412406325340271
2007-08-09,0.06873457133769989
2007-08-10,0.03415648266673088
2007-08-11,0.8873447775840759
2007-08-12,0.4802887737751007
2007-08-13,0.017068374902009964
2007-08-14,0.14597393572330475
2007-08-15,0.22104512155056
2007-08-16,-0.4260678291320801
2007-08-17,0.07568632066249847
2007-08-18,0.25934499502182007
2007-08-20,0.1754269152879715
2007-08-21,0.32573288679122925
2007-08-22,0.3110904395580292
2007-08-23,0.43712979555130005
2007-08-24,0.11208759993314743
2007-08-25,0.14091138541698456
2007-08-26,-0.023940782994031906
2007-08-27,0.2186911255121231
2007-08-28,0.08978147804737091
2007-08-29,-0.24788932502269745
2007-08-30,0.04668445885181427
2007-08-31,0.21145008504390717
2007-09-01,-0.29419124126434326
2007-09-02,0.3127354085445404
2007-09-03,0.36208128929138184
2007-09-04,0.1350506991147995
2007-09-05,-0.3083910346031189
2007-09-06,0.12987855076789856
2007-09-07,0.04241714999079704
2007-09-08,0.3213362991809845
2007-09-09,-0.5935108065605164
2007-09-10,0.3589397370815277
2007-09-11,0.40148061513900757
2007-09-12,-0.0200270414352417
2007-09-13,0.1198011040687561
2007-09-14,0.189719095826149
2007-09-15,0.656215488910675
2007-09-16,-0.18473583459854126
2007-09-17,-0.24451714754104614
2007-09-18,0.04119670391082764
2007-09-19,0.1145203560590744
2007-09-20,0.37124210596084595
2007-09-21,0.01744459941983223
2007-09-22,0.018826138228178024
2007-09-23,0.9438651204109192
2007-09-24,0.44278794527053833
2007-09-25,0.4502306580543518
2007-09-26,0.1411973088979721
2007-09-27,0.48859328031539917
2007-09-28,0.5996512174606323
2007-09-29,-0.040286753326654434
2007-10-01,-0.30482542514801025
2007-10-02,0.2066255360841751
2007-10-03,0.522856593132019
2007-10-04,-0.19361978769302368
2007-10-05,-0.025970827788114548
2007-10-06,0.07115806639194489
2007-10-07,-0.9080216288566589
2007-10-08,0.16384612023830414
2007-10-09,0.2080383002758026
2007-10-10,0.1165323480963707
2007-10-11,0.14337626099586487
2007-10-12,0.3251316249370575
2007-10-13,0.06048023700714111
2007-10-14,-0.9055194854736328
2007-10-15,0.12512359023094177
2007-10-16,0.35576948523521423
2007-10-17,0.48945799469947815
2007-10-18,0.49367913603782654
2007-10-19,0.15086975693702698
2007-10-20,0.5894482731819153
2007-10-21,0.44199705123901367
2007-10-22,0.1919793039560318
2007-10-23,0.5906825065612793
2007-10-24,0.31738656759262085
2007-10-25,-0.19638407230377197
2007-10-26,0.6129325032234192
2007-10-27,0.2026311457157135
2007-10-28,0.4570987820625305
2007-10-29,0.2848784327507019
2007-10-30,0.029421387240290642
2007-10-31,0.4199616014957428
2007-11-01,0.3446264863014221
2007-11-02,-0.07876292616128922
2007-11-03,-0.8795984983444214
2007-11-05,-0.8367667198181152
2007-11-06,-0.158508762717247
2007-11-07,-0.14640246331691742
2007-11-08,0.023990750312805176
2007-11-09,-0.28907039761543274
2007-11-11,-0.014184491708874702
2007-11-12,0.0923968255519867
2007-11-13,0.2009933441877365
2007-11-14,0.15437759459018707
2007-11-15,0.6482545137405396
2007-11-16,0.5435993671417236
2007-11-17,0.2625497579574585
2007-11-19,0.3624408543109894
2007-11-20,0.08675839751958847
2007-11-21,0.007037391420453787
2007-11-22,0.2282080054283142
2007-11-23,0.32643893361091614
2007-11-24,0.420624315738678
2007-11-26,0.03216414526104927
2007-11-27,0.5796363949775696
2007-11-28,0.0987667366862297
2007-11-29,-0.07334690541028976
2007-11-30,0.43120816349983215
2007-12-01,0.03139779344201088
2007-12-02,0.27554500102996826
2007-12-03,0.16066701710224152
2007-12-04,-0.06583057343959808
2007-12-05,-0.23530642688274384
2007-12-06,0.6177893280982971
2007-12-07,0.27406322956085205
2007-12-08,-0.11002462357282639
2007-12-10,0.11931897699832916
2007-12-11,0.10545289516448975
2007-12-12,-0.023190025240182877
2007-12-13,-0.14303168654441833
2007-12-14,0.4437536597251892
2007-12-15,0.21145887672901154
2007-12-17,0.3485705852508545
2007-12-18,0.02244366891682148
2007-12-19,0.11176233738660812
2007-12-20,0.327218234539032
2007-12-21,-0.08517391234636307
2007-12-22,0.5000052452087402
2007-12-24,0.0409010648727417
2007-12-25,-0.015140311792492867
2007-12-26,0.14800822734832764
2007-12-27,0.16544011235237122
2007-12-28,0.051312122493982315
2007-12-29,-0.008781880140304565
2007-12-31,-0.03891582787036896
2008-01-01,0.25594910979270935
2008-01-02,0.008233455009758472
2008-01-03,0.22105200588703156
2008-01-04,0.4357709288597107
2008-01-05,0.22226913273334503
2008-01-07,-0.5793266892433167
2008-01-08,0.22081802785396576
2008-01-09,0.13695333898067474
2008-01-10,0.6764681339263916
2008-01-11,0.4529036581516266
2008-01-12,0.4823111891746521
2008-01-13,0.2959655523300171
2008-01-14,0.5290964841842651
2008-01-15,0.41909319162368774
2008-01-16,0.31833329796791077
2008-01-17,0.427259624004364
2008-01-18,0.21221789717674255
2008-01-19,0.6003949046134949
2008-01-20,0.6704053282737732
2008-01-21,0.6562002897262573
2008-01-22,0.3272288143634796
2008-01-23,0.5520909428596497
2008-01-24,0.530620813369751
2008-01-25,0.25344035029411316
2008-01-26,0.25223079323768616
2008-01-28,0.570209801197052
2008-01-29,-0.0826510563492775
2008-01-30,0.4225843846797943
2008-01-31,-0.02890007197856903
2008-02-01,0.2863922119140625
2008-02-02,-0.019762888550758362
2008-02-04,0.7988165616989136
2008-02-05,0.3724379539489746
2008-02-06,0.4434415400028229
2008-02-07,-0.2686525285243988
2008-02-08,0.16496248543262482
2008-02-09,-0.049267787486314774
2008-02-10,0.5965891480445862
2008-02-11,0.06718195229768753
2008-02-12,-0.03413243964314461
2008-02-13,0.6866462826728821
2008-02-14,0.23301948606967926
2008-02-15,-0.35112202167510986
2008-02-17,0.149128258228302
2008-02-18,0.3722740709781647
2008-02-19,0.3989417254924774
2008-02-20,-0.39248937368392944
2008-02-21,-0.07034213840961456
2008-02-22,-0.015375065617263317
2008-02-23,0.34846654534339905
2008-02-24,0.49696171283721924
2008-02-25,-0.23749451339244843
2008-02-26,-0.08271622657775879
2008-02-27,0.1624247282743454
2008-02-28,0.17116354405879974
2008-02-29,0.0408046580851078
2008-03-01,0.08038660883903503
2008-03-02,-0.20080822706222534
2008-03-03,0.6708610653877258
2008-03-04,0.1407005488872528
2008-03-05,0.3191816806793213
2008-03-06,0.2602176070213318
2008-03-07,0.18267768621444702
2008-03-08,0.44266611337661743
2008-03-09,0.8941361308097839
2008-03-10,-0.20900744199752808
2008-03-11,-0.05483821779489517
2008-03-12,0.25238218903541565
2008-03-13,0.5567489862442017
2008-03-14,0.35290244221687317
2008-03-15,0.33260029554367065
2008-03-16,-0.4293307065963745
2008-03-17,-0.0995439812541008
2008-03-18,0.5159047842025757
2008-03-19,0.08117734640836716
2008-03-20,-0.08077655732631683
2008-03-21,0.3078850209712982
2008-03-22,0.9300435185432434
2008-03-24,0.7483968138694763
2008-03-25,0.052292536944150925
2008-03-26,0.3542313873767853
2008-03-27,-0.008587813004851341
2008-03-28,0.3982231616973877
2008-03-29,0.11345170438289642
2008-03-30,-0.14407938718795776
2008-03-31,0.06892900168895721
2008-04-01,0.027484433725476265
2008-04-02,-0.10488775372505188
2008-04-03,-0.0910932868719101
2008-04-04,-0.12447425723075867
2008-04-05,0.282402366399765
2008-04-06,-0.40031251311302185
2008-04-07,0.39385735988616943
2008-04-08,0.29693603515625
2008-04-09,-0.15941274166107178
2008-04-10,0.21781884133815765
2008-04-11,0.012922038324177265
2008-04-12,-0.1741175502538681
2008-04-13,0.09881830960512161
2008-04-14,-0.09259839355945587
2008-04-15,0.17719635367393494
2008-04-16,0.33048126101493835
2008-04-17,0.545408308506012
2008-04-18,-0.2113567739725113
2008-04-19,0.07766030728816986
2008-04-21,-0.594822108745575
2008-04-22,0.10132040828466415
2008-04-23,-0.19577433168888092
2008-04-24,-0.15700456500053406
2008-04-25,-0.09127366542816162
2008-04-26,-0.03244807943701744
2008-04-27,0.11637768894433975
2008-04-28,0.9264273047447205
2008-04-29,-0.046647749841213226
2008-04-30,0.06851842254400253
2008-05-01,0.18817879259586334
2008-05-02,-0.0057541984133422375
2008-05-03,0.6057120561599731
2008-05-04,-0.9361793398857117
2008-05-05,0.049951761960983276
2008-05-06,0.2244674265384674
2008-05-07,0.038258932530879974
2008-05-08,-0.030358880758285522
2008-05-09,0.10512395948171616
2008-05-10,-0.075368233025074
2008-05-11,-0.6110754013061523
2008-05-12,0.13396093249320984
2008-05-13,0.09052189439535141
2008-05-14,0.22037097811698914
2008-05-15,-0.09093174338340759
2008-05-16,0.2899225354194641
2008-05-17,-0.49624571204185486
2008-05-18,-0.057903628796339035
2008-05-19,-0.13818101584911346
2008-05-20,0.0520663857460022
2008-05-21,0.14992204308509827
2008-05-22,0.15562716126441956
2008-05-23,-0.14116430282592773
2008-05-24,0.09660843014717102
2008-05-25,0.10434986650943756
2008-05-26,0.36542049050331116
2008-05-27,0.13181860744953156
2008-05-28,0.1722499579191208
2008-05-29,0.19753718376159668
2008-05-30,0.05989088863134384
2008-05-31,-0.267505943775177
2008-06-01,0.1353813111782074
2008-06-02,0.2358226776123047
2008-06-03,0.2158975452184677
2008-06-04,0.09741208702325821
2008-06-05,-0.24990145862102509
2008-06-06,-0.11342760920524597
2008-06-07,0.033664871007204056
2008-06-08,-0.18065835535526276
2008-06-09,0.24784386157989502
2008-06-10,0.17830264568328857
2008-06-11,-0.03451566770672798
2008-06-12,0.1827196478843689
2008-06-13,0.020170016214251518
2008-06-14,0.02922387234866619
2008-06-15,0.03417283296585083
2008-06-16,-0.1579270362854004
2008-06-17,0.06767678260803223
2008-06-18,0.24811534583568573
2008-06-19,0.3363543748855591
2008-06-20,0.054747264832258224
2008-06-21,0.21227149665355682
2008-06-22,0.5648587346076965
2008-06-23,0.05647485703229904
2008-06-24,-0.01878274604678154
2008-06-25,-0.051739197224378586
2008-06-26,0.6455631852149963
2008-06-27,-0.10657358914613724
2008-06-28,0.7781942486763
2008-06-30,0.06916338950395584
2008-07-01,0.007393149193376303
2008-07-02,-0.07179271429777145
2008-07-03,-0.0133550139144063
2008-07-04,0.0732591301202774
2008-07-05,-0.18600822985172272
2008-07-06,0.21316997706890106
2008-07-07,0.12994791567325592
2008-07-08,-0.06684175133705139
2008-07-09,-0.27685341238975525
2008-07-10,0.02832420915365219
2008-07-11,0.12672631442546844
2008-07-12,-0.3594614267349243
2008-07-13,0.08515968918800354
2008-07-14,0.150857612490654
2008-07-15,-0.09652195125818253
2008-07-16,0.1496381312608719
2008-07-17,0.17954936623573303
2008-07-18,-0.0039803264662623405
2008-07-19,0.4971500039100647
2008-07-20,0.3019786477088928
2008-07-21,-0.016583940014243126
2008-07-22,0.13854002952575684
2008-07-23,0.06677647680044174
2008-07-24,0.07149500399827957
2008-07-25,-0.23266246914863586
2008-07-26,-0.08489590138196945
2008-07-27,0.2849501073360443
2008-07-28,0.48502710461616516
2008-07-29,0.30857205390930176
2008-07-30,0.4383934736251831
2008-07-31,0.4233977198600769
2008-08-01,0.21534882485866547
2008-08-02,-0.040533557534217834
2008-08-03,0.2534791827201843
2008-08-04,0.22493457794189453
2008-08-05,-0.22632504999637604
2008-08-06,0.2973070442676544
2008-08-07,0.28821051120758057
2008-08-08,0.36314037442207336
2008-08-09,0.018527448177337646
2008-08-10,0.3721503019332886
2008-08-11,0.4836672246456146
2008-08-12,0.3980240225791931
2008-08-13,-0.06154428422451019
2008-08-14,0.45308080315589905
2008-08-15,0.39823204278945923
2008-08-16,0.6460675597190857
2008-08-17,0.1307877153158188
2008-08-18,0.17474371194839478
2008-08-19,0.13025681674480438
2008-08-20,0.403989315032959
2008-08-21,0.5488494634628296
2008-08-22,0.5413347482681274
2008-08-24,0.11540721356868744
2008-08-25,0.1922094225883484
2008-08-26,-0.01539926789700985
2008-08-27,-0.004863355774432421
2008-08-28,0.09625272452831268
2008-08-29,0.15488773584365845
2008-08-30,-0.12847653031349182
2008-08-31,0.17091035842895508
2008-09-01,0.5055810213088989
2008-09-02,0.4265671670436859
2008-09-03,-0.004227808676660061
2008-09-04,-0.26371678709983826
2008-09-05,-0.245088130235672
2008-09-06,0.32136988639831543
2008-09-07,0.23821799457073212
2008-09-08,0.5601851344108582
2008-09-09,0.029007630422711372
2008-09-10,-0.08276442438364029
2008-09-11,0.018779344856739044
2008-09-12,0.04297986254096031
2008-09-14,0.16290071606636047
2008-09-15,-0.30676349997520447
2008-09-16,-0.013850594870746136
2008-09-17,0.12375985831022263
2008-09-18,0.08184213191270828
2008-09-19,0.16019287705421448
2008-09-20,0.24114222824573517
2008-09-21,0.02961147390305996
2008-09-22,0.10289766639471054
2008-09-23,0.07311718910932541
2008-09-24,0.008290916681289673
2008-09-25,0.20100316405296326
2008-09-26,-0.007317823823541403
2008-09-27,0.1372818946838379
2008-09-29,-0.2917536199092865
2008-09-30,0.1566905975341797
2008-10-01,-0.1040913313627243
2008-10-02,-0.19983544945716858
2008-10-03,0.09169579297304153
2008-10-04,0.5789287686347961
2008-10-05,-0.4270607829093933
2008-10-06,0.2982155680656433
2008-10-07,0.09944752603769302
2008-10-08,0.09658664464950562
2008-10-09,0.06819158047437668
2008-10-10,-0.13478043675422668
2008-10-11,-0.049378857016563416
2008-10-12,0.12936675548553467
2008-10-13,-0.12256263196468353
2008-10-14,0.005107594188302755
2008-10-15,-0.013439089059829712
2008-10-16,0.059244100004434586
2008-10-17,0.3328728973865509
2008-10-18,-0.42019420862197876
2008-10-19,-0.5582766532897949
2008-10-20,-0.16172148287296295
2008-10-21,0.0583888441324234
2008-10-22,0.024823328480124474
2008-10-23,0.023398149758577347
2008-10-24,0.024086326360702515
2008-10-25,0.07889482378959656
2008-10-26,0.6807960867881775
2008-10-27,-0.11489907652139664
2008-10-28,-0.05626176670193672
2008-10-29,0.3489461839199066
2008-10-30,0.21303893625736237
2008-10-31,0.6167862415313721
2008-11-01,0.23019099235534668
2008-11-02,0.2708102762699127
2008-11-03,0.17982839047908783
2008-11-04,-0.5098708868026733
2008-11-05,-0.3861176073551178
2008-11-06,-0.2584446668624878
2008-11-07,-0.31682655215263367
2008-11-08,-0.09574709087610245
2008-11-09,0.07524821907281876
2008-11-10,-0.011729196645319462
2008-11-11,-0.0737876147031784
2008-11-12,-0.19140316545963287
2008-11-13,-0.28711241483688354
2008-11-14,0.2751961052417755
2008-11-15,0.15362556278705597
2008-11-16,-0.00306701404042542
2008-11-17,0.1801602989435196
2008-11-18,0.1434815376996994
2008-11-19,0.18441353738307953
2008-11-20,0.1414448320865631
2008-11-21,-0.16370569169521332
2008-11-22,-0.37111252546310425
2008-11-23,-0.21473252773284912
2008-11-24,0.6127970218658447
2008-11-25,0.3110123872756958
2008-11-26,0.05878615379333496
2008-11-27,-0.3288736939430237
2008-11-28,-0.1238890066742897
2008-11-29,-0.5048229694366455
2008-11-30,0.3274100720882416
2008-12-01,0.3289145827293396
2008-12-02,-0.2510373592376709
2008-12-03,0.23188678920269012
2008-12-04,-0.001573413610458374
2008-12-05,0.32408884167671204
2008-12-06,0.16380344331264496
2008-12-07,-0.07041312754154205
2008-12-08,-0.0979461818933487
2008-12-09,-0.02160438895225525
2008-12-10,0.22339753806591034
2008-12-11,-0.015131126157939434
2008-12-12,0.05761284381151199
2008-12-13,0.03400256112217903
2008-12-14,0.20959728956222534
2008-12-15,0.07027578353881836
2008-12-16,-0.05913536623120308
2008-12-17,-0.007094582077115774
2008-12-18,0.01963629014790058
2008-12-19,-0.06420287489891052
2008-12-20,0.045201629400253296
2008-12-21,0.051331352442502975
2008-12-22,-0.16014941036701202
2008-12-23,-0.11139990389347076
2008-12-24,0.23391442000865936
2008-12-25,0.07254382222890854
2008-12-26,0.10378798842430115
2008-12-27,0.3045404255390167
2008-12-28,-0.10454855114221573
2008-12-29,-0.07243747264146805
2008-12-30,-0.14656272530555725
2008-12-31,-0.28389835357666016
2009-01-01,-0.20521660149097443
2009-01-02,0.13537725806236267
2009-01-03,0.1872740238904953
2009-01-04,-0.04250304773449898
2009-01-05,0.2041727751493454
2009-01-06,0.11175431311130524
2009-01-07,0.07642632722854614
2009-01-08,-0.207377091050148
2009-01-09,-0.0867161899805069
2009-01-10,0.13504713773727417
2009-01-11,0.1211375817656517
2009-01-12,-0.2695939838886261
2009-01-13,-0.09393833577632904
2009-01-14,-0.010135992430150509
2009-01-15,-0.1004200428724289
2009-01-16,-0.16400423645973206
2009-01-17,-0.5821644067764282
2009-01-18,-0.6609820127487183
2009-01-19,0.1593768149614334
2009-01-20,0.10187026858329773
2009-01-21,0.2504107654094696
2009-01-22,-0.07556195557117462
2009-01-23,0.12104641646146774
2009-01-24,-0.39396214485168457
2009-01-25,0.6641857624053955
2009-01-26,-0.25059226155281067
2009-01-27,-0.20265622437000275
2009-01-28,0.2070508450269699
2009-01-29,0.17461080849170685
2009-01-30,-0.0012847924372181296
2009-01-31,0.022245729342103004
2009-02-01,0.28357186913490295
2009-02-02,-0.026490839198231697
2009-02-03,0.47080203890800476
2009-02-04,0.12218015640974045
2009-02-05,-0.1173010915517807
2009-02-06,-0.12967875599861145
2009-02-07,0.6205529570579529
2009-02-08,0.38019314408302307
2009-02-09,0.09443475306034088
2009-02-10,-0.11017142981290817
2009-02-11,0.11898437142372131
2009-02-12,0.13023753464221954
2009-02-13,0.040617935359478
2009-02-14,-0.09794497489929199
2009-02-15,-0.24648988246917725
2009-02-16,0.21160708367824554
2009-02-17,-0.4287246763706207
2009-02-18,-0.07701713591814041
2009-02-19,0.040749624371528625
2009-02-20,-0.15081407129764557
2009-02-21,-0.18171630799770355
2009-02-22,-0.45541998744010925
2009-02-23,0.13427703082561493
2009-02-24,0.6746569871902466
2009-02-25,-0.1563878059387207
2009-02-26,-0.1383710354566574
2009-02-27,0.13674023747444153
2009-02-28,-0.6113563179969788
2009-03-01,-0.29891619086265564
2009-03-02,-0.23539315164089203
2009-03-03,0.25519314408302307
2009-03-04,-0.017231060191988945
2009-03-05,-0.1397845447063446
2009-03-06,-0.13497617840766907
2009-03-07,-0.35760605335235596
2009-03-08,0.10325875878334045
2009-03-09,0.1987818479537964
2009-03-10,0.1830698400735855
2009-03-11,0.2708061933517456
2009-03-12,-0.05739946663379669
2009-03-13,0.15980912744998932
2009-03-14,-0.319154292345047
2009-03-15,-0.02289104461669922
2009-03-16,-0.1041254773736
2009-03-17,-0.1940024495124817
2009-03-18,0.19324353337287903
2009-03-19,0.20799045264720917
2009-03-20,0.17407003045082092
2009-03-21,-0.8656473159790039
2009-03-22,0.039709366858005524
2009-03-23,0.18713805079460144
2009-03-24,0.22433653473854065
2009-03-25,-0.3047570586204529
2009-03-26,0.4724870026111603
2009-03-27,-0.08411961793899536
2009-03-28,-0.16025687754154205
2009-03-29,-0.2196289598941803
2009-03-30,0.3693212866783142
2009-03-31,0.042044900357723236
2009-04-01,-0.27633291482925415
2009-04-02,-0.1992916315793991
2009-04-03,-0.17795835435390472
2009-04-04,-0.5476375818252563
2009-04-05,-0.30397987365722656
2009-04-06,0.15725819766521454
2009-04-07,0.16329455375671387
2009-04-08,0.2766813635826111
2009-04-09,-0.2807811200618744
2009-04-10,0.2054687887430191
2009-04-11,0.33596906065940857
2009-04-12,0.04324111342430115
2009-04-13,0.24772043526172638
2009-04-14,0.0345342755317688
2009-04-15,0.1590125411748886
2009-04-16,0.37373408675193787
2009-04-17,-0.41837939620018005
2009-04-18,-0.04707770422101021
2009-04-19,0.3040715754032135
2009-04-20,-0.47490623593330383
2009-04-21,-0.07235607504844666
2009-04-22,0.13532046973705292
2009-04-23,0.08683231472969055
2009-04-24,0.19681452214717865
2009-04-25,0.35779809951782227
2009-04-26,0.11903764307498932
2009-04-27,0.04571168124675751
2009-04-28,-0.04997297748923302
2009-04-29,0.10379163175821304
2009-04-30,-0.12664255499839783
2009-05-01,0.15876680612564087
2009-05-02,0.6117833852767944
2009-05-03,-0.13784225285053253
2009-05-04,0.4771135747432709
2009-05-05,-0.05937168374657631
2009-05-06,0.3763347864151001
2009-05-07,0.041981205344200134
2009-05-08,0.11041303724050522
2009-05-09,-0.043292101472616196
2009-05-10,0.16109804809093475
2009-05-11,0.22735171020030975
2009-05-12,0.045613013207912445
2009-05-13,-0.12705618143081665
2009-05-14,0.11139398068189621
2009-05-15,-0.19588345289230347
2009-05-16,0.1020214632153511
2009-05-17,-0.004142165184020996
2009-05-18,-0.2678065598011017
2009-05-19,0.44819632172584534
2009-05-20,0.3726663589477539
2009-05-21,0.3617512583732605
2009-05-22,0.05571986362338066
2009-05-23,0.18740110099315643
2009-05-24,0.25013941526412964
2009-05-25,-0.08463038504123688
2009-05-26,0.5097576975822449
2009-05-27,0.0684790313243866
2009-05-28,0.23360610008239746
2009-05-29,0.08692962676286697
2009-05-30,0.1925032138824463
2009-05-31,0.4736293852329254
2009-06-01,0.4270246624946594
2009-06-02,0.47465014457702637
2009-06-03,0.19002600014209747
2009-06-04,0.07404804974794388
2009-06-05,0.010822036303579807
2009-06-07,0.6333067417144775
2009-06-08,0.2093782275915146
2009-06-09,0.3143703043460846
2009-06-10,0.28262725472450256
2009-06-11,0.013129794038832188
2009-06-12,-0.10655573010444641
2009-06-13,-0.3078317642211914
2009-06-14,0.12013223022222519
2009-06-15,0.2891288995742798
2009-06-16,0.11882258206605911
2009-06-17,0.303731769323349
2009-06-18,0.07595963031053543
2009-06-19,0.05270937830209732
2009-06-20,0.42080485820770264
2009-06-21,0.2844052314758301
2009-06-22,0.7349658012390137
2009-06-23,0.07862275838851929
2009-06-24,0.22233642637729645
2009-06-25,0.0996004268527031
2009-06-26,0.28885748982429504
2009-06-27,0.17345769703388214
2009-06-28,-0.9414733052253723
2009-06-29,-0.11707889288663864
2009-06-30,-0.17110726237297058
2009-07-01,0.47833168506622314
2009-07-02,0.3175528645515442
2009-07-03,0.17069905996322632
2009-07-04,-0.314126193523407
2009-07-05,0.7483893036842346
2009-07-06,0.44148311018943787
2009-07-07,0.30328160524368286
2009-07-08,0.18354879319667816
2009-07-09,0.19964273273944855
2009-07-10,0.04215268790721893
2009-07-11,0.4848118722438812
2009-07-12,-0.00663516903296113
2009-07-13,-0.09350348263978958
2009-07-14,0.3161776065826416
2009-07-15,0.6011357307434082
2009-07-16,0.37167975306510925
2009-07-17,0.03424391150474548
2009-07-18,0.6169069409370422
2009-07-19,0.9217333197593689
2009-07-20,0.22922620177268982
2009-07-21,-0.10952797532081604
2009-07-22,0.24989625811576843
2009-07-23,0.19093209505081177
2009-07-24,0.30514010787010193
2009-07-25,-0.3249771296977997
2009-07-26,0.520313560962677
2009-07-27,0.38665685057640076
2009-07-28,0.266663521528244
2009-07-29,0.4697878658771515
2009-07-30,0.11590810120105743
2009-07-31,0.3445671498775482
2009-08-01,0.5105742812156677
2009-08-02,-0.3969615399837494
2009-08-03,0.49411076307296753
2009-08-04,-0.18533775210380554
2009-08-05,0.1008966788649559
2009-08-06,-0.010821565054357052
2009-08-07,-0.10098681598901749
2009-08-08,0.031237080693244934
2009-08-09,0.16236096620559692
2009-08-10,0.2648769021034241
2009-08-11,0.06385648995637894
2009-08-12,0.14006657898426056
2009-08-13,0.0030252039432525635
2009-08-14,0.06928849220275879
2009-08-15,0.3117157220840454
2009-08-16,0.7878516316413879
2009-08-17,0.05783833563327789
2009-08-18,0.2000102549791336
2009-08-19,0.10279695689678192
2009-08-20,0.34084105491638184
2009-08-21,0.04299110546708107
2009-08-22,-0.15011176466941833
2009-08-23,0.3572695851325989
2009-08-24,0.16178350150585175
2009-08-25,0.37174221873283386
2009-08-26,0.26052772998809814
2009-08-27,0.27778899669647217
2009-08-28,0.07167155295610428
2009-08-29,-0.35355573892593384
2009-08-30,-0.019907593727111816
2009-08-31,0.5404461026191711
2009-09-01,0.1541905701160431
2009-09-02,0.1878252774477005
2009-09-03,0.29078036546707153
2009-09-04,0.19123318791389465
2009-09-05,0.2322421818971634
2009-09-06,-0.3942519724369049
2009-09-07,0.21369177103042603
2009-09-08,0.27946192026138306
2009-09-09,-0.11197961866855621
2009-09-10,-0.045324813574552536
2009-09-11,0.07131901383399963
2009-09-12,0.1430954486131668
2009-09-13,-0.8112881183624268
2009-09-14,0.2558712065219879
2009-09-15,0.43980690836906433
2009-09-16,0.2010890543460846
2009-09-17,0.31203606724739075
2009-09-18,0.1972942054271698
2009-09-19,0.6187912225723267
2009-09-20,-0.05240228772163391
2009-09-21,0.0918148085474968
2009-09-22,0.28907105326652527
2009-09-23,0.09646865725517273
2009-09-24,-0.016502132639288902
2009-09-25,0.1446724534034729
2009-09-26,-0.1592337191104889
2009-09-27,-0.02614809200167656
2009-09-28,0.10854041576385498
2009-09-29,-0.032790280878543854
2009-09-30,0.21066825091838837
2009-10-01,0.07856739312410355
2009-10-02,0.289090633392334
2009-10-03,-0.06727198511362076
2009-10-04,0.8118625283241272
2009-10-05,0.30751916766166687
2009-10-06,-0.05358219891786575
2009-10-07,0.029618816450238228
2009-10-08,0.2225392907857895
2009-10-09,0.2709020972251892
2009-10-10,0.7471470236778259
2009-10-11,0.232742577791214
2009-10-12,0.28666380047798157
2009-10-13,0.3375123143196106
2009-10-14,0.205818772315979
2009-10-15,0.22124086320400238
2009-10-16,0.05377679690718651
2009-10-17,0.4674525856971741
2009-10-18,0.9315693974494934
2009-10-19,0.29443657398223877
2009-10-20,0.18052127957344055
2009-10-21,0.0013919919729232788
2009-10-22,0.23871712386608124
2009-10-23,0.06978529691696167
2009-10-24,0.8369113802909851
2009-10-25,-0.9686636924743652
2009-10-26,0.09482505172491074
2009-10-27,0.180728480219841
2009-10-28,0.4232943654060364
2009-10-29,0.28110241889953613
2009-10-30,0.2603045105934143
2009-10-31,0.9167594909667969
2009-11-01,0.32902541756629944
2009-11-02,0.43129560351371765
2009-11-03,0.2018713802099228
2009-11-04,0.49601176381111145
2009-11-05,0.17779327929019928
2009-11-06,0.1855802834033966
2009-11-07,0.177506685256958
2009-11-08,-0.08139941096305847
2009-11-09,0.04134202003479004
2009-11-10,0.17858126759529114
2009-11-11,0.19609902799129486
2009-11-12,-0.015556368976831436
2009-11-13,-0.013828393071889877
2009-11-14,0.5857322216033936
2009-11-15,-0.28497326374053955
2009-11-16,0.26125040650367737
2009-11-17,0.30833303928375244
2009-11-18,0.10940182209014893
2009-11-19,0.4906326234340668
2009-11-20,0.48934632539749146
2009-11-21,0.1231265440583229
2009-11-22,0.12462843954563141
2009-11-23,-0.13346749544143677
2009-11-24,0.3261799216270447
2009-11-25,0.27527064085006714
2009-11-26,0.3553417921066284
2009-11-27,0.02785305492579937
2009-11-28,-0.10132323950529099
2009-11-29,0.1322045922279358
2009-11-30,0.021508464589715004
2009-12-01,0.09813851118087769
2009-12-02,0.21287469565868378
2009-12-03,0.45034682750701904
2009-12-04,0.20744271576404572
2009-12-05,-0.2794747054576874
2009-12-06,0.13709867000579834
2009-12-07,-0.05695950984954834
2009-12-08,0.19509974122047424
2009-12-09,-0.010409774258732796
2009-12-10,0.17679822444915771
2009-12-11,0.3297308087348938
2009-12-12,-0.3643333911895752
2009-12-13,0.4218418598175049
2009-12-14,0.3465021848678589
2009-12-15,0.12618263065814972
2009-12-16,0.0654488056898117
2009-12-17,0.451506644487381
2009-12-18,-0.034148458391427994
2009-12-19,0.45472973585128784
2009-12-21,0.35013899207115173
2009-12-22,0.2876723110675812
2009-12-23,0.5264154672622681
2009-12-24,0.28279057145118713
2009-12-25,0.10538984835147858
2009-12-26,0.7277730703353882
2009-12-27,0.09915927052497864
2009-12-28,0.19954927265644073
2009-12-29,0.2644576132297516
2009-12-30,0.18353140354156494
2009-12-31,0.582374095916748
2010-01-01,0.18456634879112244
2010-01-02,-0.042952656745910645
2010-01-03,0.8374462127685547
2010-01-04,0.209602490067482
2010-01-05,-0.3498089015483856
2010-01-06,0.3814466893672943
2010-01-07,0.20923839509487152
2010-01-08,0.28589972853660583
2010-01-09,0.33383655548095703
2010-01-10,0.25223225355148315
2010-01-11,0.12380950897932053
2010-01-12,0.2370765656232834
2010-01-13,0.09669091552495956
2010-01-14,0.39753103256225586
2010-01-15,0.637421727180481
2010-01-16,0.19289910793304443
2010-01-17,0.5932662487030029
2010-01-18,0.43393170833587646
2010-01-19,0.24614164233207703
2010-01-20,-0.10859906673431396
2010-01-21,0.3289819061756134
2010-01-22,0.18355664610862732
2010-01-23,-0.06577983498573303
2010-01-24,-0.15634305775165558
2010-01-25,-0.5262337923049927
2010-01-26,0.5994473695755005
2010-01-27,0.45850828289985657
2010-01-28,0.07317379862070084
2010-01-29,0.013101909309625626
2010-01-30,-0.11060286313295364
2010-01-31,0.21659143269062042
2010-02-01,0.2539973258972168
2010-02-02,0.07740771025419235
2010-02-03,0.062444645911455154
2010-02-04,0.25144943594932556
2010-02-05,0.06133795902132988
2010-02-06,-0.10763484239578247
2010-02-07,0.026727009564638138
2010-02-08,0.2172660082578659
2010-02-09,0.30935952067375183
2010-02-10,0.30489563941955566
2010-02-11,0.20536567270755768
2010-02-12,-0.23773185908794403
2010-02-13,0.15364143252372742
2010-02-14,0.3778446316719055
2010-02-15,0.046537138521671295
2010-02-16,-0.08155828714370728
2010-02-17,0.09858502447605133
2010-02-18,0.25517481565475464
2010-02-19,0.298499196767807
2010-02-20,-0.06977023184299469
2010-02-21,0.2167867124080658
2010-02-22,0.3893340528011322
2010-02-23,-0.09844136238098145
2010-02-24,0.04994514584541321
2010-02-25,0.2615806758403778
2010-02-26,0.04349074885249138
2010-02-27,0.2909163236618042
2010-02-28,-0.07163219153881073
2010-03-01,-0.06106182932853699
2010-03-02,0.17620256543159485
2010-03-03,0.018232299014925957
2010-03-04,0.08074057847261429
2010-03-05,0.28620320558547974
2010-03-06,-0.7034118175506592
2010-03-07,0.4626370370388031
2010-03-08,-0.40291666984558105
2010-03-09,0.10777253657579422
2010-03-10,0.09256117790937424
2010-03-11,0.34242358803749084
2010-03-12,0.2067594677209854
2010-03-13,-0.003009634790942073
2010-03-14,-0.058073580265045166
2010-03-15,0.22202953696250916
2010-03-16,0.04039398208260536
2010-03-17,0.5192902684211731
2010-03-18,0.1531544327735901
2010-03-19,0.2714533507823944
2010-03-20,0.07335035502910614
2010-03-21,0.2209514081478119
2010-03-22,0.2959046959877014
2010-03-23,0.14845477044582367
2010-03-24,0.14036589860916138
2010-03-25,0.3886527419090271
2010-03-26,0.1396327018737793
2010-03-27,0.32442474365234375
2010-03-28,-0.025408366695046425
2010-03-29,0.45297005772590637
2010-03-30,0.2134869247674942
2010-03-31,0.42109671235084534
2010-04-01,0.31614187359809875
2010-04-02,0.11079596728086472
2010-04-03,0.2894303798675537
2010-04-04,-0.11370211839675903
2010-04-05,-0.03113887645304203
2010-04-06,0.328237384557724
2010-04-07,0.1411231905221939
2010-04-08,0.49105095863342285
2010-04-09,0.34470903873443604
2010-04-10,-0.09532319754362106
2010-04-11,0.05905865132808685
2010-04-12,0.42824798822402954
2010-04-13,-0.18645499646663666
2010-04-14,-0.11372149735689163
2010-04-15,0.14374490082263947
2010-04-16,0.3094339668750763
2010-04-17,0.1829286366701126
2010-04-18,0.773365318775177
2010-04-19,-0.07014291733503342
2010-04-20,0.21143043041229248
2010-04-21,0.4109354317188263
2010-04-22,0.32185837626457214
2010-04-23,0.34902042150497437
2010-04-24,0.5254663228988647
2010-04-25,0.258109986782074
2010-04-26,0.610783040523529
2010-04-27,0.42383140325546265
2010-04-28,0.1376529335975647
2010-04-29,0.24805758893489838
2010-04-30,0.5309584736824036
2010-05-01,0.7601767778396606
2010-05-02,0.26244816184043884
2010-05-03,0.27748584747314453
2010-05-04,0.3004922568798065
2010-05-05,0.27909213304519653
2010-05-06,0.13636964559555054
2010-05-07,0.0718454048037529
2010-05-08,0.12993179261684418
2010-05-09,0.7525813579559326
2010-05-10,0.34131115674972534
2010-05-11,-0.4026893675327301
2010-05-12,0.21560834348201752
2010-05-13,0.18295973539352417
2010-05-14,0.0730409249663353
2010-05-15,-0.13466544449329376
2010-05-16,0.7429434061050415
2010-05-17,0.34629544615745544
2010-05-18,0.07196318358182907
2010-05-19,0.42316821217536926
2010-05-20,-0.033962368965148926
2010-05-21,0.017517058178782463
2010-05-22,0.18913346529006958
2010-05-23,-0.06515998393297195
2010-05-24,0.1674787849187851
2010-05-25,0.43957701325416565
2010-05-26,0.3303092122077942
2010-05-27,0.37632280588150024
2010-05-28,0.28709256649017334
2010-05-29,0.12990500032901764
2010-05-30,0.39588260650634766
2010-05-31,-0.0009458263521082699
2010-06-01,0.04816244915127754
2010-06-02,-0.16261988878250122
2010-06-03,0.0435367152094841
2010-06-04,-0.058175455778837204
2010-06-05,0.20420068502426147
2010-06-06,0.2242693454027176
2010-06-07,0.3002496659755707
2010-06-08,0.1259395182132721
2010-06-09,0.2628161311149597
2010-06-10,0.34265613555908203
2010-06-11,0.328312486410141
2010-06-12,0.0064471266232430935
2010-06-13,0.3427172899246216
2010-06-14,0.16467563807964325
2010-06-15,-0.0558016300201416
2010-06-16,0.15867361426353455
2010-06-17,0.43098342418670654
2010-06-18,-0.03031098283827305
2010-06-19,-0.07008048892021179
2010-06-20,-0.022855957970023155
2010-06-21,0.02280365861952305
2010-06-22,0.00509999692440033
2010-06-23,0.26343971490859985
2010-06-24,0.18606270849704742
2010-06-25,0.4014032185077667
2010-06-26,0.5482614040374756
2010-06-27,0.33951690793037415
2010-06-28,-0.17288459837436676
2010-06-29,0.17510367929935455
2010-06-30,0.007732048165053129
2010-07-01,0.35898542404174805
2010-07-02,0.21532368659973145
2010-07-03,0.42231982946395874
2010-07-04,-0.02096344716846943
2010-07-05,0.3136666417121887
2010-07-06,0.15526600182056427
2010-07-07,0.2044016271829605
2010-07-08,0.3283759355545044
2010-07-09,0.27930983901023865
2010-07-10,0.05515182018280029
2010-07-11,0.23141293227672577
2010-07-12,-0.23929601907730103
2010-07-13,0.2833591103553772
2010-07-14,-0.016798481345176697
2010-07-15,0.3012993335723877
2010-07-16,0.2400267869234085
2010-07-17,0.15839721262454987
2010-07-18,-0.044273655861616135
2010-07-19,-0.00266001233831048
2010-07-20,0.20554836094379425
2010-07-21,0.21556682884693146
2010-07-22,0.49139195680618286
2010-07-23,0.602867603302002
2010-07-24,0.6191552877426147
2010-07-25,0.2844056189060211
2010-07-26,0.36022236943244934
2010-07-27,0.4334094524383545
2010-07-28,0.2862200438976288
2010-07-29,0.7113814949989319
2010-07-30,0.3193010687828064
2010-07-31,0.2192808836698532
2010-08-01,0.31079015135765076
2010-08-02,0.12710365653038025
2010-08-03,0.1914547085762024
2010-08-04,0.3189254403114319
2010-08-05,0.04873066022992134
2010-08-06,0.28856411576271057
2010-08-07,0.34496983885765076
2010-08-08,0.5150107145309448
2010-08-09,0.2546055316925049
2010-08-10,0.14377272129058838
2010-08-11,0.2854647636413574
2010-08-12,0.31174224615097046
2010-08-13,0.3833482563495636
2010-08-14,0.04828502610325813
2010-08-15,0.006270414683967829
2010-08-16,0.3606387972831726
2010-08-17,0.336294949054718
2010-08-18,0.16755686700344086
2010-08-19,0.243760347366333
2010-08-20,-0.009071066975593567
2010-08-21,-0.23824772238731384
2010-08-22,0.6030596494674683
2010-08-23,0.4531196653842926
2010-08-24,0.24424420297145844
2010-08-25,0.19215624034404755
2010-08-26,0.0620594248175621
2010-08-27,0.1100676879286766
2010-08-28,0.18077799677848816
2010-08-29,0.5347385406494141
2010-08-30,-0.13375818729400635
2010-08-31,0.16050337255001068
2010-09-01,0.29487618803977966
2010-09-02,0.08395370095968246
2010-09-03,-0.09958851337432861
2010-09-04,0.3874273896217346
2010-09-05,-0.08710984140634537
2010-09-06,0.16033534705638885
2010-09-07,0.09974626451730728
2010-09-08,0.3056897819042206
2010-09-09,0.3631335496902466
2010-09-10,0.134454607963562
2010-09-11,-0.42364493012428284
2010-09-12,0.040519364178180695
2010-09-13,0.3011479675769806
2010-09-14,0.14741061627864838
2010-09-15,-0.23166760802268982
2010-09-16,0.49847593903541565
2010-09-17,0.3013124465942383
2010-09-18,0.5160156488418579
2010-09-19,-0.2925318479537964
2010-09-20,0.3071017861366272
2010-09-21,0.2072552740573883
2010-09-22,-0.06351575255393982
2010-09-23,-0.19997841119766235
2010-09-24,0.026458708569407463
2010-09-25,0.3775041699409485
2010-09-26,0.23477572202682495
2010-09-27,0.14396841824054718
2010-09-28,0.2299521267414093
2010-09-29,0.4398477375507355
2010-09-30,0.27313554286956787
2010-10-01,0.3556915521621704
2010-10-02,0.660118818283081
2010-10-03,-0.476836621761322
2010-10-04,0.0955156609416008
2010-10-05,0.17292141914367676
2010-10-06,0.2153967320919037
2010-10-07,0.3597858250141144
2010-10-08,0.15374022722244263
2010-10-09,-0.14199012517929077
2010-10-10,0.3690852224826813
2010-10-11,0.31133145093917847
2010-10-12,0.1612125039100647
2010-10-13,0.43906381726264954
2010-10-14,0.10034367442131042
2010-10-15,0.19221824407577515
2010-10-16,0.02393336407840252
2010-10-17,0.023200415074825287
2010-10-18,0.41515812277793884
2010-10-19,0.04749631881713867
2010-10-20,0.2507277727127075
2010-10-21,0.33645451068878174
2010-10-22,0.4142025411128998
2010-10-23,0.44007301330566406
2010-10-24,-0.04108376055955887
2010-10-25,0.021432766690850258
2010-10-26,0.23313173651695251
2010-10-27,-0.062441546469926834
2010-10-28,0.07296504080295563
2010-10-29,0.2838396430015564
2010-10-30,0.2487630844116211
2010-10-31,0.18265800178050995
2010-11-01,0.45725446939468384
2010-11-02,0.24575939774513245
2010-11-03,0.4592207372188568
2010-11-04,0.25514504313468933
2010-11-05,-0.13233701884746552
2010-11-07,0.1061902865767479
2010-11-08,0.15865658223628998
2010-11-09,0.05750872194766998
2010-11-10,0.40046432614326477
2010-11-11,0.5163992643356323
2010-11-12,0.35017266869544983
2010-11-13,0.17837291955947876
2010-11-14,-0.008359412662684917
2010-11-15,-0.11675869673490524
2010-11-16,0.15757498145103455
2010-11-17,-0.5127689838409424
2010-11-18,0.22602857649326324
2010-11-19,-0.13497014343738556
2010-11-20,0.11584072560071945
2010-11-21,0.28308263421058655
2010-11-22,-0.03603684902191162
2010-11-23,0.020044654607772827
2010-11-24,0.13200315833091736
2010-11-25,-0.023059522733092308
2010-11-26,0.1323598325252533
2010-11-27,0.18536074459552765
2010-11-28,-0.4370298683643341
2010-11-29,-0.19771365821361542
2010-11-30,0.1413935124874115
2010-12-01,-0.11259383708238602
2010-12-02,-0.16627146303653717
2010-12-03,0.16352960467338562
2010-12-04,0.3164580762386322
2010-12-05,0.7604438662528992
2010-12-06,0.2819838225841522
2010-12-07,0.3088032901287079
2010-12-08,0.1373940110206604
2010-12-09,0.18567155301570892
2010-12-10,0.18032298982143402
2010-12-11,0.6761653423309326
2010-12-12,0.00818719994276762
2010-12-13,0.0987478494644165
2010-12-14,0.5332236289978027
2010-12-15,0.227504163980484
2010-12-16,0.19162827730178833
2010-12-17,0.034812476485967636
2010-12-18,0.18064075708389282
2010-12-19,0.5126907229423523
2010-12-20,0.32440996170043945
2010-12-21,-0.39393970370292664
2010-12-22,0.18683411180973053
2010-12-23,0.16124305129051208
2010-12-24,-0.17533479630947113
2010-12-25,0.8834128975868225
2010-12-26,-0.4087400436401367
2010-12-27,0.8164957761764526
2010-12-28,0.12462559342384338
2010-12-29,0.13369496166706085
2010-12-30,0.3665601313114166
2010-12-31,-0.0644921138882637
2011-01-01,-0.04377835988998413
2011-01-02,0.19239191710948944
2011-01-03,-0.15779423713684082
2011-01-04,0.06369981914758682
2011-01-05,-0.06643826514482498
2011-01-06,-0.032136619091033936
2011-01-07,0.03880462050437927
2011-01-08,-0.021682649850845337
2011-01-09,-0.13067853450775146
2011-01-10,0.16369953751564026
2011-01-11,0.30075210332870483
2011-01-12,0.024378886446356773
2011-01-13,0.3657538592815399
2011-01-14,0.08545111119747162
2011-01-15,0.11891214549541473
2011-01-16,-0.05279064178466797
2011-01-17,0.9303184747695923
2011-01-18,-0.0769619420170784
2011-01-19,0.12725110352039337
2011-01-20,-0.03820929303765297
2011-01-21,0.2482270747423172
2011-01-22,0.788382887840271
2011-01-23,0.18707112967967987
2011-01-24,0.3457072377204895
2011-01-25,0.3492606580257416
2011-01-26,-0.16247862577438354
2011-01-27,0.32147300243377686
2011-01-28,0.2642507255077362
2011-01-29,-0.11672576516866684
2011-01-30,0.6761347055435181
2011-01-31,0.25211840867996216
2011-02-01,0.26833054423332214
2011-02-02,0.21855159103870392
2011-02-03,0.26223790645599365
2011-02-04,0.08436506986618042
2011-02-05,-0.020625580102205276
2011-02-06,-0.18993742763996124
2011-02-07,-0.028448671102523804
2011-02-08,0.10622944682836533
2011-02-09,0.39868223667144775
2011-02-10,0.2647203803062439
2011-02-11,0.15009263157844543
2011-02-12,0.2636002004146576
2011-02-13,-0.21483497321605682
2011-02-14,-0.25976359844207764
2011-02-15,0.24296608567237854
2011-02-16,0.16229096055030823
2011-02-17,0.32745420932769775
2011-02-18,0.39459705352783203
2011-02-19,0.12886883318424225
2011-02-20,0.35557371377944946
2011-02-21,0.38375040888786316
2011-02-22,0.10486800223588943
2011-02-23,0.44341301918029785
2011-02-24,0.292744517326355
2011-02-25,0.42614445090293884
2011-02-26,0.7300724983215332
2011-02-27,0.40817877650260925
2011-02-28,0.24890056252479553
2011-03-01,0.3251948058605194
2011-03-02,0.4085386097431183
2011-03-03,0.30681464076042175
2011-03-04,0.3651512563228607
2011-03-05,-0.1417558491230011
2011-03-06,0.21017654240131378
2011-03-07,0.836306631565094
2011-03-08,0.020077478140592575
2011-03-09,0.03454362973570824
2011-03-10,0.15186770260334015
2011-03-11,0.06959157437086105
2011-03-12,-0.1266017109155655
2011-03-13,0.39897021651268005
2011-03-14,-0.175931915640831
2011-03-15,0.23859579861164093
2011-03-16,0.056140393018722534
2011-03-17,0.1611676961183548
2011-03-18,0.5868316292762756
2011-03-19,0.8107640147209167
2011-03-20,0.9233424663543701
2011-03-21,0.033060356974601746
2011-03-22,0.33801817893981934
2011-03-23,0.13150301575660706
2011-03-24,0.2546810507774353
2011-03-25,-0.06725873053073883
2011-03-26,0.31619495153427124
2011-03-27,-0.033456891775131226
2011-03-28,0.1297447681427002
2011-03-29,0.05802224576473236
2011-03-30,-0.3306927978992462
2011-03-31,-0.07921210676431656
2011-04-01,0.1300632655620575
2011-04-02,0.29362449049949646
2011-04-03,-0.9523369073867798
2011-04-04,-0.027460472658276558
2011-04-05,-0.1642756313085556
2011-04-06,-0.156775563955307
2011-04-07,0.39841827750205994
2011-04-08,0.16104143857955933
2011-04-09,-0.03796839341521263
2011-04-10,-0.09289851039648056
2011-04-11,0.21813929080963135
2011-04-12,-0.06839178502559662
2011-04-13,0.02911113016307354
2011-04-14,0.23749244213104248
2011-04-15,-0.05904645845293999
2011-04-16,0.45608529448509216
2011-04-17,0.8365934491157532
2011-04-18,0.21735577285289764
2011-04-19,-0.004926478024572134
2011-04-20,0.5215855836868286
2011-04-21,0.1730940043926239
2011-04-22,0.1411096602678299
2011-04-23,0.4138411283493042
2011-04-24,0.5622700452804565
2011-04-25,0.4352995455265045
2011-04-26,0.4367845058441162
2011-04-27,0.15037859976291656
2011-04-28,0.24975556135177612
2011-04-29,0.3491370379924774
2011-04-30,0.10273486375808716
2011-05-01,0.40396079421043396
2011-05-02,0.26114264130592346
2011-05-03,0.28789690136909485
2011-05-04,0.09375230967998505
2011-05-05,0.4362572431564331
2011-05-06,0.28926336765289307
2011-05-07,-0.07497335225343704
2011-05-08,-0.28946566581726074
2011-05-09,0.41692018508911133
2011-05-10,0.0861763283610344
2011-05-11,0.22279202938079834
2011-05-12,0.33979567885398865
2011-05-13,0.3558681309223175
2011-05-14,0.9124346375465393
2011-05-15,-0.9662267565727234
2011-05-16,0.20274142920970917
2011-05-17,-0.11351844668388367
2011-05-18,0.02726985514163971
2011-05-19,0.09531361609697342
2011-05-20,0.3473799228668213
2011-05-21,0.46909621357917786
2011-05-22,-0.10229451209306717
2011-05-23,0.12659837305545807
2011-05-24,0.1081402450799942
2011-05-25,0.12657015025615692
2011-05-26,0.28976133465766907
2011-05-27,0.14332236349582672
2011-05-28,-0.06183090806007385
2011-05-29,0.30584022402763367
2011-05-30,0.39161932468414307
2011-05-31,-0.018132641911506653
2011-06-01,0.2801421284675598
2011-06-02,0.16154511272907257
2011-06-03,0.246673583984375
2011-06-04,-0.38259953260421753
2011-06-05,0.17268946766853333
2011-06-06,0.12811635434627533
2011-06-07,-0.028042355552315712
2011-06-08,0.07874651253223419
2011-06-09,0.06409627944231033
2011-06-10,0.1864199936389923
2011-06-11,0.1831110268831253
2011-06-12,-0.9095854759216309
2011-06-13,0.3220824897289276
2011-06-14,0.05177990719676018
2011-06-15,-0.0966736450791359
2011-06-16,0.11252811551094055
2011-06-17,0.08572766184806824
2011-06-18,0.10595951974391937
2011-06-19,0.3480098843574524
2011-06-20,0.2531481385231018
2011-06-21,0.03199925646185875
2011-06-22,0.11805830895900726
2011-06-23,0.16907604038715363
2011-06-24,-0.04545997828245163
2011-06-25,0.07428887486457825
2011-06-26,-0.07712765038013458
2011-06-27,0.32589682936668396
2011-06-28,0.08054613322019577
2011-06-29,-0.2147015631198883
2011-06-30,0.2150077223777771
2011-07-01,0.16324961185455322
2011-07-02,0.7162037491798401
2011-07-03,0.12396784871816635
2011-07-04,0.1150149255990982
2011-07-05,0.19649498164653778
2011-07-06,0.34147611260414124
2011-07-07,0.24499647319316864
2011-07-08,0.04477411508560181
2011-07-09,0.14330683648586273
2011-07-10,0.6778673529624939
2011-07-11,0.6730664968490601
2011-07-12,0.30723366141319275
2011-07-13,0.17570169270038605
2011-07-14,0.28478720784187317
2011-07-15,0.38963016867637634
2011-07-16,0.1949663907289505
2011-07-17,0.6583232879638672
2011-07-18,-0.1573428511619568
2011-07-19,-0.036748867481946945
2011-07-20,0.1438141018152237
2011-07-21,0.21001777052879333
2011-07-22,0.3946537673473358
2011-07-23,0.16767935454845428
2011-07-24,-0.03446084260940552
2011-07-25,0.49294567108154297
2011-07-26,0.01725189946591854
2011-07-27,0.3115990459918976
2011-07-28,-0.10171128064393997
2011-07-29,0.2614297568798065
2011-07-30,0.48769184947013855
2011-07-31,0.39090514183044434
2011-08-01,0.11573288589715958
2011-08-02,-0.1483369916677475
2011-08-03,0.25253257155418396
2011-08-04,0.17611661553382874
2011-08-05,0.18164290487766266
2011-08-06,0.05902792885899544
2011-08-07,0.13773496448993683
2011-08-08,-0.08186649531126022
2011-08-09,-0.20056895911693573
2011-08-10,0.05176727473735809
2011-08-11,0.17777690291404724
2011-08-12,0.10439825803041458
2011-08-13,-0.2902809679508209
2011-08-14,-0.11117240786552429
2011-08-15,-0.44488704204559326
2011-08-16,0.49914056062698364
2011-08-17,0.02430551126599312
2011-08-18,0.09524127095937729
2011-08-19,-0.11609268933534622
2011-08-20,-0.4340358376502991
2011-08-21,0.12387646734714508
2011-08-22,0.25808092951774597
2011-08-23,0.06629210710525513
2011-08-24,0.017476415261626244
2011-08-25,-0.04614902287721634
2011-08-26,0.17492488026618958
2011-08-27,0.21148769557476044
2011-08-28,-0.3019627034664154
2011-08-29,0.254762202501297
2011-08-30,0.0351221077144146
2011-08-31,0.021607762202620506
2011-09-01,-0.03959839418530464
2011-09-02,0.3409963548183441
2011-09-03,0.3019791841506958
2011-09-04,0.13107089698314667
2011-09-05,0.18516524136066437
2011-09-06,0.02185271494090557
2011-09-07,-0.16682378947734833
2011-09-08,0.03744322434067726
2011-09-09,-0.4590354561805725
2011-09-10,-0.19035205245018005
2011-09-11,0.4405564069747925
2011-09-12,0.018623391166329384
2011-09-13,0.039482057094573975
2011-09-14,-0.09228293597698212
2011-09-15,0.23629747331142426
2011-09-16,0.12760169804096222
2011-09-17,-0.8582504987716675
2011-09-18,0.4025106132030487
2011-09-19,0.3080895245075226
2011-09-20,-0.017471518367528915
2011-09-21,-0.05354016274213791
2011-09-22,0.14599105715751648
2011-09-23,0.237171933054924
2011-09-24,0.4407680630683899
2011-09-25,-0.521176278591156
2011-09-26,0.023331131786108017
2011-09-27,-0.08248487114906311
2011-09-28,0.052472200244665146
2011-09-29,-0.07807772606611252
2011-09-30,0.19187608361244202
2011-10-01,-0.3285565674304962
2011-10-02,0.2748529016971588
2011-10-03,-0.16871705651283264
2011-10-04,-0.024115469306707382
2011-10-05,-0.26585325598716736
2011-10-06,0.19575296342372894
2011-10-07,-0.24565039575099945
2011-10-08,-0.2758936583995819
2011-10-09,-0.05014345794916153
2011-10-10,-0.18968015909194946
2011-10-11,0.03436095640063286
2011-10-12,-0.34932905435562134
2011-10-13,0.00737600727006793
2011-10-14,0.13946467638015747
2011-10-15,0.16744498908519745
2011-10-16,0.1467386782169342
2011-10-17,0.0733134001493454
2011-10-18,0.4690444767475128
2011-10-19,0.12440089136362076
2011-10-20,0.11992096155881882
2011-10-21,0.1830759048461914
2011-10-22,0.21498531103134155
2011-10-23,0.024394501000642776
2011-10-24,-0.00823679007589817
2011-10-25,-0.12496821582317352
2011-10-26,0.09621748328208923
2011-10-27,0.10050863027572632
2011-10-28,0.19353339076042175
2011-10-29,0.5155205130577087
2011-10-30,0.9142442345619202
2011-10-31,0.15415947139263153
2011-11-01,-0.09228014200925827
2011-11-02,-0.09963469952344894
2011-11-03,0.2621714174747467
2011-11-04,0.3430708348751068
2011-11-05,-0.08518669754266739
2011-11-06,0.009633941575884819
2011-11-07,0.06838008761405945
2011-11-08,-0.044738348573446274
2011-11-09,0.09188371151685715
2011-11-10,0.16867084801197052
2011-11-11,0.059305958449840546
2011-11-12,-0.608383059501648
2011-11-13,-0.27605879306793213
2011-11-14,0.3387201130390167
2011-11-15,0.06946391612291336
2011-11-16,-0.02549176663160324
2011-11-17,0.1072872206568718
2011-11-18,-0.2808056175708771
2011-11-19,0.2022358626127243
2011-11-20,0.2710890769958496
2011-11-21,-0.6108411550521851
2011-11-22,0.24651658535003662
2011-11-23,-0.05491429194808006
2011-11-24,0.06279107928276062
2011-11-25,-0.09921371191740036
2011-11-26,-0.799159049987793
2011-11-28,-0.08251895755529404
2011-11-29,0.05179053172469139
2011-11-30,-0.0180314090102911
2011-12-01,-0.03014376200735569
2011-12-02,0.10028170794248581
2011-12-03,-0.18936941027641296
2011-12-04,0.018145134672522545
2011-12-05,0.2744963467121124
2011-12-06,-0.16844266653060913
2011-12-07,0.1123279482126236
2011-12-08,0.21157917380332947
2011-12-09,-0.16885621845722198
2011-12-10,0.27203282713890076
2011-12-11,-0.31422707438468933
2011-12-12,-0.22856247425079346
2011-12-13,-7.982655370142311e-05
2011-12-14,-0.00904152262955904
2011-12-15,-0.07346136122941971
2011-12-16,-0.023249423131346703
2011-12-17,0.15409618616104126
2011-12-18,-0.9567983746528625
2011-12-19,0.07627218961715698
2011-12-20,0.07095459848642349
2011-12-21,0.05629913508892059
2011-12-22,0.00544572900980711
2011-12-23,-0.10418909043073654
2011-12-24,0.1060614362359047
2011-12-25,-0.10262522101402283
2011-12-26,0.06828604638576508
2011-12-27,-0.0447542741894722
2011-12-28,0.1519623100757599
2011-12-29,0.181692972779274
2011-12-30,0.3350610136985779
2011-12-31,-0.041511405259370804
2012-01-02,0.8858983516693115
2012-01-03,0.03042502887547016
2012-01-04,-0.0028320334386080503
2012-01-05,0.014555053785443306
2012-01-06,-0.03568493574857712
2012-01-07,0.06340382993221283
2012-01-08,0.034500107169151306
2012-01-09,-0.2329755574464798
2012-01-10,-0.06378649175167084
2012-01-11,0.042480308562517166
2012-01-12,0.08014722913503647
2012-01-13,0.1032814085483551
2012-01-14,0.12114030867815018
2012-01-15,-0.28812259435653687
2012-01-16,0.12349295616149902
2012-01-17,0.17558680474758148
2012-01-18,0.2476242333650589
2012-01-19,0.07075980305671692
2012-01-20,0.3725314438343048
2012-01-21,0.5310609340667725
2012-01-22,0.5829875469207764
2012-01-23,-0.29785290360450745
2012-01-24,-0.17720454931259155
2012-01-25,0.14045648276805878
2012-01-26,-0.009917015209794044
2012-01-27,0.39390677213668823
2012-01-28,-0.024780916050076485
2012-01-29,-0.016208022832870483
2012-01-30,0.004507547710090876
2012-01-31,0.2551581561565399
2012-02-01,0.035426314920186996
2012-02-02,0.11870451271533966
2012-02-03,0.15203829109668732
2012-02-04,-0.09959489852190018
2012-02-05,0.09431898593902588
2012-02-06,0.0613616406917572
2012-02-07,-0.26674985885620117
2012-02-08,0.1389073133468628
2012-02-09,-0.17464527487754822
2012-02-10,-0.3618755340576172
2012-02-11,0.13723859190940857
2012-02-12,-0.9558460116386414
2012-02-13,0.12882140278816223
2012-02-14,0.11982006579637527
2012-02-15,0.09188093990087509
2012-02-16,-0.3066464960575104
2012-02-17,-0.30614590644836426
2012-02-18,0.09541120380163193
2012-02-19,0.04870179295539856
2012-02-20,0.5943031311035156
2012-02-21,0.22842463850975037
2012-02-22,0.102962926030159
2012-02-23,-0.00828980840742588
2012-02-24,-0.31550705432891846
2012-02-25,0.28520727157592773
2012-02-26,0.39157137274742126
2012-02-27,0.38122957944869995
2012-02-28,0.013916967436671257
2012-02-29,0.14084884524345398
2012-03-01,-0.09620945900678635
2012-03-02,0.1796996295452118
2012-03-03,-0.08790390193462372
2012-03-04,-0.015574485063552856
2012-03-05,0.21908296644687653
2012-03-06,-0.1675197333097458
2012-03-07,0.21848344802856445
2012-03-08,-0.11261489242315292
2012-03-09,-0.35315564274787903
2012-03-10,0.001791884540580213
2012-03-11,0.2536854147911072
2012-03-12,-0.9503710865974426
2012-03-13,0.07991370558738708
2012-03-14,-0.04070230573415756
2012-03-15,-0.3895775079727173
2012-03-16,0.21373514831066132
2012-03-17,0.2088216096162796
2012-03-18,0.3001313805580139
2012-03-19,0.4198266565799713
2012-03-20,0.18424919247627258
2012-03-21,0.20363560318946838
2012-03-22,-0.03300383687019348
2012-03-23,-0.1591389775276184
2012-03-24,-0.24354159832000732
2012-03-25,0.15176129341125488
2012-03-26,0.6366605758666992
2012-03-27,0.10176067054271698
2012-03-28,0.17193248867988586
2012-03-29,0.0916719138622284
2012-03-30,-0.08842127025127411
2012-03-31,0.40027061104774475
2012-04-01,0.8833746910095215
2012-04-02,0.10882426053285599
2012-04-03,0.04179413616657257
2012-04-04,0.007948392070829868
2012-04-05,-0.2437732219696045
2012-04-06,0.17441652715206146
2012-04-07,0.37251055240631104
2012-04-08,-0.21252763271331787
2012-04-09,-0.3408558964729309
2012-04-10,-0.17929083108901978
2012-04-11,0.13651007413864136
2012-04-12,0.04223667085170746
2012-04-13,0.16712555289268494
2012-04-14,-0.3440456986427307
2012-04-15,-0.1969982087612152
2012-04-16,0.16103918850421906
2012-04-17,-0.07313849776983261
2012-04-18,0.022301040589809418
2012-04-19,-0.22863329946994781
2012-04-20,-0.1269265115261078
2012-04-21,-0.2227421998977661
2012-04-22,0.9254405498504639
2012-04-23,-0.2661617696285248
2012-04-24,-0.08423912525177002
2012-04-25,-0.017151063308119774
2012-04-26,0.28546249866485596
2012-04-27,0.30211687088012695
2012-04-28,0.3878374993801117
2012-04-29,0.9240812063217163
2012-04-30,-0.9120098948478699
2012-05-01,-0.05300150439143181
2012-05-02,-0.19512835144996643
2012-05-03,0.1833932250738144
2012-05-04,0.09711043536663055
2012-05-05,0.311862587928772
2012-05-06,0.6309120059013367
2012-05-07,0.23245744407176971
2012-05-08,-0.030110664665699005
2012-05-09,0.12560467422008514
2012-05-10,0.15802130103111267
2012-05-11,-0.03913087397813797
2012-05-12,0.3340584635734558
2012-05-13,-0.025037506595253944
2012-05-14,0.07273431867361069
2012-05-15,-0.37227192521095276
2012-05-16,0.3445245325565338
2012-05-17,-0.46229881048202515
2012-05-18,-0.0980948880314827
2012-05-19,0.0463729202747345
2012-05-20,-0.9339582920074463
2012-05-21,-0.10418038070201874
2012-05-22,-0.0532529391348362
2012-05-23,-0.17233051359653473
2012-05-24,-0.01972566358745098
2012-05-25,-0.13247911632061005
2012-05-26,0.13793638348579407
2012-05-27,0.08808889985084534
2012-05-28,0.4437982439994812
2012-05-29,0.00024381279945373535
2012-05-30,0.08378386497497559
2012-05-31,-0.20363767445087433
2012-06-01,0.061256684362888336
2012-06-02,-0.5229111313819885
2012-06-03,-0.4650293290615082
2012-06-04,-0.14176374673843384
2012-06-05,-0.04276623949408531
2012-06-06,-0.17371705174446106
2012-06-07,-0.09499307721853256
2012-06-08,0.1503067910671234
2012-06-09,0.16291199624538422
2012-06-10,0.9234633445739746
2012-06-11,0.06396186351776123
2012-06-12,-0.42359811067581177
2012-06-13,0.38805580139160156
2012-06-14,-0.04111914709210396
2012-06-15,-0.17061090469360352
2012-06-16,-0.1447972059249878
2012-06-17,-0.1189972460269928
2012-06-18,-0.193306565284729
2012-06-19,0.10394004732370377
2012-06-20,0.278521329164505
2012-06-21,-0.3389812409877777
2012-06-22,-0.24518705904483795
2012-06-23,-0.3206258714199066
2012-06-25,0.20066799223423004
2012-06-26,-0.13343976438045502
2012-06-27,-0.09000261127948761
2012-06-28,-0.05237804725766182
2012-06-29,-0.3739975392818451
2012-06-30,-0.22576916217803955
2012-07-01,0.6577304005622864
2012-07-02,0.1594667285680771
2012-07-03,0.01925436593592167
2012-07-04,0.04828058183193207
2012-07-05,-0.06636247038841248
2012-07-06,-0.34664294123649597
2012-07-07,0.6128002405166626
2012-07-08,0.3240429759025574
2012-07-09,-0.2443503886461258
2012-07-10,0.034417152404785156
2012-07-11,0.29599958658218384
2012-07-12,0.11721454560756683
2012-07-13,-0.09228374809026718
2012-07-14,0.5479532480239868
2012-07-15,-0.08481733500957489
2012-07-16,-0.001475214958190918
2012-07-17,0.11567451059818268
2012-07-18,0.17379944026470184
2012-07-19,0.2227269560098648
2012-07-20,0.32687535881996155
2012-07-21,-0.028666004538536072
2012-07-22,0.9301512241363525
2012-07-23,-0.10563766956329346
2012-07-24,-0.008769437670707703
2012-07-25,-0.16945376992225647
2012-07-26,0.3844620883464813
2012-07-27,0.2328096479177475
2012-07-28,-0.1910964846611023
2012-07-29,0.0632694736123085
2012-07-30,0.026699701324105263
2012-07-31,-0.09109633415937424
2012-08-01,0.09768717736005783
2012-08-02,0.029169905930757523
2012-08-03,-0.1771923452615738
2012-08-04,0.30641841888427734
2012-08-05,-0.2213163822889328
2012-08-06,0.25043100118637085
2012-08-07,-0.05183202773332596
2012-08-08,0.1895512342453003
2012-08-09,-0.08873613178730011
2012-08-10,-0.4969103932380676
2012-08-11,0.055240679532289505
2012-08-12,0.11164075136184692
2012-08-13,0.03699783608317375
2012-08-14,-0.08463169634342194
2012-08-15,0.35234421491622925
2012-08-16,0.328050434589386
2012-08-17,-0.12058471888303757
2012-08-18,0.3802820146083832
2012-08-19,0.5168068408966064
2012-08-20,0.09579116106033325
2012-08-21,-0.011027965694665909
2012-08-22,-0.17404410243034363
2012-08-23,-0.21904627978801727
2012-08-24,-0.18247336149215698
2012-08-25,-0.03943172097206116
2012-08-26,0.12009354680776596
2012-08-27,-0.17113234102725983
2012-08-28,-0.056791581213474274
2012-08-29,-0.32929104566574097
2012-08-30,0.14725087583065033
2012-08-31,-0.30816805362701416
2012-09-01,0.04114200174808502
2012-09-02,0.28549668192863464
2012-09-03,0.2634190320968628
2012-09-04,0.02725183218717575
2012-09-05,0.18942493200302124
2012-09-06,0.17802152037620544
2012-09-07,-0.017597436904907227
2012-09-08,0.20608073472976685
2012-09-09,-0.2890098989009857
2012-09-10,0.0364861935377121
2012-09-11,0.15807484090328217
2012-09-12,0.032641831785440445
2012-09-13,-0.12798695266246796
2012-09-14,-0.2347768396139145
2012-09-15,0.17569220066070557
2012-09-16,0.616690456867218
2012-09-17,-0.2676144242286682
2012-09-18,0.009639461524784565
2012-09-19,-0.10811198502779007
2012-09-20,0.15424774587154388
2012-09-21,-0.11797036230564117
2012-09-22,-0.3565130829811096
2012-09-23,-0.21368801593780518
2012-09-24,0.18538063764572144
2012-09-25,-0.18979738652706146
2012-09-26,0.04077007621526718
2012-09-27,0.05390387773513794
2012-09-28,0.08842220902442932
2012-09-29,-0.4796838164329529
2012-09-30,-0.21271194517612457
2012-10-01,0.2154659926891327
2012-10-02,-0.17631563544273376
2012-10-03,0.16355536878108978
2012-10-04,0.07323256134986877
2012-10-05,0.12483791261911392
2012-10-06,-0.32363012433052063
2012-10-07,0.4886501729488373
2012-10-08,0.37508076429367065
2012-10-09,0.0930478572845459
2012-10-10,-0.19680356979370117
2012-10-11,0.11060713231563568
2012-10-12,0.1925024837255478
2012-10-13,0.7537634968757629
2012-10-14,0.8620313405990601
2012-10-15,0.16867423057556152
2012-10-16,-0.13011853396892548
2012-10-17,-0.05281218886375427
2012-10-18,-0.13768823444843292
2012-10-19,0.09193117171525955
2012-10-20,0.18190860748291016
2012-10-21,0.884652316570282
2012-10-22,-0.16433587670326233
2012-10-23,0.5310273766517639
2012-10-24,0.30322664976119995
2012-10-25,0.24993447959423065
2012-10-26,0.09190510958433151
2012-10-27,-0.045618340373039246
2012-10-28,-0.1811181753873825
2012-10-29,-0.8493419289588928
2012-10-30,-0.18730394542217255
2012-10-31,0.1948907971382141
2012-11-01,-0.005630224943161011
2012-11-02,-0.07405813038349152
2012-11-03,-0.03456239774823189
2012-11-04,-0.9687418937683105
2012-11-05,0.14647816121578217
2012-11-06,-0.18679356575012207
2012-11-07,0.051803089678287506
2012-11-08,0.26578888297080994
2012-11-09,-0.021412337198853493
2012-11-10,0.04625573381781578
2012-11-11,-0.05250455066561699
2012-11-12,0.11758550256490707
2012-11-13,0.16925473511219025
2012-11-14,0.03413189575076103
2012-11-15,-0.060741908848285675
2012-11-16,-0.13041092455387115
2012-11-17,0.3269360661506653
2012-11-18,-0.45384663343429565
2012-11-19,-0.3179573118686676
2012-11-20,0.06688396632671356
2012-11-21,0.00692360196262598
2012-11-22,0.03471231833100319
2012-11-23,0.12142911553382874
2012-11-24,0.10288479179143906
2012-11-25,-0.23191417753696442
2012-11-26,0.04987286403775215
2012-11-27,-0.09324329346418381
2012-11-28,0.12442388385534286
2012-11-29,0.0686444565653801
2012-11-30,-0.04374511539936066
2012-12-01,0.16559842228889465
2012-12-02,0.643903374671936
2012-12-03,-0.11219785362482071
2012-12-04,-0.2715398371219635
2012-12-05,0.06567308306694031
2012-12-06,0.26215851306915283
2012-12-07,-0.20249398052692413
2012-12-08,-0.4420306086540222
2012-12-09,0.10578906536102295
2012-12-10,0.42229485511779785
2012-12-11,0.1806398332118988
2012-12-12,0.2134939581155777
2012-12-13,-0.09947197884321213
2012-12-14,-0.05956979840993881
2012-12-15,0.0832967683672905
2012-12-16,0.262981653213501
2012-12-17,0.1219574436545372
2012-12-18,-0.0021432607900351286
2012-12-19,0.15702328085899353
2012-12-20,0.08759302645921707
2012-12-21,-0.18824730813503265
2012-12-22,-0.015925416722893715
2012-12-24,0.5952499508857727
2012-12-25,-0.26451602578163147
2012-12-26,0.2432750165462494
2012-12-27,0.09873048961162567
2012-12-28,-0.10684902220964432
2012-12-29,-0.10021157562732697
2012-12-30,-0.24868369102478027
2012-12-31,0.26408785581588745
2013-01-01,0.18997924029827118
2013-01-02,0.04779166355729103
2013-01-03,0.006148252636194229
2013-01-04,0.07699200510978699
2013-01-05,0.21285781264305115
2013-01-06,-0.44568490982055664
2013-01-07,0.26594001054763794
2013-01-08,0.08904969692230225
2013-01-09,0.040065012872219086
2013-01-10,0.31088653206825256
2013-01-11,0.04804893210530281
2013-01-13,0.45155099034309387
2013-01-14,-0.384680837392807
2013-01-15,0.16549165546894073
2013-01-16,0.012675518169999123
2013-01-17,-0.013639281503856182
2013-01-18,0.4040037989616394
2013-01-19,0.45765984058380127
2013-01-20,0.06688610464334488
2013-01-21,0.26224079728126526
2013-01-22,0.15783749520778656
2013-01-23,0.2091638743877411
2013-01-24,0.26544854044914246
2013-01-25,-0.06558547168970108
2013-01-26,-0.012670823372900486
2013-01-27,-0.8731527328491211
2013-01-28,0.4319303333759308
2013-01-29,-0.05158132687211037
2013-01-30,-0.13833491504192352
2013-01-31,0.26477280259132385
2013-02-01,0.09222040325403214
2013-02-02,0.00537244463339448
2013-02-03,-0.5294405221939087
2013-02-04,-0.011564134620130062
2013-02-05,-0.2231346219778061
2013-02-06,0.06346014887094498
2013-02-07,-0.33557233214378357
2013-02-08,-0.16721883416175842
2013-02-09,0.13865654170513153
2013-02-10,0.5696008801460266
2013-02-11,-0.46557316184043884
2013-02-12,-0.11466401815414429
2013-02-13,-0.08774608373641968
2013-02-14,0.2511002719402313
2013-02-15,0.00691160699352622
2013-02-16,0.19114813208580017
2013-02-17,0.5749235153198242
2013-02-18,0.3537878394126892
2013-02-19,0.20330359041690826
2013-02-20,-0.10780073702335358
2013-02-21,0.13142594695091248
2013-02-22,0.17799590528011322
2013-02-23,0.15596364438533783
2013-02-24,0.324775755405426
2013-02-25,-0.012180835008621216
2013-02-26,0.06287385523319244
2013-02-27,0.36310896277427673
2013-02-28,-0.007992908358573914
2013-03-01,0.3503807485103607
2013-03-02,-0.02755393460392952
2013-03-03,0.37960389256477356
2013-03-04,-0.16265058517456055
2013-03-05,0.1417761594057083
2013-03-06,0.0034467773512005806
2013-03-07,0.11928746849298477
2013-03-08,0.06551920622587204
2013-03-09,0.19276367127895355
2013-03-10,0.39680930972099304
2013-03-11,0.004954934120178223
2013-03-12,0.20172424614429474
2013-03-13,-0.04551836475729942
2013-03-14,-0.062236882746219635
2013-03-15,-0.001925793243572116
2013-03-16,0.1401728242635727
2013-03-17,0.11187820136547089
2013-03-18,-0.05986573547124863
2013-03-19,-0.0718773901462555
2013-03-20,0.0014282396296039224
2013-03-21,0.08757685124874115
2013-03-22,-0.24129097163677216
2013-03-23,-0.03952302038669586
2013-03-24,-0.0006088912487030029
2013-03-25,0.1764986217021942
2013-03-26,0.4415261447429657
2013-03-27,0.12153208255767822
2013-03-28,0.0650516003370285
2013-03-29,-0.002477208850905299
2013-03-30,-0.029584139585494995
2013-03-31,0.36621397733688354
2013-04-01,-0.033813413232564926
2013-04-02,0.16481737792491913
2013-04-03,0.03200146555900574
2013-04-04,0.10653825104236603
2013-04-05,0.22027677297592163
2013-04-06,-0.1062866598367691
2013-04-07,0.3347540497779846
2013-04-08,-0.1812915951013565
2013-04-09,-0.060056861490011215
2013-04-10,-0.16103094816207886
2013-04-11,0.2313711941242218
2013-04-12,-0.1125507727265358
2013-04-13,0.055388450622558594
2013-04-14,0.9094352126121521
2013-04-15,0.2121671587228775
2013-04-16,0.13755469024181366
2013-04-17,-0.1242743507027626
2013-04-18,0.11168431490659714
2013-04-19,-0.1972852349281311
2013-04-20,0.18011260032653809
2013-04-21,-0.09097924828529358
2013-04-22,0.13464802503585815
2013-04-23,-0.20591166615486145
2013-04-24,0.3031057119369507
2013-04-25,0.2574723958969116
2013-04-26,-0.01587710902094841
2013-04-27,0.6197158098220825
2013-04-28,0.2935061454772949
2013-04-29,0.6785007119178772
2013-04-30,-0.0695289745926857
2013-05-01,0.10012876987457275
2013-05-02,0.158236563205719
2013-05-03,-0.4625712037086487
2013-05-04,0.48559433221817017
2013-05-05,0.07076450437307358
2013-05-06,0.1438107043504715
2013-05-07,0.019155364483594894
2013-05-08,-0.3269343078136444
2013-05-09,-0.0953168198466301
2013-05-10,-0.09001839905977249
2013-05-11,0.05043422058224678
2013-05-12,0.7403493523597717
2013-05-13,-0.2981691360473633
2013-05-14,-0.07572529464960098
2013-05-15,-0.43941807746887207
2013-05-16,0.004396567586809397
2013-05-17,-0.18115851283073425
2013-05-18,-0.11664822697639465
2013-05-19,-0.9616308808326721
2013-05-20,0.3343212604522705
2013-05-21,0.531449019908905
2013-05-22,0.029485775157809258
2013-05-23,-0.16817981004714966
2013-05-24,0.11197511106729507
2013-05-25,0.023152615875005722
2013-05-26,0.06591057777404785
2013-05-27,-0.23286865651607513
2013-05-28,0.20957741141319275
2013-05-29,-0.014952253550291061
2013-05-30,0.013796399347484112
2013-05-31,-0.18748807907104492
2013-06-01,-0.03501139208674431
2013-06-02,-0.09067191928625107
2013-06-03,0.1281290203332901
2013-06-04,0.03913530707359314
2013-06-05,-0.09082099795341492
2013-06-06,-0.055964574217796326
2013-06-07,-0.017402149736881256
2013-06-08,-0.13841813802719116
2013-06-09,0.009555039927363396
2013-06-10,-0.5459219217300415
2013-06-11,0.11202119290828705
2013-06-12,0.22840431332588196
2013-06-13,0.11539368331432343
2013-06-14,-0.02816045843064785
2013-06-15,0.5821406841278076
2013-06-16,0.3866979777812958
2013-06-17,-0.038631096482276917
2013-06-18,-0.08138813823461533
2013-06-19,0.12181548029184341
2013-06-20,0.013778305612504482
2013-06-21,-0.2267720103263855
2013-06-22,-0.03587668761610985
2013-06-23,-0.019665569067001343
2013-06-24,0.13679876923561096
2013-06-25,0.2523520886898041
2013-06-26,-0.003094765590503812
2013-06-27,0.036325689405202866
2013-06-28,-0.011490138247609138
2013-06-29,-0.2499946504831314
2013-06-30,0.7882509231567383
2013-07-01,0.12174755334854126
2013-07-02,0.13985933363437653
2013-07-03,-0.1365019828081131
2013-07-04,-0.06884893029928207
2013-07-05,0.06800157576799393
2013-07-06,-0.06056661903858185
2013-07-07,0.36122238636016846
2013-07-08,-0.4470366835594177
2013-07-09,0.012612845748662949
2013-07-10,0.1663099229335785
2013-07-11,-0.14028558135032654
2013-07-12,0.08371927589178085
2013-07-13,0.9201345443725586
2013-07-14,-0.11174404621124268
2013-07-15,0.07089777290821075
2013-07-16,-0.0557154081761837
2013-07-17,0.1508408486843109
2013-07-18,0.22901107370853424
2013-07-19,-0.4223547577857971
2013-07-20,0.32881563901901245
2013-07-21,0.47471755743026733
2013-07-22,-0.5173060894012451
2013-07-23,0.10550231486558914
2013-07-24,0.12511736154556274
2013-07-25,-0.0038834144361317158
2013-07-26,0.09629392623901367
2013-07-27,0.4040161967277527
2013-07-28,0.09802412986755371
2013-07-29,0.23778440058231354
2013-07-30,-0.17534379661083221
2013-07-31,0.20146317780017853
2013-08-01,0.22409503161907196
2013-08-02,0.3878900706768036
2013-08-03,-0.8181390166282654
2013-08-04,0.16995501518249512
2013-08-05,-0.10084211826324463
2013-08-06,0.12035594135522842
2013-08-07,0.21534666419029236
2013-08-08,0.03678744658827782
2013-08-09,-0.20681077241897583
2013-08-10,0.5100128650665283
2013-08-11,0.9070765972137451
2013-08-12,-0.2671498656272888
2013-08-13,-0.1592281311750412
2013-08-14,-0.21426987648010254
2013-08-15,0.15464554727077484
2013-08-16,-0.17000345885753632
2013-08-17,-0.22171351313591003
2013-08-18,0.13783058524131775
2013-08-19,0.29044997692108154
2013-08-20,0.2537786066532135
2013-08-21,0.06831341981887817
2013-08-22,0.03477124497294426
2013-08-23,0.20642924308776855
2013-08-24,0.11627396196126938
2013-08-25,0.08236268907785416
2013-08-26,0.1554744690656662
2013-08-27,-0.49654531478881836
2013-08-28,-0.0074450550600886345
2013-08-29,0.1548783928155899
2013-08-30,-0.07694323360919952
2013-08-31,0.1456262171268463
2013-09-01,0.0421137809753418
2013-09-02,0.12253072112798691
2013-09-03,0.17319707572460175
2013-09-04,0.13903959095478058
2013-09-05,0.06391807645559311
2013-09-06,0.32023194432258606
2013-09-07,-0.08459999412298203
2013-09-08,0.08610270172357559
2013-09-09,0.018237221986055374
2013-09-10,0.4047720432281494
2013-09-11,-0.3878757059574127
2013-09-12,0.16582375764846802
2013-09-13,0.05058848112821579
2013-09-14,0.24430227279663086
2013-09-15,-0.5428473949432373
2013-09-16,0.09246935695409775
2013-09-17,-0.02063348889350891
2013-09-18,0.1772240698337555
2013-09-19,0.3239248991012573
2013-09-20,0.2636120021343231
2013-09-21,-0.02843494527041912
2013-09-22,0.6100594997406006
2013-09-23,-0.17413346469402313
2013-09-24,0.2730766832828522
2013-09-25,0.1516907811164856
2013-09-26,0.07453761994838715
2013-09-27,0.11851827800273895
2013-09-28,-0.13691027462482452
2013-09-29,0.28281161189079285
2013-09-30,0.2397436499595642
2013-10-01,-0.21010078489780426
2013-10-02,0.09720244258642197
2013-10-03,0.2638440728187561
2013-10-04,-0.00903703086078167
2013-10-05,0.12295633554458618
2013-10-06,-0.3048674464225769
2013-10-07,0.08258994668722153
2013-10-08,-0.1470412015914917
2013-10-09,0.10671787708997726
2013-10-10,0.0059640733525156975
2013-10-11,-0.09401573985815048
2013-10-12,-0.1895119696855545
2013-10-13,0.5174407958984375
2013-10-14,0.1917545348405838
2013-10-15,0.2364622950553894
2013-10-16,0.14516237378120422
2013-10-17,-0.18867596983909607
2013-10-18,0.24528683722019196
2013-10-19,0.10340992361307144
2013-10-21,0.500359833240509
2013-10-22,-0.028538871556520462
2013-10-23,0.22420480847358704
2013-10-24,0.04781576618552208
2013-10-25,0.13614414632320404
2013-10-26,0.1992092728614807
2013-10-27,0.5790347456932068
2013-10-28,0.25777778029441833
2013-10-29,0.19494326412677765
2013-10-30,0.15991874039173126
2013-10-31,0.06561639159917831
2013-11-01,0.14502766728401184
2013-11-02,0.49138420820236206
2013-11-04,0.29504311084747314
2013-11-05,0.033731527626514435
2013-11-06,0.22954139113426208
2013-11-07,0.17122043669223785
2013-11-08,-0.10184317082166672
2013-11-09,-0.1527634561061859
2013-11-10,0.4225892126560211
2013-11-11,0.34455350041389465
2013-11-12,0.08496978133916855
2013-11-13,-0.12535783648490906
2013-11-14,0.12998925149440765
2013-11-15,-0.027953578159213066
2013-11-16,0.08613389730453491
2013-11-17,0.6401019096374512
2013-11-18,0.1777413934469223
2013-11-19,-0.24734926223754883
2013-11-20,0.16081224381923676
2013-11-21,0.1289607733488083
2013-11-22,0.12512019276618958
2013-11-23,-0.0023247122298926115
2013-11-24,-0.4858579635620117
2013-11-25,0.0942479595541954
2013-11-26,0.007858761586248875
2013-11-27,-0.005061731208115816
2013-11-28,0.19217531383037567
2013-11-29,0.14320485293865204
2013-11-30,-0.06262163072824478
2013-12-01,0.2799875736236572
2013-12-02,0.5196249485015869
2013-12-03,0.07904838025569916
2013-12-04,-0.03753986209630966
2013-12-05,0.2606560289859772
2013-12-06,-0.3483324348926544
2013-12-07,0.058102887123823166
2013-12-08,0.6979331970214844
2013-12-09,0.1933128535747528
2013-12-10,-0.09980306774377823
2013-12-11,-0.19138315320014954
2013-12-12,-0.03806230053305626
2013-12-13,0.21715159714221954
2013-12-14,0.17071372270584106
2013-12-15,-0.41753843426704407
2013-12-16,-0.19174110889434814
2013-12-17,-0.17051388323307037
2013-12-18,-0.1687513142824173
2013-12-19,0.06401976943016052
2013-12-20,0.0287131667137146
2013-12-21,-0.030760426074266434
2013-12-22,-0.9294048547744751
2013-12-23,0.02285892143845558
2013-12-24,0.013617399148643017
2013-12-25,0.11040792614221573
2013-12-26,0.13536064326763153
2013-12-27,-0.10655049234628677
2013-12-28,0.32025983929634094
2013-12-29,0.24064016342163086
2013-12-30,0.004411742091178894
2013-12-31,0.18568280339241028
2014-01-01,0.24136216938495636
2014-01-02,-0.06528754532337189
2014-01-03,0.08460546284914017
2014-01-04,0.325454443693161
2014-01-05,-0.9537274241447449
2014-01-06,-0.31328386068344116
2014-01-07,0.23186884820461273
2014-01-08,0.17062324285507202
2014-01-09,0.04958155006170273
2014-01-10,0.0929175466299057
2014-01-11,0.1481620818376541
2014-01-12,-0.43740594387054443
2014-01-13,-0.2555566132068634
2014-01-14,-0.18560409545898438
2014-01-15,0.06593818217515945
2014-01-16,0.030602766200900078
2014-01-17,0.022250263020396233
2014-01-18,-0.191555455327034
2014-01-19,0.07490932196378708
2014-01-20,-0.181669682264328
2014-01-21,0.18910759687423706
2014-01-22,0.17260746657848358
2014-01-23,0.05368499457836151
2014-01-24,-0.11993997544050217
2014-01-25,0.1553686112165451
2014-01-26,0.15206031501293182
2014-01-27,0.44962137937545776
2014-01-28,-0.016289833933115005
2014-01-29,0.27128520607948303
2014-01-30,0.0723874568939209
2014-01-31,-0.03587998077273369
2014-02-01,0.2759222984313965
2014-02-02,-0.1374005526304245
2014-02-03,0.0031613558530807495
2014-02-04,-0.13734407722949982
2014-02-05,0.08309956640005112
2014-02-06,-0.15410643815994263
2014-02-07,0.15567907691001892
2014-02-08,0.12472474575042725
2014-02-09,-0.06478334963321686
2014-02-10,-0.348887175321579
2014-02-11,-0.3975990414619446
2014-02-12,0.12541596591472626
2014-02-13,0.14661042392253876
2014-02-14,-0.003231518901884556
2014-02-15,-0.40606018900871277
2014-02-16,-0.06026986241340637
2014-02-17,-0.1777220517396927
2014-02-18,0.16737432777881622
2014-02-19,0.274617463350296
2014-02-20,0.04512355104088783
2014-02-21,-0.38605841994285583
2014-02-22,-0.19918887317180634
2014-02-23,0.40608924627304077
2014-02-24,-0.44112128019332886
2014-02-25,0.1612630933523178
2014-02-26,0.24164119362831116
2014-02-27,0.007582470774650574
2014-02-28,-0.019475355744361877
2014-03-01,0.35532650351524353
2014-03-02,-0.02420136332511902
2014-03-03,-0.09945277869701385
2014-03-04,-0.04454914107918739
2014-03-05,0.08626079559326172
2014-03-06,0.004600842017680407
2014-03-07,-0.14580494165420532
2014-03-08,0.48710697889328003
2014-03-09,0.30385318398475647
2014-03-10,-0.434516042470932
2014-03-11,0.16128836572170258
2014-03-12,0.4186108410358429
2014-03-13,0.15031595528125763
2014-03-14,-0.02014875039458275
2014-03-15,-0.2156374603509903
2014-03-16,0.5179539918899536
2014-03-17,-0.013920135796070099
2014-03-18,-0.01654287427663803
2014-03-19,0.08004307746887207
2014-03-20,0.1997867226600647
2014-03-21,-0.07377905398607254
2014-03-22,0.21796537935733795
2014-03-23,0.5394818782806396
2014-03-24,-0.19954225420951843
2014-03-25,0.27034255862236023
2014-03-26,0.06549082696437836
2014-03-27,-0.0809629037976265
2014-03-28,0.00025370987714268267
2014-03-29,0.2794734239578247
2014-03-30,-0.6082606315612793
2014-03-31,0.3024818003177643
2014-04-01,0.046973686665296555
2014-04-02,0.11712820082902908
2014-04-03,0.24837693572044373
2014-04-04,0.17357560992240906
2014-04-05,-0.0036688968539237976
2014-04-06,0.4240473508834839
2014-04-07,0.04956673085689545
2014-04-08,-0.1576312780380249
2014-04-09,-0.06248566880822182
2014-04-10,0.07380225509405136
2014-04-11,-0.10116100311279297
2014-04-12,0.2205873727798462
2014-04-13,-0.3305198848247528
2014-04-14,-0.1824471652507782
2014-04-15,0.12227513641119003
2014-04-16,0.1376008838415146
2014-04-17,0.23993507027626038
2014-04-18,0.4470674395561218
2014-04-19,0.37092670798301697
2014-04-20,-0.47419869899749756
2014-04-21,-0.1708333045244217
2014-04-22,-0.1365843117237091
2014-04-23,0.1316753327846527
2014-04-24,0.23383048176765442
2014-04-25,-0.1261080950498581
2014-04-26,0.1577811986207962
2014-04-27,0.09383071213960648
2014-04-28,0.011080101132392883
2014-04-29,0.12782154977321625
2014-04-30,0.06279723346233368
2014-05-01,-0.1862594485282898
2014-05-02,-0.1230282336473465
2014-05-03,0.06513515114784241
2014-05-04,0.7491725087165833
2014-05-05,0.058171678334474564
2014-05-06,0.1165677011013031
2014-05-07,0.14163494110107422
2014-05-08,0.15781180560588837
2014-05-09,-0.00973820686340332
2014-05-10,0.23536044359207153
2014-05-11,0.09276255965232849
2014-05-12,-0.0077255889773368835
2014-05-13,0.5886560082435608
2014-05-14,-0.016285713762044907
2014-05-15,0.2726290225982666
2014-05-16,0.015414251945912838
2014-05-17,0.12642814218997955
2014-05-18,0.9121778607368469
2014-05-19,-0.19086287915706635
2014-05-20,-0.014419117011129856
2014-05-21,0.08949829638004303
2014-05-22,-0.0946388989686966
2014-05-23,-0.20978064835071564
2014-05-24,-0.011175339110195637
2014-05-25,0.1807691603899002
2014-05-26,0.06484317779541016
2014-05-27,0.1191849485039711
2014-05-28,0.1056852862238884
2014-05-29,-0.0685926303267479
2014-05-30,0.012795369140803814
2014-05-31,-0.09597369283437729
2014-06-01,0.26849299669265747
2014-06-02,0.12730899453163147
2014-06-03,0.06804730743169785
2014-06-04,0.26128846406936646
2014-06-05,0.23027674853801727
2014-06-06,-0.017972644418478012
2014-06-07,0.11458894610404968
2014-06-08,0.7890854477882385
2014-06-09,0.027343228459358215
2014-06-10,-0.1158137246966362
2014-06-11,0.05932696536183357
2014-06-12,0.2259141057729721
2014-06-13,0.26961129903793335
2014-06-14,0.06450239568948746
2014-06-15,0.39091169834136963
2014-06-16,0.4461543560028076
2014-06-17,0.06535771489143372
2014-06-18,-0.1548699140548706
2014-06-19,-0.14517717063426971
2014-06-20,0.027741549536585808
2014-06-21,0.3541520833969116
2014-06-23,0.06802896410226822
2014-06-24,0.07841307669878006
2014-06-25,0.249690443277359
2014-06-26,-0.014367553405463696
2014-06-27,0.32838869094848633
2014-06-28,-0.055384308099746704
2014-06-29,-0.13561132550239563
2014-06-30,-0.23639149963855743
2014-07-01,-0.09017430245876312
2014-07-02,0.023180365562438965
2014-07-03,0.19463703036308289
2014-07-04,0.2255401760339737
2014-07-05,0.09111803770065308
2014-07-06,0.45602336525917053
2014-07-07,0.5401419997215271
2014-07-08,-0.02878323197364807
2014-07-09,0.3047976493835449
2014-07-10,0.46127453446388245
2014-07-11,-0.09277163445949554
2014-07-12,0.1822509765625
2014-07-13,0.5185645818710327
2014-07-14,0.27363377809524536
2014-07-15,0.042758576571941376
2014-07-16,0.08399009704589844
2014-07-17,0.06661202013492584
2014-07-18,-0.18302814662456512
2014-07-19,0.06191841512918472
2014-07-20,0.5536263585090637
2014-07-21,0.0017880542436614633
2014-07-22,0.1395925134420395
2014-07-23,0.08833341300487518
2014-07-24,0.2660568058490753
2014-07-25,0.2627647817134857
2014-07-26,-0.0832008644938469
2014-07-27,0.4662034511566162
2014-07-28,-0.3006371259689331
2014-07-29,0.4057123064994812
2014-07-30,0.1415109932422638
2014-07-31,-0.2551766633987427
2014-08-01,-0.16174587607383728
2014-08-02,0.2676796019077301
2014-08-03,0.3636566996574402
2014-08-04,0.09280837327241898
2014-08-05,-0.08602175861597061
2014-08-06,-0.1413574367761612
2014-08-07,0.12045645713806152
2014-08-08,-0.10433128476142883
2014-08-09,0.26736798882484436
2014-08-10,0.37911832332611084
2014-08-11,0.4430139660835266
2014-08-12,0.23376570641994476
2014-08-13,0.34786975383758545
2014-08-14,-0.013544800691306591
2014-08-15,-0.00048682093620300293
2014-08-17,0.1910438984632492
2014-08-18,-0.19787012040615082
2014-08-19,0.14169281721115112
2014-08-20,0.02284211292862892
2014-08-21,0.05973553657531738
2014-08-22,0.08450151979923248
2014-08-23,-0.21131865680217743
2014-08-24,0.16777409613132477
2014-08-25,0.26392048597335815
2014-08-26,-0.08524517714977264
2014-08-27,-0.059482600539922714
2014-08-28,-0.23186026513576508
2014-08-29,0.17189458012580872
2014-08-31,-0.29603803157806396
2014-09-01,-0.03027694672346115
2014-09-02,0.09456327557563782
2014-09-03,-0.047935862094163895
2014-09-04,0.05122137814760208
2014-09-05,-0.02966887503862381
2014-09-06,0.14214254915714264
2014-09-07,0.15722313523292542
2014-09-08,0.3199792802333832
2014-09-09,0.12615174055099487
2014-09-10,-0.1662847250699997
2014-09-11,0.07493956387042999
2014-09-12,0.19071446359157562
2014-09-13,0.535536527633667
2014-09-14,0.040323030203580856
2014-09-15,0.2636396586894989
2014-09-16,0.12880432605743408
2014-09-17,0.04954097419977188
2014-09-18,0.06856445968151093
2014-09-19,-0.10305983573198318
2014-09-20,-0.15712860226631165
2014-09-21,-0.1672399342060089
2014-09-22,-0.01038642693310976
2014-09-23,0.24350979924201965
2014-09-24,0.13642121851444244
2014-09-25,-0.27532726526260376
2014-09-26,-0.028126634657382965
2014-09-27,-0.4347667098045349
2014-09-28,-0.9275537729263306
2014-09-29,-0.20394757390022278
2014-09-30,-0.28826165199279785
2014-10-01,0.15577638149261475
2014-10-02,-0.055686622858047485
2014-10-03,0.48748597502708435
2014-10-04,-0.5157960057258606
2014-10-06,-0.354170560836792
2014-10-07,0.1577214002609253
2014-10-08,0.15829095244407654
2014-10-09,-0.02228250354528427
2014-10-10,-0.04292592778801918
2014-10-11,0.02969479374587536
2014-10-12,-0.0531851090490818
2014-10-13,-0.24451538920402527
2014-10-14,0.06251359730958939
2014-10-15,-0.04301079362630844
2014-10-16,0.3269044756889343
2014-10-17,0.009619603864848614
2014-10-18,0.12157498300075531
2014-10-20,0.154854878783226
2014-10-21,0.30532097816467285
2014-10-22,0.12412470579147339
2014-10-23,0.02443799003958702
2014-10-24,0.07061948627233505
2014-10-25,0.6541675925254822
2014-10-26,-0.3979213535785675
2014-10-27,-0.031498003751039505
2014-10-28,-0.009248144924640656
2014-10-29,-0.08312027901411057
2014-10-30,0.015928348526358604
2014-10-31,0.01812070608139038
2014-11-01,0.1121295914053917
2014-11-02,-0.031115928664803505
2014-11-03,-0.3256478011608124
2014-11-04,0.037196677178144455
2014-11-05,-0.5314547419548035
2014-11-06,0.1509128212928772
2014-11-07,-0.01570727676153183
2014-11-08,0.3286851942539215
2014-11-09,-0.3818607032299042
2014-11-10,-0.22790895402431488
2014-11-11,0.08725590258836746
2014-11-12,-0.0008647963404655457
2014-11-13,-0.11287156492471695
2014-11-14,0.06099922955036163
2014-11-15,0.12159577757120132
2014-11-16,-0.010869493708014488
2014-11-17,0.18474897742271423
2014-11-18,0.09137289226055145
2014-11-19,-0.22131022810935974
2014-11-20,0.06461039185523987
2014-11-21,-0.0013261042768135667
2014-11-22,0.15438559651374817
2014-11-23,0.07282034307718277
2014-11-24,0.15759626030921936
2014-11-25,-0.15899911522865295
2014-11-26,-0.061582133173942566
2014-11-27,0.16160641610622406
2014-11-28,0.06647296994924545
2014-11-29,-0.18733960390090942
2014-11-30,0.5995915532112122
2014-12-01,-0.16807588934898376
2014-12-02,-0.12177590280771255
2014-12-03,0.01718048006296158
2014-12-04,-0.06631384789943695
2014-12-05,-0.2522463798522949
2014-12-06,-0.010880524292588234
2014-12-08,0.081466905772686
2014-12-09,0.28818193078041077
2014-12-10,-0.08129322528839111
2014-12-11,0.22890877723693848
2014-12-12,0.4073213040828705
2014-12-13,0.6993248462677002
2014-12-14,-0.4112936556339264
2014-12-15,0.0912153571844101
2014-12-16,0.2099999189376831
2014-12-17,0.1023368388414383
2014-12-18,0.10529729723930359
2014-12-19,-0.1454361528158188
2014-12-20,0.19956202805042267
2014-12-21,0.011876389384269714
2014-12-22,0.18745088577270508
2014-12-23,-0.014080113731324673
2014-12-24,-0.16038134694099426
2014-12-25,-0.1630539894104004
2014-12-26,0.39675989747047424
2014-12-27,-0.05192450433969498
2014-12-28,0.09136129915714264
2014-12-29,0.0279788076877594
2014-12-30,-0.2782284617424011
2014-12-31,-0.22142332792282104
2015-01-01,-0.06568951904773712
2015-01-02,0.1780732274055481
2015-01-03,-0.30120643973350525
2015-01-04,0.07319854944944382
2015-01-05,0.5019268989562988
2015-01-06,0.2505495250225067
2015-01-07,0.37234216928482056
2015-01-08,0.21195849776268005
2015-01-09,0.2516971230506897
2015-01-10,-0.09278108179569244
2015-01-11,0.8223972320556641
2015-01-12,0.28776785731315613
2015-01-13,-0.09942516684532166
2015-01-14,-0.14822550117969513
2015-01-15,0.0816369354724884
2015-01-16,-0.2765514552593231
2015-01-17,0.18451394140720367
2015-01-18,0.15204395353794098
2015-01-19,0.039302241057157516
2015-01-20,-0.07046356797218323
2015-01-21,0.061053287237882614
2015-01-22,-0.0024816617369651794
2015-01-23,0.38645124435424805
2015-01-24,0.09880673885345459
2015-01-25,0.7086138129234314
2015-01-26,0.283443808555603
2015-01-27,-0.036173753440380096
2015-01-28,0.2667118310928345
2015-01-29,0.49213096499443054
2015-01-30,-0.12041519582271576
2015-01-31,0.15550363063812256
2015-02-01,0.49852636456489563
2015-02-02,0.1447693258523941
2015-02-03,0.1883615404367447
2015-02-04,0.3403523862361908
2015-02-05,0.23150435090065002
2015-02-06,0.07962498813867569
2015-02-07,0.3661169707775116
2015-02-08,-0.4271141290664673
2015-02-09,0.2745913863182068
2015-02-10,0.016842084005475044
2015-02-11,0.1371385008096695
2015-02-12,0.0393657460808754
2015-02-13,-0.06993001699447632
2015-02-14,-0.04039953276515007
2015-02-15,0.3368995189666748
2015-02-16,-0.17883950471878052
2015-02-17,0.1521058976650238
2015-02-18,-0.10528284311294556
2015-02-19,0.23450598120689392
2015-02-20,-0.09206445515155792
2015-02-21,0.18477530777454376
2015-02-22,0.40708765387535095
2015-02-23,0.033944275230169296
2015-02-24,0.13479329645633698
2015-02-25,0.402862548828125
2015-02-26,-0.07281077653169632
2015-02-27,0.0343768484890461
2015-02-28,0.07315865159034729
2015-03-01,-0.35656559467315674
2015-03-02,0.2873155176639557
2015-03-03,-0.19261501729488373
2015-03-04,0.0987752228975296
2015-03-05,-0.20146095752716064
2015-03-06,0.11300911009311676
2015-03-07,0.30688849091529846
2015-03-09,0.11313056945800781
2015-03-10,0.22111527621746063
2015-03-11,-0.06609554588794708
2015-03-12,0.12798215448856354
2015-03-13,0.1415683478116989
2015-03-14,0.23763994872570038
2015-03-15,0.8755058646202087
2015-03-16,0.10109647363424301
2015-03-17,0.03913872316479683
2015-03-18,0.06151098012924194
2015-03-19,0.21386095881462097
2015-03-20,-0.19579334557056427
2015-03-21,-0.04174858331680298
2015-03-22,-0.08332079648971558
2015-03-23,0.0824194997549057
2015-03-24,0.0867362841963768
2015-03-25,0.4432031512260437
2015-03-26,-0.1993887722492218
2015-03-27,-0.12801410257816315
2015-03-28,0.09646222740411758
2015-03-29,-0.04097870737314224
2015-03-30,-0.2021365463733673
2015-03-31,0.2741956114768982
2015-04-01,0.08121584355831146
2015-04-02,0.21413393318653107
2015-04-03,-0.03184342756867409
2015-04-04,0.036791685968637466
2015-04-05,-0.7199805378913879
2015-04-06,0.2259184569120407
2015-04-07,-0.17991234362125397
2015-04-08,-0.002966063329949975
2015-04-09,0.18853488564491272
2015-04-10,0.19287109375
2015-04-11,0.25813576579093933
2015-04-12,0.23062799870967865
2015-04-13,0.22420848906040192
2015-04-14,0.21662023663520813
2015-04-15,0.07861410826444626
2015-04-16,0.241441547870636
2015-04-17,0.1781185120344162
2015-04-18,0.016626430675387383
2015-04-19,0.6009607315063477
2015-04-20,-0.03968898206949234
2015-04-21,0.06806842237710953
2015-04-22,0.5034992098808289
2015-04-23,-0.06981965899467468
2015-04-24,0.07518330961465836
2015-04-25,-0.21169117093086243
2015-04-26,0.4990679621696472
2015-04-27,-0.014250993728637695
2015-04-28,0.5552434921264648
2015-04-29,0.05803234130144119
2015-04-30,0.12975263595581055
2015-05-01,0.170874685049057
2015-05-02,-0.4224591553211212
2015-05-03,0.32200539112091064
2015-05-04,0.07416298240423203
2015-05-05,-0.05631187558174133
2015-05-06,0.04829981550574303
2015-05-07,0.39460355043411255
2015-05-08,-0.13641877472400665
2015-05-09,-0.09852436184883118
2015-05-10,0.27803248167037964
2015-05-11,-0.0020182472653687
2015-05-12,-0.22450804710388184
2015-05-13,-0.2394585907459259
2015-05-14,0.17500139772891998
2015-05-15,0.01366870105266571
2015-05-16,-0.07723086327314377
2015-05-17,0.36643147468566895
2015-05-18,0.1363576352596283
2015-05-19,0.0009962618350982666
2015-05-20,-0.17809219658374786
2015-05-21,-0.17566725611686707
2015-05-22,-0.11378645896911621
2015-05-23,0.27418822050094604
2015-05-24,0.01657671108841896
2015-05-25,0.5859262347221375
2015-05-26,0.016438385471701622
2015-05-27,-0.15916521847248077
2015-05-28,0.3499959111213684
2015-05-29,-0.02405787818133831
2015-05-30,0.11744525283575058
2015-05-31,-0.13785824179649353
2015-06-01,0.28002578020095825
2015-06-02,-0.2109552025794983
2015-06-03,-0.49766382575035095
2015-06-04,-0.01418524980545044
2015-06-05,0.477914035320282
2015-06-06,0.1542360931634903
2015-06-07,0.10811029374599457
2015-06-08,0.3783220648765564
2015-06-09,0.14582668244838715
2015-06-10,-0.0357983261346817
2015-06-11,-0.040817782282829285
2015-06-12,0.10249000042676926
2015-06-13,0.07789144665002823
2015-06-14,0.39626309275627136
2015-06-15,0.08682787418365479
2015-06-16,0.23399284482002258
2015-06-17,-0.2580415606498718
2015-06-18,0.3080446124076843
2015-06-19,0.2703855037689209
2015-06-20,0.3576388359069824
2015-06-21,0.040678489953279495
2015-06-22,-0.23965100944042206
2015-06-23,0.19303645193576813
2015-06-24,0.10677452385425568
2015-06-25,-0.04345395416021347
2015-06-26,0.16359972953796387
2015-06-27,0.0818529725074768
2015-06-28,-0.0878649577498436
2015-06-29,-0.27614668011665344
2015-06-30,0.22426515817642212
2015-07-01,-0.010408447124063969
2015-07-02,0.20451074838638306
2015-07-03,0.15198953449726105
2015-07-04,-0.38609790802001953
2015-07-05,0.20902542769908905
2015-07-06,0.014083027839660645
2015-07-07,0.3312018811702728
2015-07-08,0.2461833655834198
2015-07-09,-0.16060344874858856
2015-07-10,-0.02409941330552101
2015-07-11,0.1551762968301773
2015-07-12,0.4044024348258972
2015-07-13,0.4764017164707184
2015-07-14,-0.052389826625585556
2015-07-15,-0.20721681416034698
2015-07-16,0.22443395853042603
2015-07-17,0.05416937917470932
2015-07-18,0.14678990840911865
2015-07-20,-0.2046985775232315
2015-07-21,-0.14993716776371002
2015-07-22,0.1813609004020691
2015-07-23,0.340078741312027
2015-07-24,0.131822869181633
2015-07-25,0.20453587174415588
2015-07-26,0.11343789100646973
2015-07-27,0.2771276831626892
2015-07-28,-0.021514756605029106
2015-07-29,-0.23187772929668427
2015-07-30,-0.11626897007226944
2015-07-31,-0.010414342395961285
2015-08-01,0.18624073266983032
2015-08-02,-0.41177865862846375
2015-08-03,-0.18711049854755402
2015-08-04,-0.2585621178150177
2015-08-05,-0.22166095674037933
2015-08-06,0.17923492193222046
2015-08-07,0.07635486871004105
2015-08-08,0.042776647955179214
2015-08-09,0.5347539782524109
2015-08-10,0.320350706577301
2015-08-11,0.03435691073536873
2015-08-12,-0.12996934354305267
2015-08-13,0.013186559081077576
2015-08-14,-0.024074653163552284
2015-08-15,0.30986976623535156
2015-08-16,0.47800639271736145
2015-08-17,0.35885992646217346
2015-08-18,0.18778620660305023
2015-08-19,0.03806988149881363
2015-08-20,0.20655310153961182
2015-08-21,0.0680297464132309
2015-08-22,0.21807412803173065
2015-08-23,-0.19896964728832245
2015-08-24,-0.1092362180352211
2015-08-25,-0.061860933899879456
2015-08-26,0.1214563250541687
2015-08-27,0.16532285511493683
2015-08-28,-0.1232745498418808
2015-08-29,-0.26466432213783264
2015-08-30,0.20444035530090332
2015-08-31,-0.012641996145248413
2015-09-01,-0.19960923492908478
2015-09-02,-0.11010470986366272
2015-09-03,0.027769390493631363
2015-09-04,0.06310854852199554
2015-09-05,-0.17133520543575287
2015-09-06,0.8842167258262634
2015-09-07,-0.0726260170340538
2015-09-08,-0.23421849310398102
2015-09-09,-0.007524271961301565
2015-09-10,-0.6975243091583252
2015-09-11,0.2610760033130646
2015-09-12,0.020801464095711708
2015-09-13,0.3041290044784546
2015-09-14,0.37625738978385925
2015-09-15,0.08882468193769455
2015-09-16,0.17725948989391327
2015-09-17,0.28912341594696045
2015-09-18,-0.09882327169179916
2015-09-19,-0.27761903405189514
2015-09-20,0.3659482002258301
2015-09-21,0.07791125029325485
2015-09-22,0.31156349182128906
2015-09-23,0.05159628018736839
2015-09-24,0.18001650273799896
2015-09-25,-0.035949476063251495
2015-09-26,0.7578455209732056
2015-09-27,0.24729493260383606
2015-09-28,-0.015442049130797386
2015-09-29,-0.027515536174178123
2015-09-30,-0.6619834899902344
2015-10-01,-0.10160171240568161
2015-10-02,-0.013092766515910625
2015-10-03,-0.017014354467391968
2015-10-04,0.13389259576797485
2015-10-05,-0.19723965227603912
2015-10-06,0.022920550778508186
2015-10-07,0.02949937991797924
2015-10-08,-0.01692298986017704
2015-10-09,0.3655828535556793
2015-10-10,-0.34793776273727417
2015-10-11,-0.22444146871566772
2015-10-12,0.2554027736186981
2015-10-13,-0.04244685918092728
2015-10-14,0.08456029742956161
2015-10-15,0.18499766290187836
2015-10-16,0.1511766016483307
2015-10-17,0.0725623220205307
2015-10-18,-0.04602348804473877
2015-10-19,0.07674799114465714
2015-10-20,0.002420054515823722
2015-10-21,0.3883152902126312
2015-10-22,-0.0626906082034111
2015-10-23,0.15331988036632538
2015-10-24,-0.23759779334068298
2015-10-26,-0.30251356959342957
2015-10-27,0.25308480858802795
2015-10-28,-0.3260021507740021
2015-10-29,0.348825603723526
2015-10-30,0.2622849643230438
2015-10-31,0.2200058549642563
2015-11-01,-0.04244474321603775
2015-11-02,0.012707834132015705
2015-11-03,-0.26297369599342346
2015-11-04,-0.010971492156386375
2015-11-05,-0.46724390983581543
2015-11-06,0.10476638376712799
2015-11-07,-0.32357949018478394
2015-11-08,0.7492250204086304
2015-11-09,-0.0786050334572792
2015-11-10,-0.17800019681453705
2015-11-11,0.33943110704421997
2015-11-13,0.40643835067749023
2015-11-14,-0.18037566542625427
2015-11-15,0.11561087518930435
2015-11-16,-0.09061302989721298
2015-11-17,-0.2094496488571167
2015-11-18,-0.07853411138057709
2015-11-19,-0.35628828406333923
2015-11-20,-0.09282440692186356
2015-11-21,0.04129868745803833
2015-11-22,0.5200449228286743
2015-11-23,0.19122156500816345
2015-11-24,0.0852915421128273
2015-11-25,0.2001747041940689
2015-11-26,0.10006288439035416
2015-11-27,0.17139814794063568
2015-11-28,0.20038561522960663
2015-11-29,0.04857932776212692
2015-11-30,0.06953537464141846
2015-12-01,0.22705860435962677
2015-12-02,0.29376983642578125
2015-12-03,-0.11584735661745071
2015-12-04,0.016050850972533226
2015-12-05,-0.3536221981048584
2015-12-07,0.2535897493362427
2015-12-08,0.11255661398172379
2015-12-09,0.16775372624397278
2015-12-10,0.12578605115413666
2015-12-11,-0.4142649173736572
2015-12-12,-0.3772798180580139
2015-12-13,-0.020455382764339447
2015-12-14,0.2159343659877777
2015-12-15,0.00766020268201828
2015-12-16,0.0050349426455795765
2015-12-17,-0.11831018328666687
2015-12-18,0.04284168407320976
2015-12-19,-0.9577851295471191
2015-12-20,-0.36421647667884827
2015-12-21,0.17143554985523224
2015-12-22,0.17130865156650543
2015-12-23,-0.06974891573190689
2015-12-24,-0.26000553369522095
2015-12-25,0.007403958588838577
2015-12-26,-0.08582612127065659
2015-12-27,-0.43122443556785583
2015-12-28,-0.5073818564414978
2015-12-29,0.10280424356460571
2015-12-30,0.03279531002044678
2015-12-31,-0.06921723484992981
2016-01-01,-0.7833884954452515
2016-01-02,0.176926851272583
2016-01-03,0.37578457593917847
2016-01-04,0.03630557283759117
2016-01-05,0.08431560546159744
2016-01-06,0.3157182037830353
2016-01-07,-0.09429048001766205
2016-01-08,-0.45791390538215637
2016-01-09,-0.23010127246379852
2016-01-10,-0.01706048846244812
2016-01-11,-0.06606237590312958
2016-01-12,0.0052318572998046875
2016-01-13,0.3921537697315216
2016-01-14,0.23035389184951782
2016-01-15,-0.21925073862075806
2016-01-16,0.1986946165561676
2016-01-17,0.3385779559612274
2016-01-18,0.5094118118286133
2016-01-19,0.03206776827573776
2016-01-20,0.22948835790157318
2016-01-21,0.2425665259361267
2016-01-22,0.31933870911598206
2016-01-23,0.2850344777107239
2016-01-24,0.47645503282546997
2016-01-25,0.05513197183609009
2016-01-26,0.34884074330329895
2016-01-27,0.05352571979165077
2016-01-28,0.10290409624576569
2016-01-29,0.027503300458192825
2016-01-30,0.2073783129453659
2016-01-31,0.5424495339393616
2016-02-01,0.019814997911453247
2016-02-02,0.11554668843746185
2016-02-03,0.5769667625427246
2016-02-04,0.3113650679588318
2016-02-05,-0.07101364433765411
2016-02-06,0.4739651679992676
2016-02-07,0.4706905782222748
2016-02-08,0.22127194702625275
2016-02-09,0.2856813073158264
2016-02-10,0.05603631213307381
2016-02-11,-0.16832761466503143
2016-02-12,-0.1906350553035736
2016-02-13,-0.3212372958660126
2016-02-15,0.31609591841697693
2016-02-16,-0.22745662927627563
2016-02-17,-0.11433307081460953
2016-02-18,-0.10664749145507812
2016-02-19,0.09126269817352295
2016-02-20,0.15710033476352692
2016-02-21,0.08062105625867844
2016-02-22,-0.10906565189361572
2016-02-23,-0.3522036373615265
2016-02-24,-0.1450200229883194
2016-02-25,0.43597158789634705
2016-02-26,0.3180040717124939
2016-02-27,-0.23930597305297852
2016-02-28,0.12792520225048065
2016-02-29,0.16411593556404114
2016-03-01,0.056657575070858
2016-03-02,0.19408062100410461
2016-03-03,-0.1530371457338333
2016-03-04,-0.022355321794748306
2016-03-05,0.2811594009399414
2016-03-06,-0.030025828629732132
2016-03-07,0.07071562111377716
2016-03-08,-0.18318425118923187
2016-03-09,-0.2579691410064697
2016-03-10,-0.05143018439412117
2016-03-11,-0.0319591723382473
2016-03-12,-0.2572985291481018
2016-03-13,0.5165347456932068
2016-03-14,-0.04872993379831314
2016-03-15,-0.1269972026348114
2016-03-16,-0.11257527768611908
2016-03-17,0.43508434295654297
2016-03-18,0.337994247674942
2016-03-19,0.01022972259670496
2016-03-20,-0.1364591121673584
2016-03-21,-0.319763720035553
2016-03-22,0.2897043824195862
2016-03-23,-0.3711588382720947
2016-03-24,-0.09485556930303574
2016-03-25,-0.2601742446422577
2016-03-26,-0.27215662598609924
2016-03-27,-0.9290401935577393
2016-03-28,-0.1653667688369751
2016-03-29,-0.1961180567741394
2016-03-30,0.1055460125207901
2016-03-31,-0.0035345368087291718
2016-04-01,0.30340754985809326
2016-04-02,0.3356515169143677
2016-04-03,0.16029037535190582
2016-04-04,0.23433224856853485
2016-04-05,-0.009053398855030537
2016-04-06,0.29704856872558594
2016-04-07,-0.07958140969276428
2016-04-08,0.01973220705986023
2016-04-09,0.021563928574323654
2016-04-10,0.5152864456176758
2016-04-11,-0.28766876459121704
2016-04-12,-0.29379984736442566
2016-04-13,-0.16584719717502594
2016-04-14,-0.1744590401649475
2016-04-15,-0.29081031680107117
2016-04-16,-0.15546828508377075
2016-04-17,-0.06304678320884705
2016-04-18,0.12223519384860992
2016-04-19,-0.14675934612751007
2016-04-20,0.07228011637926102
2016-04-21,-0.2787701487541199
2016-04-22,0.2261316031217575
2016-04-23,0.2895571291446686
2016-04-24,0.12453589588403702
2016-04-25,0.11328214406967163
2016-04-26,-0.1425752192735672
2016-04-27,0.060974083840847015
2016-04-28,0.30832618474960327
2016-04-29,-0.059413183480501175
2016-04-30,-0.07644379138946533
2016-05-01,0.24914830923080444
2016-05-02,-0.8978419899940491
2016-05-03,-0.09532295912504196
2016-05-04,0.02849159762263298
2016-05-05,0.1060483455657959
2016-05-06,0.13239896297454834
2016-05-07,0.1176033765077591
2016-05-08,-0.5347066521644592
2016-05-09,0.09459368884563446
2016-05-10,-0.02474787086248398
2016-05-11,0.2573727071285248
2016-05-12,-0.007506682071834803
2016-05-13,-0.17306287586688995
2016-05-14,0.1708042472600937
2016-05-15,-0.3548188805580139
2016-05-16,0.24990643560886383
2016-05-17,-0.35565540194511414
2016-05-18,-0.09419655054807663
2016-05-19,-0.04537060484290123
2016-05-20,-0.26298195123672485
2016-05-21,-0.021032681688666344
2016-05-22,0.14196297526359558
2016-05-23,-0.23552413284778595
2016-05-24,0.18829788267612457
2016-05-25,-0.4251755177974701
2016-05-26,-0.021353840827941895
2016-05-27,0.1939397156238556
2016-05-28,0.20184603333473206
2016-05-29,-0.004736602306365967
2016-05-30,-0.08041354268789291
2016-05-31,0.2208264023065567
2016-06-01,-0.2912066876888275
2016-06-02,0.015257465653121471
2016-06-03,0.3307390809059143
2016-06-04,-0.37335070967674255
2016-06-05,0.24361559748649597
2016-06-06,0.12072086334228516
2016-06-07,-0.12454880028963089
2016-06-08,0.3185986578464508
2016-06-09,-0.1507430523633957
2016-06-10,-0.030782371759414673
2016-06-11,-0.6476491689682007
2016-06-12,0.0824994444847107
2016-06-13,-0.05281094089150429
2016-06-14,-0.04485690966248512
2016-06-15,-0.16998796164989471
2016-06-16,-0.021783282980322838
2016-06-17,0.16925325989723206
2016-06-18,0.1606268584728241
2016-06-19,-0.26220232248306274
2016-06-20,0.02836090885102749
2016-06-21,0.2549271881580353
2016-06-22,0.04971225559711456
2016-06-23,0.00235598417930305
2016-06-24,0.06669728457927704
2016-06-25,-0.7059831619262695
2016-06-26,0.4214608073234558
2016-06-27,-0.17790886759757996
2016-06-28,0.09047860652208328
2016-06-29,0.2823242247104645
2016-06-30,0.3839454650878906
2016-07-01,0.1516820341348648
2016-07-02,-0.006666283588856459
2016-07-03,0.36993205547332764
2016-07-04,0.008535518310964108
2016-07-05,0.22019243240356445
2016-07-06,0.05205436050891876
2016-07-07,0.05701497569680214
2016-07-08,0.25023430585861206
2016-07-09,-0.11977367848157883
2016-07-10,0.4888691306114197
2016-07-11,-0.023732110857963562
2016-07-12,0.03410682827234268
2016-07-13,0.36888471245765686
2016-07-14,0.22277051210403442
2016-07-15,-0.07530966401100159
2016-07-16,-0.008574740961194038
2016-07-17,0.11237649619579315
2016-07-18,-0.28004783391952515
2016-07-19,0.23011751472949982
2016-07-20,-0.08785957098007202
2016-07-21,0.07559382170438766
2016-07-22,0.09016291052103043
2016-07-23,0.3141215145587921
2016-07-24,0.11195969581604004
2016-07-25,0.14975839853286743
2016-07-26,-0.25693610310554504
2016-07-27,-0.17659270763397217
2016-07-28,0.1649867296218872
2016-07-29,-0.22843606770038605
2016-07-30,-0.1403457075357437
2016-07-31,0.5113679766654968
2016-08-01,0.13892368972301483
2016-08-02,0.37842249870300293
2016-08-03,0.10689681023359299
2016-08-04,0.3444630205631256
2016-08-05,0.24718210101127625
2016-08-06,-0.634598433971405
2016-08-07,0.21437454223632812
2016-08-08,0.16350270807743073
2016-08-09,-0.012097133323550224
2016-08-10,0.3033459782600403
2016-08-11,0.14678561687469482
2016-08-12,0.01761770248413086
2016-08-13,-0.44047170877456665
2016-08-14,0.9252496957778931
2016-08-15,0.12771329283714294
2016-08-16,0.06880374997854233
2016-08-17,0.17039526998996735
2016-08-18,0.008060693740844727
2016-08-19,0.050631728023290634
2016-08-20,-0.030734429135918617
2016-08-21,0.2662053406238556
2016-08-22,-0.03604685142636299
2016-08-23,0.19658668339252472
2016-08-24,0.2825906574726105
2016-08-25,0.15323439240455627
2016-08-26,0.03676528483629227
2016-08-27,0.024835461750626564
2016-08-28,0.11633840948343277
2016-08-29,0.17447923123836517
2016-08-30,0.19855715334415436
2016-08-31,0.10424770414829254
2016-09-01,0.09488008916378021
2016-09-02,-0.1333349198102951
2016-09-03,-0.11027548462152481
2016-09-04,0.8662573099136353
2016-09-05,0.1280098557472229
2016-09-06,0.2130146026611328
2016-09-07,0.04672766104340553
2016-09-08,-0.010567312128841877
2016-09-09,-0.08397014439105988
2016-09-10,0.37804165482521057
2016-09-11,0.3067699074745178
2016-09-12,0.10812672972679138
2016-09-13,-0.12142517417669296
2016-09-14,0.328551322221756
2016-09-15,-0.07754932343959808
2016-09-16,-0.008000620640814304
2016-09-17,0.04394246265292168
2016-09-18,0.28980785608291626
2016-09-19,-0.051191989332437515
2016-09-20,-0.4436663091182709
2016-09-21,0.2087351232767105
2016-09-22,0.20087996125221252
2016-09-23,-0.41939616203308105
2016-09-24,0.2536451816558838
2016-09-25,0.2407282292842865
2016-09-26,0.3318808078765869
2016-09-27,0.03345929831266403
2016-09-28,-0.3239937722682953
2016-09-29,-0.05546567961573601
2016-09-30,-0.014611834660172462
2016-10-01,-0.06284394860267639
2016-10-03,0.09225855767726898
2016-10-04,0.02041124552488327
2016-10-05,0.009216208942234516
2016-10-06,-0.15634571015834808
2016-10-07,-0.24150826036930084
2016-10-08,0.3175027370452881
2016-10-09,-0.15315869450569153
2016-10-10,0.26014211773872375
2016-10-11,0.030110320076346397
2016-10-12,0.08180370181798935
2016-10-13,0.01279408484697342
2016-10-14,-0.35590437054634094
2016-10-15,0.12424175441265106
2016-10-16,0.12592443823814392
2016-10-17,0.6828469038009644
2016-10-18,0.29085126519203186
2016-10-19,-0.05552219599485397
2016-10-20,-0.12242284417152405
2016-10-21,-0.18305343389511108
2016-10-22,-0.38131603598594666
2016-10-23,0.04996073246002197
2016-10-24,0.11834555864334106
2016-10-25,0.1665552407503128
2016-10-26,0.09383200109004974
2016-10-27,0.22802896797657013
2016-10-28,-0.23936700820922852
2016-10-29,-0.14848454296588898
2016-10-30,-0.09474562108516693
2016-10-31,-0.47664007544517517
2016-11-01,0.041580021381378174
2016-11-02,0.03324843570590019
2016-11-03,-0.17225971817970276
2016-11-04,-0.123780257999897
2016-11-05,-0.31306904554367065
2016-11-06,0.16381892561912537
2016-11-07,-0.12750206887722015
2016-11-08,0.07549820840358734
2016-11-09,-0.10739517211914062
2016-11-10,0.03290826827287674
2016-11-11,0.14339129626750946
2016-11-12,-0.34604358673095703
2016-11-13,0.015395913273096085
2016-11-14,0.24545854330062866
2016-11-15,0.12889675796031952
2016-11-16,0.03001554310321808
2016-11-17,-0.12433768063783646
2016-11-18,-0.11522116512060165
2016-11-19,-0.913002073764801
2016-11-20,0.09120075404644012
2016-11-21,-0.18014174699783325
2016-11-22,0.029743697494268417
2016-11-23,-0.037464216351509094
2016-11-24,-0.03918943926692009
2016-11-25,0.18295805156230927
2016-11-26,0.4639524221420288
2016-11-27,0.20398910343647003
2016-11-28,0.33375605940818787
2016-11-29,-0.062292855232954025
2016-11-30,-0.08515872806310654
2016-12-01,0.143764466047287
2016-12-02,-0.12833593785762787
2016-12-03,-0.23642072081565857
2016-12-04,0.14158600568771362
2016-12-05,-0.15913408994674683
2016-12-06,0.0024177313316613436
2016-12-07,0.08901968598365784
2016-12-08,0.0384773425757885
2016-12-09,0.19985084235668182
2016-12-10,0.08254997432231903
2016-12-11,-0.9492942690849304
2016-12-12,0.06674991548061371
2016-12-13,0.02406659908592701
2016-12-14,0.23886564373970032
2016-12-15,0.050023503601551056
2016-12-16,-0.12622275948524475
2016-12-17,0.3404920995235443
2016-12-18,-0.7129881978034973
2016-12-19,0.3953694701194763
2016-12-20,0.49459171295166016
2016-12-21,0.14081256091594696
2016-12-22,-0.34899741411209106
2016-12-23,0.2900851368904114
2016-12-24,-0.04260730743408203
2016-12-26,0.03525551036000252
2016-12-27,-0.14900663495063782
2016-12-28,-0.09945547580718994
2016-12-29,-0.021483177319169044
2016-12-30,0.16664540767669678
2016-12-31,0.7267428636550903
2017-01-01,-0.027800559997558594
2017-01-02,-0.043258070945739746
2017-01-03,0.14304950833320618
2017-01-04,0.14103259146213531
2017-01-05,0.17014247179031372
2017-01-06,-0.30724209547042847
2017-01-07,-0.8718926310539246
2017-01-08,-0.8138246536254883
2017-01-09,-0.020895183086395264
2017-01-10,0.30434396862983704
2017-01-11,-0.2615908086299896
2017-01-12,-0.2435997724533081
2017-01-13,0.09578486531972885
2017-01-14,0.04789985343813896
2017-01-15,0.47097522020339966
2017-01-16,-0.1321718394756317
2017-01-17,-0.029014432802796364
2017-01-18,-0.1506136804819107
2017-01-19,0.1703982949256897
2017-01-20,-0.06157299503684044
2017-01-21,-0.4079437255859375
2017-01-22,-0.9193177223205566
2017-01-23,0.18599864840507507
2017-01-24,0.1892821490764618
2017-01-25,0.3729710876941681
2017-01-26,-0.2117580771446228
2017-01-27,-0.060663774609565735
2017-01-28,0.31424185633659363
2017-01-29,0.06818246096372604
2017-01-30,0.16235211491584778
2017-01-31,-0.3439437448978424
2017-02-01,-0.44048357009887695
2017-02-02,0.16271533071994781
2017-02-03,0.11986876279115677
2017-02-04,-0.9548516273498535
2017-02-05,-0.1447031944990158
2017-02-06,0.11153750866651535
2017-02-07,0.2968117296695709
2017-02-08,-0.19805534183979034
2017-02-09,0.3304651081562042
2017-02-10,-0.010712921619415283
2017-02-11,-0.018023991957306862
2017-02-12,0.8915555477142334
2017-02-13,-0.2703801393508911
2017-02-14,0.38070565462112427
2017-02-15,0.18591970205307007
2017-02-16,0.04463819041848183
2017-02-17,0.2586196959018707
2017-02-18,0.11492253839969635
2017-02-20,0.23305091261863708
2017-02-21,0.042316336184740067
2017-02-22,0.020241349935531616
2017-02-23,0.1976919025182724
2017-02-24,-0.12177451699972153
2017-02-25,-0.5434302687644958
2017-02-26,-0.27919071912765503
2017-02-27,-0.21702361106872559
2017-02-28,-0.040766581892967224
2017-03-01,0.1541658639907837
2017-03-02,0.07774142920970917
2017-03-03,0.21370835602283478
2017-03-04,0.056076034903526306
2017-03-05,-0.022272592410445213
2017-03-06,0.20203910768032074
2017-03-07,-0.056203193962574005
2017-03-08,0.01722085289657116
2017-03-09,-0.2529388964176178
2017-03-10,0.06057324633002281
2017-03-11,-0.06467504054307938
2017-03-13,0.2555978298187256
2017-03-14,-0.4290715754032135
2017-03-15,0.429892897605896
2017-03-16,0.10188472270965576
2017-03-17,-0.34828218817710876
2017-03-18,-0.04950505495071411
2017-03-19,0.4385073184967041
2017-03-20,0.14663581550121307
2017-03-21,-0.234515979886055
2017-03-22,-0.1899774968624115
2017-03-23,0.08802004903554916
2017-03-24,-0.31513512134552
2017-03-25,0.12270554155111313
2017-03-26,0.12052050977945328
2017-03-27,-0.15590453147888184
2017-03-28,-0.01562232244759798
2017-03-29,0.21838122606277466
2017-03-30,0.2517683506011963
2017-03-31,0.42237764596939087
2017-04-01,0.5004875063896179
2017-04-02,0.7296581268310547
2017-04-03,-0.19759130477905273
2017-04-04,0.072305828332901
2017-04-05,0.17385472357273102
2017-04-06,-0.22726142406463623
2017-04-07,0.45155519247055054
2017-04-08,0.019893532618880272
2017-04-09,0.3333243727684021
2017-04-10,-0.13123635947704315
2017-04-11,0.2087155282497406
2017-04-12,-0.25342634320259094
2017-04-13,-0.028577692806720734
2017-04-14,0.0821041390299797
2017-04-15,0.08011049032211304
2017-04-16,-0.019769489765167236
2017-04-17,-0.16655100882053375
2017-04-18,-0.2173045426607132
2017-04-19,0.5828413963317871
2017-04-20,0.21854755282402039
2017-04-21,0.0057800835929811
2017-04-22,0.008947417140007019
2017-04-23,0.05201325565576553
2017-04-24,0.4189411997795105
2017-04-25,0.3137596845626831
2017-04-26,0.07270007580518723
2017-04-27,0.2678704857826233
2017-04-28,0.16991417109966278
2017-04-29,-0.22154390811920166
2017-04-30,0.0190977081656456
2017-05-01,-0.10873661190271378
2017-05-02,0.0619102381169796
2017-05-03,-0.067049041390419
2017-05-04,0.37575551867485046
2017-05-05,0.20018097758293152
2017-05-06,0.09865649789571762
2017-05-07,0.2760906517505646
2017-05-08,0.09992381185293198
2017-05-09,0.44628211855888367
2017-05-10,0.0551917627453804
2017-05-11,0.13783051073551178
2017-05-12,-0.3868711292743683
2017-05-13,0.05126446485519409
2017-05-14,0.3927439749240875
2017-05-15,-0.28822463750839233
2017-05-16,0.10718606412410736
2017-05-17,0.10612228512763977
2017-05-18,0.08159058541059494
2017-05-19,-0.16320185363292694
2017-05-20,0.6412365436553955
2017-05-21,0.16252382099628448
2017-05-22,0.12594401836395264
2017-05-23,-0.11210121959447861
2017-05-24,0.20316214859485626
2017-05-25,0.27983230352401733
2017-05-26,-0.03784501552581787
2017-05-27,0.19428429007530212
2017-05-28,-0.31059539318084717
2017-05-29,0.5000012516975403
2017-05-30,0.0936310738325119
2017-05-31,-0.05405210703611374
2017-06-01,-0.4550109803676605
2017-06-02,0.06804017722606659
2017-06-03,0.1997852921485901
2017-06-04,-0.11239564418792725
2017-06-05,-0.014351080171763897
2017-06-06,-0.11516837030649185
2017-06-07,-0.06612231582403183
2017-06-08,0.17200998961925507
2017-06-09,0.11570045351982117
2017-06-10,0.35018229484558105
2017-06-11,0.2798770070075989
2017-06-12,0.015335297212004662
2017-06-13,-0.013710438273847103
2017-06-14,0.010631239041686058
2017-06-15,-0.07168982177972794
2017-06-16,-0.05967627093195915
2017-06-17,0.00783071294426918
2017-06-18,0.4194522202014923
2017-06-19,-0.29264992475509644
2017-06-20,0.035266753286123276
2017-06-21,0.05069208890199661
2017-06-22,-0.016857048496603966
2017-06-23,-0.06229110434651375
2017-06-24,-0.008786916732788086
2017-06-25,0.16425122320652008
2017-06-26,0.1355082094669342
2017-06-27,-0.3531396985054016
2017-06-28,0.13799670338630676
2017-06-29,-0.20611658692359924
2017-06-30,0.010909819975495338
2017-07-01,0.1214943379163742
2017-07-02,0.2955334484577179
2017-07-03,-0.045590005815029144
2017-07-04,0.41865211725234985
2017-07-05,-0.2862338721752167
2017-07-06,-0.26726657152175903
2017-07-07,-0.13358886539936066
2017-07-08,-0.0925038680434227
2017-07-09,0.29695025086402893
2017-07-10,0.010314520448446274
2017-07-11,0.23821714520454407
2017-07-12,0.034944310784339905
2017-07-13,0.28386056423187256
2017-07-14,0.06476902961730957
2017-07-15,0.8031507134437561
2017-07-16,-0.33085641264915466
2017-07-17,0.23255082964897156
2017-07-18,-0.5965200662612915
2017-07-19,-0.05265158414840698
2017-07-20,0.1482882797718048
2017-07-21,0.16814860701560974
2017-07-22,0.05511927604675293
2017-07-23,0.13210830092430115
2017-07-24,0.08883307874202728
2017-07-25,-0.749873697757721
2017-07-26,-0.027556929737329483
2017-07-27,0.12619131803512573
2017-07-28,0.396736204624176
2017-07-29,0.030668923631310463
2017-07-31,-0.13811004161834717
2017-08-01,-0.17922063171863556
2017-08-02,-0.08913639187812805
2017-08-03,0.0008806432015262544
2017-08-04,-0.23512578010559082
2017-08-05,0.08985449373722076
2017-08-06,0.352328360080719
2017-08-07,-0.10975642502307892
2017-08-08,-0.330393522977829
2017-08-09,-0.24066929519176483
2017-08-10,0.2048739790916443
2017-08-11,0.42994555830955505
2017-08-12,-0.507676899433136
2017-08-13,-0.36165672540664673
2017-08-14,0.3317468464374542
2017-08-15,0.3870621919631958
2017-08-16,0.2443505972623825
2017-08-17,-0.29098668694496155
2017-08-18,-0.15907102823257446
2017-08-19,-0.118949294090271
2017-08-20,0.15029534697532654
2017-08-21,0.09357333183288574
2017-08-22,-0.10389864444732666
2017-08-23,-0.10459903627634048
2017-08-24,-0.08576484024524689
2017-08-25,-0.02240806818008423
2017-08-27,0.5098930597305298
2017-08-28,-0.2389509677886963
2017-08-29,0.29400113224983215
2017-08-30,0.033413875848054886
2017-08-31,-0.1268623322248459
2017-09-01,0.10617329925298691
2017-09-02,-0.9299547672271729
2017-09-04,-0.10859710723161697
2017-09-05,0.04738979786634445
2017-09-06,-0.26875320076942444
2017-09-07,0.10937412083148956
2017-09-08,-0.024980612099170685
2017-09-09,-0.18862305581569672
2017-09-10,0.8934776782989502
2017-09-11,0.5725842118263245
2017-09-12,-0.11777792125940323
2017-09-13,0.2052234560251236
2017-09-14,0.3364312946796417
2017-09-15,-0.18900913000106812
2017-09-16,0.8581478595733643
2017-09-17,0.5368260741233826
2017-09-18,0.059764664620161057
2017-09-19,0.3288000822067261
2017-09-20,-0.0060921236872673035
2017-09-21,-0.1550232619047165
2017-09-22,-0.1424066722393036
2017-09-23,0.6064680814743042
2017-09-24,0.5210509896278381
2017-09-25,-0.1821909099817276
2017-09-26,-0.23688623309135437
2017-09-27,0.1309044063091278
2017-09-28,-0.6866459250450134
2017-09-29,0.34042856097221375
2017-10-02,0.2764689028263092
2017-10-03,0.34680986404418945
2017-10-04,-0.05010054633021355
2017-10-05,0.4135679006576538
2017-10-06,-0.5198354721069336
2017-10-07,-0.43069422245025635
2017-10-08,-0.3214450478553772
2017-10-09,-0.02006237767636776
2017-10-10,0.3531174659729004
2017-10-11,0.23168592154979706
2017-10-12,0.08260175585746765
2017-10-13,-0.41378456354141235
2017-10-14,-0.24994535744190216
2017-10-15,-0.30131810903549194
2017-10-16,-0.08829949796199799
2017-10-17,0.5469768643379211
2017-10-18,-0.4376598596572876
2017-10-19,-0.059215862303972244
2017-10-20,-0.0682302713394165
2017-10-21,0.2943528890609741
2017-10-22,0.14785245060920715
2017-10-23,-0.02558554708957672
2017-10-24,-0.08346816152334213
2017-10-25,0.5449135899543762
2017-10-26,0.3578753173351288
2017-10-27,0.1474999040365219
2017-10-28,-0.03275489807128906
2017-10-29,0.9319376945495605
2017-10-30,0.025864839553833008
2017-10-31,0.16066032648086548
2017-11-01,0.4708258807659149
2017-11-02,-0.47184106707572937
2017-11-03,0.13415735960006714
2017-11-04,0.5032370090484619
2017-11-06,0.4852021336555481
2017-11-07,0.11209841817617416
2017-11-08,0.17322470247745514
2017-11-09,0.15490737557411194
2017-11-10,-0.11541204899549484
2017-11-11,-0.0871153473854065
2017-11-12,0.8524605631828308
2017-11-13,0.008607767522335052
2017-11-14,-0.14560338854789734
2017-11-15,0.11332066357135773
2017-11-16,0.05226505920290947
2017-11-17,0.389752060174942
2017-11-19,0.6460604667663574
2017-11-20,0.058344271034002304
2017-11-21,-0.14493979513645172
2017-11-22,-0.44668030738830566
2017-11-23,0.24097657203674316
2017-11-24,-0.18300974369049072
2017-11-25,0.48224902153015137
2017-11-26,0.003446318209171295
2017-11-27,0.8777925372123718
2017-11-28,0.13843460381031036
2017-11-29,0.26079851388931274
2017-11-30,-0.6652980446815491
2017-12-01,0.026494890451431274
2017-12-02,0.20125268399715424
2017-12-03,-0.16350451111793518
2017-12-04,-0.017792942002415657
2017-12-05,-0.16551323235034943
2017-12-06,-0.12374317646026611
2017-12-07,0.22759605944156647
2017-12-08,-0.02397112548351288
2017-12-09,-0.057760775089263916
2017-12-10,0.004841137677431107
2017-12-11,-0.21111845970153809
2017-12-12,-0.27981269359588623
2017-12-13,-0.1777893602848053
2017-12-14,-0.02405571937561035
2017-12-15,-0.3772338330745697
2017-12-17,0.09528018534183502
2017-12-18,0.027492448687553406
2017-12-19,0.2556869089603424
2017-12-20,0.12703941762447357
2017-12-21,0.308103084564209
2017-12-22,-0.06735256314277649
2017-12-23,0.14613278210163116
2017-12-24,0.9077789783477783
2017-12-25,-0.0013999231159687042
2017-12-26,0.16272519528865814
2017-12-27,0.3360779881477356
2017-12-28,-0.12715116143226624
2017-12-29,0.3949342370033264
2017-12-30,-0.48235177993774414
2017-12-31,-0.6505070924758911
2018-01-01,0.21512039005756378
2018-01-02,0.1576738804578781
2018-01-03,-0.07458745688199997
2018-01-04,0.14346285164356232
2018-01-05,0.2748357355594635
2018-01-06,-0.08396974951028824
2018-01-07,-0.2806045114994049
2018-01-08,0.30789870023727417
2018-01-09,-0.06415746361017227
2018-01-10,0.024876058101654053
2018-01-11,0.6154022216796875
2018-01-12,-0.059121400117874146
2018-01-13,-0.2832673192024231
2018-01-14,0.9338462948799133
2018-01-15,-0.21697284281253815
2018-01-16,-0.1751016229391098
2018-01-17,0.16943299770355225
2018-01-18,0.50925213098526
2018-01-19,0.10937043279409409
2018-01-20,-0.39247632026672363
2018-01-22,-0.06771799921989441
2018-01-23,0.2788066565990448
2018-01-24,-0.028378577902913094
2018-01-25,0.026445532217621803
2018-01-26,0.15091465413570404
2018-01-27,0.9064206480979919
2018-01-29,0.009810208342969418
2018-01-30,0.28563636541366577
2018-01-31,-0.15186908841133118
2018-02-01,-0.16535091400146484
2018-02-02,-0.3647153079509735
2018-02-03,-0.05569480359554291
2018-02-04,-0.7199971079826355
2018-02-05,-0.5959375500679016
2018-02-06,-0.00011206004273844883
2018-02-07,0.06460026651620865
2018-02-08,0.07641533017158508
2018-02-09,-0.0357384979724884
2018-02-10,0.1293804794549942
2018-02-12,-0.05209580436348915
2018-02-13,-0.25623011589050293
2018-02-14,-0.4390433132648468
2018-02-15,-0.16938255727291107
2018-02-16,-0.31447646021842957
2018-02-17,-0.29821068048477173
2018-02-18,-0.34706562757492065
2018-02-19,-0.34217414259910583
2018-02-20,-0.3437597155570984
2018-02-21,-0.3822585642337799
2018-02-22,-0.39502575993537903
2018-02-23,-0.3696955740451813
2018-02-24,-0.5120559930801392
2018-02-25,-0.4269704222679138
2018-02-26,-0.32507091760635376
2018-02-27,-0.14192047715187073
2018-02-28,-0.48972588777542114
2018-03-01,0.06423269957304001
2018-03-02,-0.49819818139076233
2018-03-03,-0.6168527007102966
2018-03-04,-0.39348071813583374
2018-03-05,-0.30389541387557983
2018-03-06,-0.28891974687576294
2018-03-07,-0.2156764417886734
2018-03-08,-0.1507207751274109
2018-03-09,-0.3909912407398224
2018-03-10,-0.21143701672554016
2018-03-11,-0.16539058089256287
2018-03-12,-0.12033317238092422
2018-03-13,-0.03038686513900757
2018-03-14,-0.3026709258556366
2018-03-15,-0.3800320327281952
2018-03-16,0.13575081527233124
2018-03-17,-0.06865036487579346
2018-03-18,-0.27655088901519775
2018-03-19,-0.48898640275001526
2018-03-20,-0.11330166459083557
2018-03-21,-0.049217186868190765
2018-03-22,0.04138697311282158
2018-03-23,-0.17435860633850098
2018-03-24,-0.12735474109649658
2018-03-25,0.3294064998626709
2018-03-26,0.3673550486564636
2018-03-27,0.09861478954553604
2018-03-28,-0.28862014412879944
2018-03-29,-0.3197217583656311
2018-03-30,-0.24183259904384613
2018-03-31,0.02960694395005703
2018-04-01,-0.40296146273612976
2018-04-02,-0.27319347858428955
2018-04-03,-0.1468040496110916
2018-04-04,0.1776963770389557
2018-04-05,-0.04136478900909424
2018-04-06,-0.0971653014421463
2018-04-07,-0.007195195183157921
2018-04-08,0.3886174261569977
2018-04-09,-0.023295583203434944
2018-04-10,-0.09887068718671799
2018-04-11,-0.5146176218986511
2018-04-12,-0.30821844935417175
2018-04-13,-0.3856433928012848
2018-04-14,0.4366459250450134
2018-04-15,0.2187594771385193
2018-04-16,-0.007874037139117718
2018-04-17,-0.08475642651319504
2018-04-18,-0.31598204374313354
2018-04-19,-0.01676047407090664
2018-04-20,-0.3476678431034088
2018-04-21,-0.03900563716888428
2018-04-22,-0.08549850434064865
2018-04-23,0.12450925260782242
2018-04-24,-0.18555408716201782
2018-04-25,-0.11601203680038452
2018-04-26,0.06384176015853882
2018-04-27,-0.11734914779663086
2018-04-28,0.03972393274307251
2018-04-30,-0.20567333698272705
2018-05-01,-0.08989923447370529
2018-05-02,0.052317094057798386
2018-05-03,-0.10134735703468323
2018-05-04,0.21415670216083527
2018-05-05,-0.9212080240249634
2018-05-06,-0.14005480706691742
2018-05-07,-0.2745223939418793
2018-05-08,-0.2169463038444519
2018-05-09,0.032928403466939926
2018-05-10,-0.19475960731506348
2018-05-11,0.0011618551798164845
2018-05-12,-0.4498310089111328
2018-05-13,0.6538463830947876
2018-05-14,-0.09128868579864502
2018-05-15,-0.377686470746994
2018-05-16,-0.31672176718711853
2018-05-17,0.03551321476697922
2018-05-18,-0.2653805911540985
2018-05-19,0.06978711485862732
2018-05-20,-0.5659975409507751
2018-05-21,0.020709455013275146
2018-05-22,-0.3111509084701538
2018-05-23,-0.5607498288154602
2018-05-24,0.1228841096162796
2018-05-25,0.3543179929256439
2018-05-26,-0.2511084973812103
2018-05-27,-0.03405184671282768
2018-05-28,0.8916770219802856
2018-05-29,-0.24920137226581573
2018-05-30,-0.5403328537940979
2018-05-31,-0.4763784408569336
2018-06-01,-0.18749573826789856
2018-06-02,0.34603872895240784
2018-06-03,0.7224642634391785
2018-06-04,-0.09715631604194641
2018-06-05,0.1166207492351532
2018-06-06,0.08385920524597168
2018-06-07,0.5567103028297424
2018-06-08,-0.25954025983810425
2018-06-09,0.3976094424724579
2018-06-10,-0.2179451584815979
2018-06-11,-0.08789187669754028
2018-06-12,-0.1551106721162796
2018-06-13,0.37084898352622986
2018-06-14,0.046271491795778275
2018-06-15,0.011091187596321106
2018-06-16,-0.35126352310180664
2018-06-17,-0.5234497785568237
2018-06-18,0.0552450530230999
2018-06-19,-0.2691054344177246
2018-06-20,-0.0030033111106604338
2018-06-21,-0.049181368201971054
2018-06-22,0.04672256112098694
2018-06-23,-0.46286943554878235
2018-06-24,-0.19462482631206512
2018-06-25,-0.3422567546367645
2018-06-26,-0.06889896839857101
2018-06-27,0.29222458600997925
2018-06-28,-0.02467947080731392
2018-06-29,0.04721292108297348
2018-06-30,-0.02300151251256466
2018-07-01,0.9226250648498535
2018-07-02,-0.18583886325359344
2018-07-03,0.00979129783809185
2018-07-04,0.30298957228660583
2018-07-05,0.5129966735839844
2018-07-06,0.22822637856006622
2018-07-07,-0.8881087899208069
2018-07-08,-0.22778502106666565
2018-07-09,-0.020385561510920525
2018-07-10,0.04751475527882576
2018-07-11,-0.8953074812889099
2018-07-12,-0.17483459413051605
2018-07-13,0.271136999130249
2018-07-15,0.06798438727855682
2018-07-16,0.05353633686900139
2018-07-17,0.02296043187379837
2018-07-18,-0.1179664209485054
2018-07-19,0.18673965334892273
2018-07-20,0.024249309673905373
2018-07-21,-0.9695353507995605
2018-07-22,-0.047082655131816864
2018-07-23,-0.0038911476731300354
2018-07-24,-0.4529845714569092
2018-07-25,-0.388801246881485
2018-07-26,-0.008773794397711754
2018-07-27,0.19120094180107117
2018-07-28,0.15977606177330017
2018-07-29,0.026481881737709045
2018-07-30,-0.17361870408058167
2018-07-31,-0.14319708943367004
2018-08-01,-0.08806666731834412
2018-08-02,-0.019784938544034958
2018-08-03,0.5081323981285095
2018-08-04,-0.478084534406662
2018-08-05,0.46832653880119324
2018-08-06,-0.00681419437751174
2018-08-07,-0.4231420159339905
2018-08-08,-0.1855221837759018
2018-08-09,0.26420894265174866
2018-08-10,-0.18290048837661743
2018-08-11,-0.06489172577857971
2018-08-13,-0.06841280311346054
2018-08-14,-0.046902257949113846
2018-08-15,-0.1131250411272049
2018-08-16,0.05559489503502846
2018-08-17,-0.3384212851524353
2018-08-18,0.04368503764271736
2018-08-20,-0.16340678930282593
2018-08-21,-0.16070707142353058
2018-08-22,-0.1109347864985466
2018-08-23,0.022890638560056686
2018-08-24,0.00305080134421587
2018-08-25,0.859833836555481
2018-08-26,-0.45658522844314575
2018-08-27,-0.1164020299911499
2018-08-28,-0.07358818501234055
2018-08-29,-0.08449241518974304
2018-08-30,-0.12104342877864838
2018-08-31,-0.06844905763864517
2018-09-01,0.019448578357696533
2018-09-02,0.3300553858280182
2018-09-03,-0.43189704418182373
2018-09-04,-0.23074573278427124
2018-09-05,-0.14566831290721893
2018-09-06,0.2960045635700226
2018-09-07,-0.4388866424560547
2018-09-08,0.04245194420218468
2018-09-09,-0.04370711371302605
2018-09-10,0.15144099295139313
2018-09-11,-0.01922554522752762
2018-09-12,-0.02549278363585472
2018-09-13,0.3254547417163849
2018-09-14,-0.40384846925735474
2018-09-15,-0.01654401794075966
2018-09-16,-0.10637358576059341
2018-09-17,0.22753259539604187
2018-09-18,0.20014195144176483
2018-09-19,-0.07213812321424484
2018-09-20,0.06994231045246124
2018-09-21,-0.032721009105443954
2018-09-22,0.422468900680542
2018-09-23,0.2243403047323227
2018-09-24,-0.43558719754219055
2018-09-25,0.1269368678331375
2018-09-26,0.13746701180934906
2018-09-27,-0.22575289011001587
2018-09-28,-0.07726025581359863
2018-09-29,-0.4475436210632324
2018-09-30,-0.882028341293335
2018-10-01,-0.0009609130793251097
2018-10-02,0.22260333597660065
2018-10-03,-0.18291212618350983
2018-10-04,0.07771851122379303
2018-10-05,-0.26019561290740967
2018-10-06,-0.23727501928806305
2018-10-07,0.08382199704647064
2018-10-08,-0.06222524121403694
2018-10-09,0.016325509175658226
2018-10-10,-0.14187605679035187
2018-10-11,0.009323199279606342
2018-10-12,-0.5891536474227905
2018-10-13,-0.3578282296657562
2018-10-14,0.5689170360565186
2018-10-15,-0.003492165356874466
2018-10-16,-0.2893219590187073
2018-10-17,-0.1882997453212738
2018-10-18,0.07029731571674347
2018-10-19,-0.24520818889141083
2018-10-20,0.2701895236968994
2018-10-21,-0.03657751530408859
2018-10-22,-0.2027517557144165
2018-10-23,0.05271751433610916
2018-10-24,-0.07820522785186768
2018-10-25,-0.2579476237297058
2018-10-26,0.21643538773059845
2018-10-28,-0.4669286906719208
2018-10-29,0.023748457431793213
2018-10-30,-0.028892768546938896
2018-10-31,0.03535372391343117
2018-11-01,-0.3469625413417816
2018-11-02,-0.023379478603601456
2018-11-03,0.011922799050807953
2018-11-04,-0.10982934385538101
2018-11-05,0.05457991361618042
2018-11-06,-0.049154169857501984
2018-11-07,-0.20602872967720032
2018-11-08,0.18647152185440063
2018-11-09,-0.09028621017932892
2018-11-10,0.15612564980983734
2018-11-11,0.4438919425010681
2018-11-12,-0.3525620996952057
2018-11-13,-0.2665962874889374
2018-11-14,-0.016419121995568275
2018-11-15,-0.04201946780085564
2018-11-16,0.2021172046661377
2018-11-17,-0.9179545640945435
2018-11-18,-0.12235531955957413
2018-11-19,-0.322237491607666
2018-11-20,-0.09337667375802994
2018-11-21,-0.42707499861717224
2018-11-22,0.33242934942245483
2018-11-23,0.09342580288648605
2018-11-24,0.8685690760612488
2018-11-25,0.023342331871390343
2018-11-26,-0.20349203050136566
2018-11-27,0.00827729981392622
2018-11-28,-0.008256209082901478
2018-11-29,-0.32141491770744324
2018-11-30,-0.23997856676578522
2018-12-02,0.023579178377985954
2018-12-03,-0.0824977457523346
2018-12-04,-0.020525339990854263
2018-12-05,0.16134662926197052
2018-12-06,0.03134123608469963
2018-12-07,-0.10633456707000732
2018-12-08,0.003250895068049431
2018-12-09,0.2342003434896469
2018-12-10,-0.30531802773475647
2018-12-11,0.08298216760158539
2018-12-12,0.15553511679172516
2018-12-13,0.06520035862922668
2018-12-14,-0.24310021102428436
2018-12-15,-0.3996794819831848
2018-12-16,0.34712904691696167
2018-12-17,-0.0905216634273529
2018-12-18,-0.2331569790840149
2018-12-19,-0.02061728574335575
2018-12-20,-0.24619095027446747
2018-12-21,-0.09903367608785629
2018-12-22,-0.37745362520217896
2018-12-23,-0.24409909546375275
2018-12-24,0.1876457780599594
2018-12-25,-0.40588799118995667
2018-12-26,-0.1962399035692215
2018-12-27,-0.2438555210828781
2018-12-28,-0.4421520233154297
2018-12-29,0.354048490524292
2018-12-30,-0.15701216459274292
2018-12-31,-0.39618396759033203
2019-01-01,-0.3424958884716034
2019-01-02,-0.05721137672662735
2019-01-03,0.0271824412047863
2019-01-04,-0.34828826785087585
2019-01-05,-0.9472160339355469
2019-01-06,-0.013432255014777184
2019-01-07,-0.09567687660455704
2019-01-08,-0.3278292715549469
2019-01-09,-0.15185436606407166
2019-01-10,0.2638636827468872
2019-01-11,0.15767411887645721
2019-01-12,-0.0008495859801769257
2019-01-13,0.27365097403526306
2019-01-14,-0.17657175660133362
2019-01-15,-0.2765498161315918
2019-01-16,0.19730281829833984
2019-01-17,0.2677311599254608
2019-01-18,0.2574100196361542
2019-01-19,-0.16492176055908203
2019-01-21,-0.14375868439674377
2019-01-22,0.30042901635169983
2019-01-23,0.20241713523864746
2019-01-24,-0.4114353060722351
2019-01-25,0.06638119369745255
2019-01-26,-0.016708310693502426
2019-01-27,0.004666411783546209
2019-01-28,0.42309141159057617
2019-01-29,0.19335629045963287
2019-01-30,-0.1184622049331665
2019-01-31,-0.1540478616952896
2019-02-01,-0.04132404550909996
2019-02-02,-0.4437161087989807
2019-02-03,-0.21341493725776672
2019-02-04,-0.37383711338043213
2019-02-05,-0.20452149212360382
2019-02-06,-0.1578320860862732
2019-02-07,0.25415852665901184
2019-02-08,-0.2329077422618866
2019-02-09,-0.9078826904296875
2019-02-10,0.03663240745663643
2019-02-11,0.4300917088985443
2019-02-12,0.23345805704593658
2019-02-13,-0.0005080535775050521
2019-02-14,0.02833622694015503
2019-02-15,-0.05819381773471832
2019-02-17,-0.07974247634410858
2019-02-18,-0.16519582271575928
2019-02-19,0.03590945526957512
2019-02-20,0.15006069839000702
2019-02-21,0.2553826570510864
2019-02-22,0.4857012629508972
2019-02-24,0.06376754492521286
2019-02-25,0.24208858609199524
2019-02-26,-0.6490398645401001
2019-02-27,-0.16873028874397278
2019-02-28,-0.0019914209842681885
2019-03-01,0.21498629450798035
2019-03-02,-0.9313716888427734
2019-03-03,-0.22337664663791656
2019-03-04,0.04564199969172478
2019-03-05,-0.2905440628528595
2019-03-06,0.36886945366859436
2019-03-07,-0.010365976020693779
2019-03-08,0.07996507734060287
2019-03-09,0.03640745207667351
2019-03-10,-0.08734092861413956
2019-03-11,0.21307873725891113
2019-03-12,-0.10534954071044922
2019-03-13,0.44360339641571045
2019-03-14,0.22367477416992188
2019-03-15,-0.07044042646884918
2019-03-16,0.37020841240882874
2019-03-17,-0.19152875244617462
2019-03-18,-0.3444198966026306
2019-03-20,0.9019744396209717
2019-03-21,0.4133353531360626
2019-03-22,-0.6436349153518677
2019-03-23,-0.45492029190063477
2019-03-24,0.9247212409973145
2019-03-25,0.056656792759895325
2019-03-26,-0.13291026651859283
2019-03-27,-0.0018144771456718445
2019-03-28,0.12421417236328125
2019-03-29,-0.01902083121240139
2019-03-30,0.8236255645751953
2019-03-31,0.6871564388275146
2019-04-01,0.2633749842643738
2019-04-02,-0.34405580163002014
2019-04-03,-0.21935224533081055
2019-04-04,-0.13881641626358032
2019-04-05,0.21564354002475739
2019-04-06,-0.0762350931763649
2019-04-08,0.3319530487060547
2019-04-09,-0.33852046728134155
2019-04-10,-0.1438981294631958
2019-04-11,-0.09474355727434158
2019-04-12,-0.30322420597076416
2019-04-13,0.0701000764966011
2019-04-14,-0.1930319219827652
2019-04-15,-0.9539046883583069
2019-04-16,-0.0028554003220051527
2019-04-17,-0.332582026720047
2019-04-18,-0.13415640592575073
2019-04-19,0.9276809692382812
2019-04-20,0.5056698322296143
2019-04-21,0.30619746446609497
2019-04-22,-0.3342689573764801
2019-04-23,0.058200299739837646
2019-04-24,-0.029994696378707886
2019-04-25,-0.17272983491420746
2019-04-26,0.2763885259628296
2019-04-27,-0.15564320981502533
2019-04-28,0.43486398458480835
2019-04-29,-0.41487133502960205
2019-04-30,0.17213809490203857
2019-05-01,-0.4197468161582947
2019-05-02,0.30440977215766907
2019-05-03,-0.6172296404838562
2019-05-04,-0.23427210748195648
2019-05-05,-0.4171755313873291
2019-05-06,-0.11654959619045258
2019-05-07,-0.03773295134305954
2019-05-08,-0.5096190571784973
2019-05-09,-0.47382840514183044
2019-05-10,-0.18698525428771973
2019-05-11,0.7858321070671082
2019-05-13,-0.03946882486343384
2019-05-14,0.16595441102981567
2019-05-15,-0.26758912205696106
2019-05-16,-0.16117464005947113
2019-05-17,0.03789140656590462
2019-05-19,0.8873525261878967
2019-05-20,-0.16803394258022308
2019-05-21,-0.02484506368637085
2019-05-22,-0.2230914682149887
2019-05-23,-0.0046637654304504395
2019-05-24,0.3718218505382538
2019-05-25,0.11479523032903671
2019-05-27,-0.44587281346321106
2019-05-28,-0.13121698796749115
2019-05-29,0.2764439284801483
2019-05-30,-0.3425697386264801
2019-05-31,0.12092350423336029
2019-06-01,-0.44680190086364746
2019-06-02,-0.7703472375869751
2019-06-03,-0.052572932094335556
2019-06-04,0.3696638345718384
2019-06-05,-0.03854836896061897
2019-06-06,-0.3394242525100708
2019-06-07,-0.2622881233692169
2019-06-08,-0.29707643389701843
2019-06-09,-0.009573083370923996
2019-06-10,-0.12148399651050568
2019-06-11,0.18489623069763184
2019-06-12,-0.031512465327978134
2019-06-13,-0.15116696059703827
2019-06-14,0.0278745349496603
2019-06-15,0.024190982803702354
2019-06-17,-0.1728009581565857
2019-06-18,-0.004745658487081528
2019-06-19,-0.27219733595848083
2019-06-20,0.6329377889633179
2019-06-21,0.26637858152389526
2019-06-22,0.47103017568588257
2019-06-24,-0.050446778535842896
2019-06-25,-0.11196453869342804
2019-06-26,-0.38674747943878174
2019-06-27,-0.6043707728385925
2019-06-28,-0.28787174820899963
2019-06-29,0.09943604469299316
2019-06-30,0.05878337845206261
2019-07-01,0.00772198848426342
2019-07-02,0.5462847352027893
2019-07-03,0.5979284644126892
2019-07-04,0.05075272172689438
2019-07-05,-0.8806456327438354
2019-07-06,-0.011928841471672058
2019-07-07,0.8757996559143066
2019-07-08,0.0023729668464511633
2019-07-09,-0.16925346851348877
2019-07-10,-0.3157573342323303
2019-07-11,0.1890513002872467
2019-07-12,0.44215551018714905
2019-07-13,0.6491709351539612
2019-07-14,0.11974954605102539
2019-07-15,-0.21568678319454193
2019-07-16,0.5273911356925964
2019-07-17,-0.10003065317869186
2019-07-18,0.045738816261291504
2019-07-19,0.08858672529459
2019-07-20,0.34821245074272156
2019-07-22,-0.13724705576896667
2019-07-23,-0.016255861148238182
2019-07-24,0.006208916660398245
2019-07-25,0.7086763978004456
2019-07-26,0.4438198506832123
2019-07-28,-0.16012878715991974
2019-07-29,-0.13805821537971497
2019-07-30,-0.40454715490341187
2019-07-31,0.41372665762901306
2019-08-01,-0.11501605063676834
2019-08-02,0.051276665180921555
2019-08-03,-0.3278665244579315
2019-08-04,-0.9262803196907043
2019-08-05,0.13945095241069794
2019-08-06,0.29407626390457153
2019-08-07,-0.003153886180371046
2019-08-08,-0.15688326954841614
2019-08-09,-0.40451183915138245
2019-08-10,-0.03264501690864563
2019-08-11,-0.9463880062103271
2019-08-12,-0.49905773997306824
2019-08-13,0.04154227674007416
2019-08-14,-0.12127947062253952
2019-08-15,-0.5819048881530762
2019-08-16,0.16079993546009064
2019-08-17,0.20092074573040009
2019-08-18,0.46260714530944824
2019-08-19,-0.00846746563911438
2019-08-20,0.09619216620922089
2019-08-21,0.19206973910331726
2019-08-22,-0.8789593577384949
2019-08-23,-0.05006561800837517
2019-08-24,0.5120967030525208
2019-08-25,0.10402975231409073
2019-08-26,-0.14095060527324677
2019-08-27,-0.001975124469026923
2019-08-28,-0.28135403990745544
2019-08-29,0.7096285820007324
2019-08-30,-0.2044057846069336
2019-08-31,-0.10006941109895706
2019-09-01,-0.5504213571548462
2019-09-02,0.020641515031456947
2019-09-03,0.06992941349744797
2019-09-04,-0.03545881807804108
2019-09-05,0.17547477781772614
2019-09-06,0.11745784431695938
2019-09-07,0.011046979576349258
2019-09-08,-0.2659735381603241
2019-09-09,-0.2960367798805237
2019-09-10,0.2881658971309662
2019-09-11,0.1712666004896164
2019-09-12,-0.11801930516958237
2019-09-13,-0.45021823048591614
2019-09-14,0.8529955744743347
2019-09-15,-0.4201379418373108
2019-09-16,0.016136812046170235
2019-09-17,-0.2938900887966156
2019-09-18,-0.01702682115137577
2019-09-19,0.042146164923906326
2019-09-20,0.05417393520474434
2019-09-21,0.8905266523361206
2019-09-22,0.22636696696281433
2019-09-23,0.22090962529182434
2019-09-24,-0.14841607213020325
2019-09-25,-0.2191224843263626
2019-09-26,0.15977635979652405
2019-09-27,0.1662721186876297
2019-09-28,-0.4365221858024597
2019-09-29,-0.46618780493736267
2019-09-30,-0.5159866213798523
2019-10-01,-0.243171826004982
2019-10-02,-0.3604884147644043
2019-10-03,0.08922266960144043
2019-10-04,-0.10752017796039581
2019-10-05,-0.6416001915931702
2019-10-06,0.6172523498535156
2019-10-07,-0.08733848482370377
2019-10-08,0.2612014710903168
2019-10-09,-0.004843199625611305
2019-10-10,-0.06396608054637909
2019-10-11,0.28886064887046814
2019-10-12,-0.5368214249610901
2019-10-14,0.1603902131319046
2019-10-15,-0.33866173028945923
2019-10-16,-0.13995058834552765
2019-10-17,0.1736561506986618
2019-10-18,0.05027360841631889
2019-10-19,-0.7645598649978638
2019-10-20,0.6093987822532654
2019-10-21,-0.23209045827388763
2019-10-22,-0.04218582808971405
2019-10-23,-0.26628682017326355
2019-10-24,-0.3773554861545563
2019-10-25,0.2891494929790497
2019-10-26,-0.025830179452896118
2019-10-27,0.46838459372520447
2019-10-28,0.0576745867729187
2019-10-29,0.055580317974090576
2019-10-30,0.09810227900743484
2019-10-31,0.3770769536495209
2019-11-01,-0.23749789595603943
2019-11-02,0.016472259536385536
2019-11-03,-0.08001379668712616
2019-11-04,-0.09540552645921707
2019-11-05,-0.18486063182353973
2019-11-06,0.19234547019004822
2019-11-07,-0.11656183749437332
2019-11-08,-0.12827874720096588
2019-11-09,-0.0005138993146829307
2019-11-11,-0.0030529398936778307
2019-11-12,-0.11400500684976578
2019-11-13,-0.16832390427589417
2019-11-14,-0.26105639338493347
2019-11-15,0.25382235646247864
2019-11-16,-0.40766265988349915
2019-11-17,-0.9341052770614624
2019-11-18,0.051762860268354416
2019-11-19,-0.44979608058929443
2019-11-20,-0.31859061121940613
2019-11-21,-0.3965347409248352
2019-11-22,-0.17814143002033234
2019-11-24,-0.024763578549027443
2019-11-25,0.22363832592964172
2019-11-26,-0.011965051293373108
2019-11-27,0.08171401172876358
2019-11-28,0.47819456458091736
2019-11-29,0.1651206761598587
2019-11-30,-0.1122310608625412
2019-12-01,-0.17811451852321625
2019-12-02,0.06361614912748337
2019-12-03,-0.019640816375613213
2019-12-04,0.2259245365858078
2019-12-05,-0.06827180087566376
2019-12-06,0.06444647908210754
2019-12-07,0.21750661730766296
2019-12-08,-0.5662070512771606
2019-12-09,-0.1195477768778801
2019-12-10,-0.20353835821151733
2019-12-11,-0.26832115650177
2019-12-12,-0.3484131693840027
2019-12-13,0.06953422725200653
2019-12-14,-0.45321062207221985
2019-12-15,-0.628400444984436
2019-12-16,0.1542958915233612
2019-12-17,-0.21606744825839996
2019-12-18,0.08681508898735046
2019-12-19,-0.13304021954536438
2019-12-20,0.37146323919296265
2019-12-21,-0.42611396312713623
2019-12-22,0.1310553252696991
2019-12-23,0.053363993763923645
2019-12-24,-0.21006105840206146
2019-12-25,-0.6745559573173523
2019-12-26,0.14755989611148834
2019-12-27,0.04520478844642639
2019-12-28,0.46554049849510193
2019-12-29,-0.0231600571423769
2019-12-30,0.03849366307258606
2019-12-31,0.17354030907154083
2020-01-01,0.1236109510064125
2020-01-02,0.035705458372831345
2020-01-03,0.1339920461177826
2020-01-04,0.3672617971897125
2020-01-05,-0.2329942286014557
2020-01-06,0.06668863445520401
2020-01-07,-0.3665439784526825
2020-01-08,0.2194375842809677
2020-01-09,0.07976419478654861
2020-01-10,0.049186043441295624
2020-01-11,-0.296688437461853
2020-01-12,0.9254188537597656
2020-01-13,-0.22013859450817108
2020-01-14,-0.003765570465475321
2020-01-15,-0.09646355360746384
2020-01-16,0.00883068423718214
2020-01-17,0.2869359850883484
2020-01-18,0.9108039140701294
2020-01-19,0.435263454914093
2020-01-20,-0.11379004269838333
2020-01-21,0.08922549337148666
2020-01-22,-0.5415109992027283
2020-01-23,0.04497265815734863
2020-01-24,-0.05434413626790047
2020-01-25,0.9192487001419067
2020-01-26,-0.9568845629692078
2020-01-27,-0.14695505797863007
2020-01-28,0.19786067306995392
2020-01-29,0.03660718351602554
2020-01-30,-0.4668997824192047
2020-01-31,-0.01832219958305359
2020-02-01,-0.26486292481422424
2020-02-03,0.3302050530910492
2020-02-04,-0.32976603507995605
2020-02-05,0.35529813170433044
2020-02-06,0.019848639145493507
2020-02-07,-0.05629560723900795
2020-02-08,0.917774498462677
2020-02-09,0.47034138441085815
2020-02-10,-0.07258870452642441
2020-02-11,-0.45296692848205566
2020-02-12,-0.023546984419226646
2020-02-13,-0.1829199194908142
2020-02-14,0.3903287351131439
2020-02-15,-0.3132580518722534
2020-02-16,0.658290445804596
2020-02-17,0.5912687182426453
2020-02-18,-0.06087304651737213
2020-02-19,-0.21135790646076202
2020-02-20,0.23257330060005188
2020-02-21,0.331993967294693
2020-02-22,-0.015530484728515148
2020-02-23,0.16579236090183258
2020-02-24,-0.1203242763876915
2020-02-25,-0.020877907052636147
2020-02-26,-0.24537615478038788
2020-02-27,-0.2764708399772644
2020-02-28,-0.15274280309677124
2020-02-29,-0.9102178812026978
2020-03-01,-0.8944547176361084
2020-03-02,-0.2687552273273468
2020-03-03,0.2371314913034439
2020-03-04,0.1154608353972435
2020-03-05,-0.3286398947238922
2020-03-06,-0.22570495307445526
2020-03-07,-0.1509188711643219
2020-03-08,-0.3869563937187195
2020-03-09,-0.3247903287410736
2020-03-10,0.14438588917255402
2020-03-11,-0.09044645726680756
2020-03-12,-0.23819012939929962
2020-03-13,0.03013668768107891
2020-03-14,-0.26336002349853516
2020-03-15,-0.5060011744499207
2020-03-16,-0.4276438355445862
2020-03-17,-0.18685142695903778
2020-03-18,-0.3010661005973816
2020-03-19,-0.11848024278879166
2020-03-20,-0.23699069023132324
2020-03-21,0.030214857310056686
2020-03-22,0.20257651805877686
2020-03-23,-0.22403334081172943
2020-03-24,-0.13437362015247345
2020-03-25,-0.27403104305267334
2020-03-26,-0.08409685641527176
2020-03-27,0.0015535898273810744
2020-03-28,0.07161852717399597
2020-03-29,0.3999355137348175
2020-03-30,-0.6028621792793274
2020-03-31,-0.345589280128479
2020-04-01,-0.032685212790966034
2020-04-02,-0.17301516234874725
2020-04-03,-0.46834465861320496
2020-04-04,0.8968262076377869
2020-04-05,0.5143297910690308
2020-04-06,0.14501804113388062
2020-04-07,0.10839592665433884
2020-04-08,-0.019030317664146423
2020-04-09,-0.18915992975234985
2020-04-10,-0.3445526659488678
2020-04-11,-0.47638216614723206
2020-04-12,0.1802224963903427
2020-04-13,0.24152681231498718
2020-04-14,-0.34390488266944885
2020-04-15,0.1468954086303711
2020-04-16,-0.1596212089061737
2020-04-17,-0.28755664825439453
2020-04-18,0.48181214928627014
2020-04-19,0.14255574345588684
2020-04-20,0.10733450949192047
2020-04-21,0.11158327013254166
2020-04-22,-0.9165040254592896
2020-04-23,-0.2620256841182709
2020-04-24,-0.10227770358324051
2020-04-26,0.0808127298951149
2020-04-27,-0.2892005145549774
2020-04-28,-0.18886488676071167
2020-04-29,0.2932828962802887
2020-04-30,-0.13369476795196533
2020-05-01,0.041934575885534286
2020-05-02,-0.34724676609039307
2020-05-03,-0.05364368483424187
2020-05-04,-0.44039207696914673
2020-05-05,0.008841291069984436
2020-05-06,0.1081719771027565
2020-05-07,-0.07713724672794342
2020-05-08,-0.15338903665542603
2020-05-09,0.20866133272647858
2020-05-10,0.8003975749015808
2020-05-11,0.008100452832877636
2020-05-12,0.2567868232727051
2020-05-13,0.11773965507745743
2020-05-14,-0.2517825663089752
2020-05-15,0.034671805799007416
2020-05-17,-0.548709511756897
2020-05-18,-0.04951442778110504
2020-05-19,-0.6004238724708557
2020-05-20,-0.23986971378326416
2020-05-21,-0.14881321787834167
2020-05-22,-0.025955019518733025
2020-05-23,0.5128710269927979
2020-05-24,0.863271951675415
2020-05-25,-0.5471908450126648
2020-05-26,-0.056044355034828186
2020-05-27,0.06463663280010223
2020-05-28,0.02245466411113739
2020-05-29,0.3280833959579468
2020-06-01,0.09781026095151901
2020-06-02,-0.09210269153118134
2020-06-03,-0.08742988109588623
2020-06-04,-0.02305547147989273
2020-06-05,0.036374546587467194
2020-06-08,0.21821177005767822
2020-06-09,-0.17250405251979828
2020-06-10,-0.47587740421295166
2020-06-11,-0.27872732281684875
2020-06-12,-0.10216812789440155
2020-06-15,-0.2760859727859497
2020-06-16,-0.11827602982521057
2020-06-17,0.006119986996054649
2020-06-19,-0.1332145482301712
2020-06-22,0.04136545956134796
2020-06-24,-0.2948169708251953
2020-06-25,-0.19293463230133057
2020-06-26,-0.2991069257259369
2020-06-29,-0.007667748257517815
2020-06-30,-0.022335071116685867
2020-07-01,0.07994400709867477
2020-07-02,0.03613036870956421
2020-07-06,-0.3755318224430084
2020-07-08,0.14637741446495056
2020-07-09,0.0005638748407363892
2020-07-10,0.30134549736976624
2020-07-13,-0.5619201064109802
2020-07-15,-0.0013423655182123184
2020-07-20,0.5700827240943909
2020-07-21,0.2628612518310547
2020-07-22,-0.4082063138484955
2020-07-23,0.9300455451011658
2020-07-27,-0.04932032898068428
2020-07-28,0.024179300293326378
2020-07-29,-0.9108639359474182
2020-07-30,0.2903421223163605
2020-07-31,-0.25293150544166565
2020-08-03,0.6077108979225159
2020-08-04,0.24022555351257324
2020-08-06,0.10007527470588684
2020-08-07,-0.0892387181520462
2020-08-10,0.02478168159723282
2020-08-11,0.16856756806373596
2020-08-12,0.6327479481697083
2020-08-13,-0.3651576042175293
2020-08-14,0.12969322502613068
2020-08-17,0.009683998301625252
2020-08-18,0.04389427602291107
2020-08-19,0.04122798889875412
2020-08-20,0.043492391705513
2020-08-21,0.017335405573248863
2020-08-24,-0.20094892382621765
2020-08-25,-0.08580168336629868
2020-08-26,-0.3120296895503998
2020-08-27,0.027738144621253014
2020-08-28,0.05056142061948776
2020-08-31,-0.31948354840278625
2020-09-01,0.023066498339176178
2020-09-02,-0.4605211317539215
2020-09-03,-0.8085635304450989
2020-09-04,-0.02321479469537735
2020-09-08,-0.6905139088630676
2020-09-09,-0.5164276361465454
2020-09-10,0.33305537700653076
2020-09-14,0.6876822710037231
2020-09-15,0.06723417341709137
2020-09-16,0.13816018402576447
2020-09-17,0.3278510272502899
2020-09-18,-0.20327119529247284
2020-09-21,-0.44392579793930054
2020-09-22,-0.9465471506118774
2020-09-23,-0.2889029085636139
2020-09-24,0.45976579189300537
2020-09-25,-0.9247428774833679
2020-09-28,0.8885540962219238
2020-09-29,0.36120814085006714
2020-09-30,0.03747786208987236
2020-10-01,-0.0349111333489418
2020-10-06,-0.5715135335922241
2020-10-07,0.11452555656433105
2020-10-08,0.09498462080955505
2020-10-12,-0.21923746168613434
2020-10-13,-0.11251809448003769
2020-10-14,0.06420920044183731
2020-10-15,-0.07103490084409714
2020-10-16,-0.9522863626480103
2020-10-19,0.11469852179288864
2020-10-20,0.08380413055419922
2020-10-21,0.31422188878059387
2020-10-22,-0.017854642122983932
2020-10-23,-0.044205427169799805
2020-10-26,0.8954594731330872
2020-10-27,-0.009901722893118858
2020-10-28,-0.2748974561691284
2020-10-29,0.06903187930583954
2020-11-02,0.2529633045196533
2020-11-03,0.2896887958049774
2020-11-04,0.1405922770500183
2020-11-05,-0.21153604984283447
2020-11-06,0.49255457520484924
2020-11-09,0.25510820746421814
2020-11-12,-0.008326709270477295
2020-11-13,0.3154216706752777
2020-11-16,0.5061403512954712
2020-11-17,0.036472536623477936
2020-11-18,0.14672796428203583
2020-11-19,-0.3289624750614166
2020-11-20,-0.012849602848291397
2020-11-23,-0.06251174956560135
2020-11-24,0.31958648562431335
2020-11-25,0.1382109671831131
2020-11-27,0.434104323387146
2020-11-30,-0.3743770122528076
2020-12-01,0.07760745286941528
2020-12-02,0.35740453004837036
2020-12-04,0.9209809899330139
2020-12-09,0.7663640975952148
2020-12-10,-0.3030194342136383
2020-12-11,0.004104409366846085
2020-12-14,0.06287732720375061
2020-12-15,0.006709424778819084
2020-12-16,0.15782195329666138
2020-12-17,0.5021560192108154
2020-12-18,0.8657048940658569
2020-12-21,0.03165906295180321
2020-12-22,-0.09398588538169861
2020-12-23,0.023571262136101723
2020-12-24,0.34212353825569153
2020-12-28,-0.7572823166847229
2020-12-29,0.23597951233386993
2020-12-30,0.8650264739990234
2021-01-04,-0.170403853058815
2021-01-05,-0.3078027069568634
2021-01-06,-0.7636337280273438
2021-01-07,-0.008675210177898407
2021-01-08,0.02872515469789505
2021-01-11,-0.03912941366434097
2021-01-12,0.03311347961425781
2021-01-13,-0.47690349817276
2021-01-14,-0.05684378743171692
2021-01-15,-0.03894506022334099
2021-01-19,0.10100430995225906
2021-01-20,0.21020154654979706
2021-01-21,-0.14668799936771393
2021-01-25,-0.2969178557395935
2021-01-26,0.06489020586013794
2021-01-28,0.058420367538928986
2021-01-29,0.21842220425605774
2021-02-01,0.36292731761932373
2021-02-02,-0.2614615857601166
2021-02-04,0.017744749784469604
2021-02-05,0.00752233574166894
2021-02-08,-0.041307203471660614
2021-02-09,-0.16895243525505066
2021-02-10,-0.04224569723010063
2021-02-11,0.09564395993947983
2021-02-12,0.024969931691884995
2021-02-16,0.19686877727508545
2021-02-17,-0.0846601352095604
2021-02-18,-0.41282129287719727
2021-02-22,-0.026801113039255142
2021-02-23,0.3783795237541199
2021-02-24,0.9008098840713501
2021-02-25,-0.11332470178604126
2021-02-26,0.531866729259491
2021-03-01,0.19742143154144287
2021-03-02,0.6053001880645752
2021-03-03,0.3540772497653961
2021-03-04,-0.803371250629425
2021-03-05,-0.09676122665405273
2021-03-08,-0.12200260907411575
2021-03-09,-0.18706731498241425
2021-03-10,-0.4726204574108124
2021-03-11,0.19442540407180786
2021-03-12,0.014425858855247498
2021-03-15,0.0037389416247606277
2021-03-16,-0.38324427604675293
2021-03-17,0.24289585649967194
2021-03-18,-0.010510195977985859
2021-03-19,-0.046184152364730835
2021-03-22,-0.28889384865760803
2021-03-23,-0.05497611686587334
2021-03-24,-0.23195518553256989
2021-03-25,0.021235987544059753
2021-03-26,-0.08556488156318665
2021-03-29,0.24111586809158325
2021-03-30,-0.19903215765953064
2021-03-31,-0.08064088225364685
2021-04-01,0.3638680875301361
2021-04-05,-0.8437097668647766
2021-04-06,-0.05284187197685242
2021-04-07,0.08210719376802444
2021-04-08,-0.01236000657081604
2021-04-09,0.04742034897208214
2021-04-12,0.10281991958618164
2021-04-13,-0.31192880868911743
2021-04-14,0.2305188775062561
2021-04-15,-0.3724207282066345
2021-04-16,0.44689518213272095
2021-04-19,-0.0732811838388443
2021-04-20,0.10841131210327148
2021-04-21,-0.24310801923274994
2021-04-22,0.49567610025405884
2021-04-23,0.03175339847803116
2021-04-26,0.8887833952903748
2021-04-27,0.06708380579948425
2021-04-28,-0.07852980494499207
2021-04-29,-0.4704665541648865
2021-04-30,0.017511701211333275
2021-05-03,0.16287463903427124
2021-05-04,-0.2063504457473755
2021-05-05,0.1863217055797577
2021-05-06,0.05326635017991066
2021-05-07,-0.028292857110500336
2021-05-10,-0.03954147547483444
2021-05-11,-0.45370277762413025
2021-05-12,-0.19242335855960846
2021-05-13,-0.07630479335784912
2021-05-14,0.8104340434074402
2021-05-17,-0.2678496837615967
2021-05-18,-0.2627311050891876
2021-05-19,-0.02236083894968033
2021-05-20,-0.2868833541870117
2021-05-21,-0.2958463728427887
2021-05-24,0.1186404600739479
2021-05-25,0.11160309612751007
2021-05-26,-0.10041335225105286
2021-05-27,0.06855882704257965
2021-05-28,-0.1312553435564041
2021-06-01,0.2198069840669632
2021-06-02,0.5530061721801758
2021-06-03,0.008130241185426712
2021-06-04,-0.050753794610500336
2021-06-07,-0.4482536017894745
2021-06-08,0.30857470631599426
2021-06-09,0.2507351040840149
2021-06-10,0.23373639583587646
2021-06-14,0.05276582017540932
2021-06-15,-0.0509960874915123
2021-06-16,0.05113703012466431
2021-06-17,-0.3540516495704651
2021-06-18,-0.053572893142700195
2021-06-21,-0.006710518151521683
2021-06-23,-0.05547831580042839
2021-06-24,0.004970591515302658
2021-06-25,-0.15425372123718262
2021-06-28,0.11434449255466461
2021-06-29,0.24316169321537018
2021-06-30,-0.0272698812186718
2021-07-01,-0.42914122343063354
2021-07-02,0.028550423681735992
2021-07-06,0.8025965690612793
2021-07-07,-0.17607374489307404
2021-07-08,0.7600175738334656
2021-07-12,0.16482144594192505
2021-07-13,-0.3728311061859131
2021-07-14,-0.32689011096954346
2021-07-15,-0.595500111579895
2021-07-16,0.17976033687591553
2021-07-19,-0.06729835271835327
2021-07-20,0.1706930249929428
2021-07-21,0.29906630516052246
2021-07-22,-0.289357453584671
2021-07-23,-0.41066476702690125
2021-07-26,0.07883043587207794
2021-07-27,0.8404573202133179
2021-07-29,-0.00552692636847496
2021-07-30,0.10477573424577713
2021-08-02,-0.08980689942836761
2021-08-03,0.11179495602846146
2021-08-04,-0.062371570616960526
2021-08-05,0.4267715811729431
2021-08-06,0.41137710213661194
2021-08-09,0.03149757534265518
2021-08-10,-0.36844316124916077
2021-08-11,-0.10658556967973709
2021-08-13,-0.6901476979255676
2021-08-16,0.21385808289051056
2021-08-17,0.22520753741264343
2021-08-18,0.08582931756973267
2021-08-19,0.33127641677856445
2021-08-20,-0.4873053729534149
2021-08-24,0.22469714283943176
2021-08-25,-0.37316951155662537
2021-08-26,0.0719461664557457
2021-08-27,0.05033230409026146
2021-08-30,-0.04355321079492569
2021-08-31,0.0052533820271492004
2021-09-01,-0.32199570536613464
2021-09-02,-0.4817909598350525
2021-09-03,-0.7901108264923096
2021-09-07,-0.002957763150334358
2021-09-08,-0.0393400676548481
2021-09-09,0.02702317014336586
2021-09-14,-0.055001597851514816
2021-09-15,-0.15543141961097717
2021-09-17,-0.3605080544948578
2021-09-20,-0.19598901271820068
2021-09-21,-0.6763460636138916
2021-09-22,-0.014053542166948318
2021-09-23,-0.4763115644454956
2021-09-24,0.0024673491716384888
2021-09-27,0.06601951271295547
2021-09-28,0.017607592046260834
2021-09-29,0.11200536787509918
2021-09-30,-0.03787592425942421
2021-10-01,-0.020188316702842712
2021-10-04,-0.00810335949063301
2021-10-05,-0.264252632856369
2021-10-06,-0.26097482442855835
2021-10-08,0.023647993803024292
2021-10-11,0.44236645102500916
2021-10-12,0.10647555440664291
2021-10-13,0.05814124643802643
2021-10-14,0.17825624346733093
2021-10-15,-0.01238089706748724
2021-10-18,0.8250777721405029
2021-10-19,0.06479717046022415
2021-10-20,0.1514829397201538
2021-10-21,0.4729706346988678
2021-10-22,-0.12468535453081131
2021-10-25,0.0032716933637857437
2021-10-26,-0.23083442449569702
2021-10-27,-0.03829503059387207
2021-10-28,0.22528298199176788
2021-10-29,-0.14772088825702667
2021-11-01,0.09093214571475983
2021-11-02,-0.09602171182632446
2021-11-03,0.0899750366806984
2021-11-04,-0.013847112655639648
2021-11-05,0.24262697994709015
2021-11-08,-0.10753665119409561
2021-11-09,0.06107424572110176
2021-11-10,-0.468963623046875
2021-11-12,-0.06695009022951126
2021-11-15,0.044292252510786057
2021-11-16,-0.4553847312927246
2021-11-17,-0.16659408807754517
2021-11-18,-0.0752222016453743
2021-11-19,0.04539073631167412
2021-11-22,0.03649585694074631
2021-11-23,0.021058030426502228
2021-11-24,0.14571769535541534
2021-11-26,-0.03459637612104416
2021-11-29,-0.21947066485881805
2021-11-30,-0.020823011174798012
2021-12-01,-0.09650671482086182
2021-12-02,-0.20702113211154938
2021-12-03,-0.5201393365859985
2021-12-06,0.08570561558008194
2021-12-07,0.21494722366333008
2021-12-08,-0.3209412395954132
2021-12-09,-0.010780679062008858
2021-12-10,0.8904814720153809
2021-12-13,0.18151262402534485
2021-12-14,0.16565847396850586
2021-12-15,-0.468258261680603
2021-12-16,0.13675232231616974
2021-12-17,0.9255561232566833
2021-12-20,0.00952814519405365
2021-12-21,0.24363601207733154
2021-12-22,0.21019694209098816
2021-12-23,0.01113065518438816
2021-12-27,-0.26019537448883057
2021-12-28,0.0013356758281588554
2021-12-29,-0.2309069186449051
2021-12-30,0.2321614772081375
2021-12-31,-0.04405887424945831
2022-01-03,-0.05356960371136665
2022-01-04,0.12779580056667328
2022-01-05,0.01037963479757309
2022-01-06,-0.26041457056999207
2022-01-07,-0.21495524048805237
2022-01-10,-0.11860493570566177
2022-01-11,-0.27524980902671814
2022-01-12,0.029471198096871376
2022-01-13,0.1775168478488922
2022-01-14,0.002365116961300373
2022-01-18,-0.10121013969182968
2022-01-19,0.07712046802043915
2022-01-20,-0.4554964601993561
2022-01-21,-0.32014909386634827
2022-01-24,-0.45344528555870056
2022-01-25,-0.45360592007637024
2022-01-26,-0.15251484513282776
2022-01-27,0.02819928526878357
2022-01-28,-0.010518185794353485
2022-01-31,-0.2953309416770935
2022-02-01,-0.3033654987812042
2022-02-02,-0.1455783247947693
2022-02-03,0.24990186095237732
2022-02-04,-0.04644894599914551
2022-02-07,0.22283266484737396
2022-02-08,0.0421106219291687
2022-02-09,0.1132257804274559
2022-02-10,0.004455068148672581
2022-02-11,0.006801803596317768
2022-02-14,-0.15640811622142792
2022-02-15,-0.006515592336654663
2022-02-16,-0.42874351143836975
2022-02-18,-0.02361329086124897
2022-02-22,-0.18034307658672333
2022-02-23,-0.15994639694690704
2022-02-24,0.06615804880857468
2022-02-25,0.28997960686683655
2022-02-28,0.4367779493331909
2022-03-01,0.27503231167793274
2022-03-02,0.03132843226194382
2022-03-03,-0.028690798208117485
2022-03-04,-0.23043903708457947
2022-03-07,-0.1806691437959671
2022-03-08,-0.20281603932380676
2022-03-09,-0.2459871619939804
2022-03-10,-0.13103242218494415
2022-03-11,-0.2233700454235077
2022-03-14,-0.29573050141334534
2022-03-15,-0.18013298511505127
2022-03-16,0.02366921491920948
2022-03-17,0.15204939246177673
2022-03-18,-0.011587974615395069
2022-03-21,0.17728427052497864
2022-03-22,-0.39775174856185913
2022-03-23,-0.31563928723335266
2022-03-24,-0.1354428231716156
2022-03-25,0.17579035460948944
2022-03-28,-0.35376331210136414
2022-03-29,0.0021593011915683746
2022-03-30,-0.6193873882293701
2022-03-31,0.77745521068573
2022-04-01,0.565414547920227
2022-04-04,0.10127846896648407
2022-04-05,-0.021314358338713646
2022-04-06,-0.4697675406932831
2022-04-07,0.17327947914600372
2022-04-08,0.2278582602739334
2022-04-11,0.04615600407123566
2022-04-12,0.34170493483543396
2022-04-13,0.016975684091448784
2022-04-14,0.3221985697746277
2022-04-18,-0.17779988050460815
2022-04-19,-0.14523230493068695
2022-04-20,-0.5589114427566528
2022-04-21,-0.23209871351718903
2022-04-22,-0.17381469905376434
2022-04-25,0.3185446858406067
2022-04-26,-0.1814275085926056
2022-04-27,-0.10558507591485977
2022-04-28,-0.4240860342979431
2022-04-29,-0.3170569837093353
2022-05-02,-0.45494744181632996
2022-05-03,-0.01759207993745804
2022-05-04,-0.09824428707361221
2022-05-05,-0.1660580188035965
2022-05-06,-0.0775277391076088
2022-05-09,-0.5021144151687622
2022-05-10,-0.24909748136997223
2022-05-11,-0.5696358680725098
2022-05-12,-0.3828252851963043
2022-05-13,-0.40039777755737305
2022-05-16,-0.0709352046251297
2022-05-17,-0.27098116278648376
2022-05-18,-0.5409278273582458
2022-05-19,-0.5354605913162231
2022-05-20,-0.3588489294052124
2022-05-23,-0.046300891786813736
2022-05-24,0.28081661462783813
2022-05-25,0.007975900545716286
2022-05-26,-0.09136199206113815
2022-05-27,0.085685133934021
2022-05-31,-0.10958272218704224
2022-06-01,0.07946968078613281
2022-06-02,0.01921457052230835
2022-06-03,-0.13538353145122528
2022-06-06,0.45524269342422485
2022-06-07,-0.24337370693683624
2022-06-08,-0.3341337740421295
2022-06-09,0.051852159202098846
2022-06-10,-0.5489495992660522
2022-06-13,-0.4114810526371002
2022-06-14,-0.3483566343784332
2022-06-15,-0.2370355874300003
2022-06-16,-0.03314140439033508
2022-06-17,-0.3762444853782654
2022-06-21,-0.04260765388607979
2022-06-22,-0.12090262025594711
2022-06-23,-0.27665361762046814
2022-06-24,0.17156276106834412
2022-06-27,-0.19527515769004822
2022-06-28,-0.07140196859836578
2022-06-29,0.06779982894659042
2022-06-30,-0.3526532053947449
2022-07-01,-0.2659357190132141
2022-07-05,0.1596396267414093
2022-07-06,0.12160290032625198
2022-07-07,-0.04750468209385872
2022-07-08,-0.21931123733520508
2022-07-11,-0.14425522089004517
2022-07-12,0.10739883780479431
2022-07-13,0.02005072310566902
2022-07-14,-0.28765439987182617
2022-07-15,-0.5949854254722595
2022-07-18,0.019248902797698975
2022-07-19,-0.36406177282333374
2022-07-21,-0.05020281672477722
2022-07-22,0.18733321130275726
2022-07-25,0.3326752781867981
2022-07-26,0.06260362267494202
2022-07-27,0.20260226726531982
2022-07-28,0.3080836236476898
2022-07-29,-0.005875567439943552
2022-08-01,-0.35140472650527954
2022-08-02,0.030767031013965607
2022-08-03,-0.47451886534690857
2022-08-04,-0.13237230479717255
2022-08-05,0.020041801035404205
2022-08-08,-0.35887449979782104
2022-08-09,0.02179582044482231
2022-08-10,-0.032772213220596313
2022-08-11,-0.2249073088169098
2022-08-12,0.0006207053666003048
2022-08-15,0.1897680163383484
2022-08-16,-0.0052789486944675446
2022-08-17,-0.40765875577926636
2022-08-18,-0.15325669944286346
2022-08-19,-0.2862393856048584
2022-08-22,0.03357066214084625
2022-08-23,0.664193868637085
2022-08-24,-0.14995762705802917
2022-08-25,-0.0331229493021965
2022-08-26,-0.024544641375541687
2022-08-29,-0.008210811764001846
2022-08-30,0.02463902160525322
2022-08-31,-0.5135310292243958
2022-09-01,-0.33085525035858154
2022-09-02,-0.3280962407588959
2022-09-06,-0.21017369627952576
2022-09-07,-0.003226935863494873
2022-09-08,0.36936601996421814
2022-09-09,0.3834095597267151
2022-09-12,0.020756864920258522
2022-09-13,-0.5006214380264282
2022-09-14,-0.41394394636154175
2022-09-15,-0.26938626170158386
2022-09-16,0.09479901939630508
2022-09-19,-0.23096248507499695
2022-09-20,-0.2198532074689865
2022-09-21,0.03716808557510376
2022-09-22,0.048692502081394196
2022-09-23,-0.4291621148586273
2022-09-26,0.05098431929945946
2022-09-27,-0.6019623279571533
2022-09-28,-0.23780576884746552
2022-09-29,-0.2652643322944641
2022-09-30,-0.2674555480480194
2022-10-03,0.16227228939533234
2022-10-04,-0.22857330739498138
2022-10-05,0.3073089122772217
2022-10-06,0.04263196513056755
2022-10-07,-0.0920550599694252
2022-10-10,-0.35868391394615173
2022-10-11,-0.17378027737140656
2022-10-12,-0.11458271741867065
2022-10-13,0.037821944802999496
2022-10-14,0.026761816814541817
2022-10-17,-0.056244462728500366
2022-10-18,-0.08134887367486954
2022-10-19,-0.29689422249794006
2022-10-20,0.0925484448671341
2022-10-21,0.17838528752326965
2022-10-24,-0.27077969908714294
2022-10-25,0.33044081926345825
2022-10-26,-0.8788391947746277
2022-10-27,-0.11027070134878159
2022-10-28,0.12657135725021362
2022-10-31,-0.017026374116539955
2022-11-01,0.1564178764820099
2022-11-02,0.008139148354530334
2022-11-03,0.09164493530988693
2022-11-04,0.10252758115530014
2022-11-07,-0.28419029712677
2022-11-08,0.26560068130493164
2022-11-09,-0.18214629590511322
2022-11-10,0.01948820799589157
2022-11-11,-0.5914661288261414
2022-11-14,0.11829880625009537
2022-11-15,0.028256168588995934
2022-11-16,0.22007505595684052
2022-11-17,-0.32725101709365845
2022-11-18,0.33583101630210876
2022-11-21,-0.261573851108551
2022-11-22,0.34673306345939636
2022-11-23,-0.04846321418881416
2022-11-25,0.004915978759527206
2022-11-28,0.04441271349787712
2022-11-29,-0.3429429233074188
2022-11-30,-0.3610427677631378
2022-12-01,-0.050856415182352066
2022-12-02,-0.6141013503074646
2022-12-05,0.31832823157310486
2022-12-06,-0.21511289477348328
2022-12-07,-0.4323098063468933
2022-12-08,0.12301460653543472
2022-12-09,0.31527748703956604
2022-12-12,0.2754989564418793
2022-12-13,0.004127191845327616
2022-12-14,0.10824128240346909
2022-12-15,-0.36398154497146606
2022-12-16,-0.7013605237007141
2022-12-19,-0.3137553632259369
2022-12-20,0.09841423481702805
2022-12-21,0.03998669981956482
2022-12-22,-0.23859922587871552
2022-12-23,-0.46670857071876526
2022-12-27,-0.23334813117980957
2022-12-28,-0.025243118405342102
2022-12-29,0.13283731043338776
2022-12-30,-0.3983709514141083
2023-01-03,-0.048307642340660095
2023-01-04,-0.028894297778606415
2023-01-05,0.2433520406484604
2023-01-06,0.24421119689941406
2023-01-09,-0.4211593270301819
2023-01-10,0.0031157175544649363
2023-01-11,0.16602247953414917
2023-01-12,-0.11894842237234116
2023-01-13,0.06335379183292389
2023-01-17,-0.14795386791229248
2023-01-18,-0.6368851661682129
2023-01-19,-0.46438324451446533
2023-01-20,0.07350011169910431
2023-01-23,0.06628219783306122
2023-01-24,-0.21280352771282196
2023-01-25,-0.2838400900363922
2023-01-26,0.4427303671836853
2023-01-27,-0.1551744043827057
2023-01-30,-0.3004501163959503
2023-01-31,-0.09001161903142929
2023-02-01,-0.03832283616065979
2023-02-02,0.14686483144760132
2023-02-03,0.18104197084903717
2023-02-06,0.35047927498817444
2023-02-07,-0.028941132128238678
2023-02-08,-0.17099107801914215
2023-02-09,-0.11813681572675705
2023-02-10,-0.4609147012233734
2023-02-13,0.030574047937989235
2023-02-14,-0.2879754900932312
2023-02-15,0.17077265679836273
2023-02-16,-0.03090468980371952
2023-02-17,-0.20309127867221832
2023-02-21,-0.5144854187965393
2023-02-22,-0.0668540745973587
2023-02-23,0.024737268686294556
2023-02-24,-0.26030805706977844
2023-02-27,-0.04755852371454239
2023-02-28,-0.002341039478778839
2023-03-01,-0.2034253031015396
2023-03-02,-0.10505656898021698
2023-03-03,-0.14830143749713898
2023-03-06,-0.060137998312711716
2023-03-07,0.06010521948337555
2023-03-08,-0.03537369146943092
2023-03-09,-0.3870984613895416
2023-03-10,-0.8564059734344482
2023-03-13,-0.4018080234527588
2023-03-14,-0.11699763685464859
2023-03-15,-0.45178699493408203
2023-03-16,0.04614155739545822
2023-03-17,-0.027661558240652084
2023-03-20,-0.10604062676429749
2023-03-21,0.10093864053487778
2023-03-22,-0.1625000685453415
2023-03-23,-0.09824955463409424
2023-03-24,0.14803475141525269
2023-03-27,0.17186123132705688
2023-03-28,0.03759434074163437
2023-03-29,0.0609438419342041
2023-03-30,-0.29318636655807495
2023-03-31,-0.36405590176582336
2023-04-03,-0.11011944711208344
2023-04-04,-0.19657841324806213
2023-04-05,-0.10808560997247696
2023-04-06,0.09555613994598389
2023-04-10,-0.5372614860534668
2023-04-11,0.06283582746982574
2023-04-12,-0.2229413241147995
2023-04-13,-0.18641912937164307
2023-04-14,-0.17795763909816742
2023-04-17,0.17555324733257294
2023-04-18,-0.1679285764694214
2023-04-19,-0.07924563437700272
2023-04-20,-0.3996187746524811
2023-05-01,-0.010577510111033916
2023-05-02,-0.2838289737701416
2023-05-03,-0.7227841019630432
2023-05-04,-0.42507368326187134
2023-05-05,-0.033157773315906525
2023-05-08,-0.13962459564208984
2023-05-09,-0.13066081702709198
2023-05-10,-0.06990952044725418
2023-05-11,-0.21990294754505157
2023-05-12,0.00813035387545824
2023-05-15,-0.06796015053987503
2023-05-16,0.26719245314598083
2023-05-17,0.33736827969551086
2023-05-18,0.13326476514339447
2023-05-19,-0.015767140313982964
2023-05-22,-0.24952301383018494
2023-05-23,-0.33838698267936707
2023-05-24,-0.29243534803390503
2023-05-25,-0.37136101722717285
2023-05-26,-0.11072973906993866
2023-05-30,0.12808747589588165
2023-05-31,-0.2245682328939438
2023-06-01,-0.37774568796157837
2023-06-02,0.08873920887708664
2023-06-05,-0.44834184646606445
2023-06-07,0.9075620174407959
2023-06-08,-0.276228666305542
2023-06-09,-0.016172228381037712
2023-06-12,-0.512531578540802
2023-06-13,0.09156965464353561
2023-06-14,-0.5653493404388428
2023-06-15,0.1717357188463211
2023-06-16,0.016309816390275955
2023-06-20,0.048415862023830414
2023-06-21,-0.231827974319458
2023-06-22,0.4288700222969055
2023-06-23,-0.14535370469093323
2023-06-26,-0.3038192391395569
2023-06-27,0.3195284307003021
2023-06-28,-0.29029279947280884
2023-06-29,0.4638671875
2023-06-30,0.5417974591255188
2023-07-03,-0.4750990569591522
2023-07-05,-0.20480674505233765
2023-07-06,-0.05498766526579857
2023-07-07,-0.06837256997823715
2023-07-10,0.004192309454083443
2023-07-11,0.3754369616508484
2023-07-12,-0.05533498525619507
2023-07-13,0.0512656643986702
2023-07-14,-0.21749308705329895
2023-07-17,0.2234855443239212
2023-07-18,0.3075163662433624
2023-07-19,-0.014174199663102627
2023-07-20,-0.3488704562187195
2023-07-21,-0.12150565534830093
2023-07-24,0.028728341683745384
2023-07-25,0.05738593637943268
2023-07-26,0.14490920305252075
2023-07-27,-0.22558660805225372
2023-07-28,0.2386971414089203
2023-07-31,0.3606918156147003
2023-08-01,-0.5778523087501526
2023-08-02,-0.5798715949058533
2023-08-03,-0.5150231122970581
2023-08-04,-0.4409022927284241
2023-08-07,0.17852085828781128
2023-08-08,-0.37461769580841064
2023-08-09,-0.32648712396621704
2023-08-10,-0.1045622006058693
2023-08-11,0.10472091287374496
2023-08-14,0.32396480441093445
2023-08-15,-0.6125640273094177
2023-08-16,0.26775968074798584
2023-08-17,-0.4469496011734009
2023-08-18,-0.12986432015895844
2023-08-21,-0.12699516117572784
2023-08-22,-0.24265064299106598
2023-08-23,0.5558725595474243
2023-08-24,-0.18053577840328217
2023-08-25,-0.030022302642464638
2023-08-28,0.008030260913074017
2023-08-29,0.0064722103998064995
2023-08-30,-0.10225152969360352
2023-08-31,0.4044420123100281
2023-09-01,-0.1906316727399826
2023-09-05,-0.13920508325099945
2023-09-06,-0.17682614922523499
2023-09-07,-0.4093342423439026
2023-09-08,-0.4019891619682312
2023-09-11,0.388408899307251
2023-09-12,0.15500040352344513
2023-09-13,0.24910640716552734
2023-09-14,-0.19887180626392365
2023-09-15,0.3050325810909271
2023-09-18,-0.12343347072601318
2023-09-19,-0.438225120306015
2023-09-20,0.8585248589515686
2023-09-21,-0.9432027339935303
2023-09-22,0.05134030431509018
2023-09-25,-0.02504824474453926
2023-09-26,-0.8472460508346558
2023-09-27,-0.5259421467781067
2023-09-28,-0.3126195967197418
2023-09-29,-0.10357958823442459
2023-10-02,0.22244517505168915
2023-10-03,-0.7045391201972961
2023-10-04,0.5256795287132263
2023-10-05,-0.7136799097061157
2023-10-06,-0.1498068869113922
2023-10-09,0.1282489150762558
2023-10-10,-0.339725136756897
2023-10-11,0.539713978767395
2023-10-12,-0.009675532579421997
2023-10-13,0.05135876685380936
2023-10-16,0.007783218286931515
2023-10-17,-0.24091728031635284
2023-10-18,-0.11555863171815872
2023-10-19,-0.09115169942378998
2023-10-20,-0.6687321066856384
2023-10-23,-0.1248224601149559
2023-10-24,0.016945337876677513
2023-10-25,-0.33940988779067993
2023-10-26,-0.33216291666030884
2023-10-27,-0.22005607187747955
2023-10-30,-0.06298180669546127
2023-10-31,-0.5215017199516296
2023-11-01,-0.8829936385154724
2023-11-02,-0.9067786931991577
2023-11-03,0.17880414426326752
2023-11-06,-0.15551415085792542
2023-11-07,-0.10023914277553558
2023-11-08,0.6036848425865173
2023-11-10,0.3151841163635254
2023-11-13,-0.005058623850345612
2023-11-14,0.18990668654441833
2023-11-15,0.2809584140777588
2023-11-16,-0.27583205699920654
2023-11-17,-0.12064508348703384
2023-11-20,-0.3128572106361389
2023-11-21,0.13299861550331116
2023-11-22,0.47352686524391174
2023-11-24,-0.16370251774787903
2023-11-27,-0.1304916888475418
2023-11-28,-0.2638537585735321
2023-11-29,0.0037062689661979675
2023-11-30,0.30093786120414734
2023-12-01,-0.5335710644721985
2023-12-04,-0.8992553353309631
2023-12-05,-0.3239569365978241
2023-12-06,-0.6092300415039062
2023-12-07,-0.015150576829910278
2023-12-08,0.43192794919013977
2023-12-11,0.747016966342926
2023-12-13,0.08392112702131271
2023-12-14,0.14923688769340515
2023-12-15,0.6061651110649109
2023-12-18,0.02936408855021
2023-12-19,-0.10067594051361084
2023-12-20,-0.3261243402957916
2023-12-21,0.15200506150722504
2023-12-22,0.06701115518808365
2023-12-26,-0.45438751578330994
2023-12-27,-0.20170694589614868
2023-12-29,-0.05437344312667847
2024-01-02,0.5582171082496643
2024-01-04,0.1505097597837448
2024-01-05,0.3168805241584778
2024-01-08,0.002432627370581031
2024-01-09,-0.38454583287239075
2024-01-10,-0.15728043019771576
2024-01-11,0.4628901481628418
2024-01-12,-0.599448025226593
2024-01-16,0.05952506512403488
2024-01-18,-0.5815749764442444
2024-01-19,-0.09113341569900513
2024-01-22,-0.1702984869480133
2024-01-23,-0.9458407759666443
2024-01-24,-0.03117823600769043
2024-01-25,-0.8129106760025024
2024-01-26,-0.5336706042289734
2024-01-29,-0.0639137402176857
2024-01-30,-0.305273175239563
2024-01-31,0.3595471680164337
2024-02-01,0.4529862105846405
2024-02-02,0.18515342473983765
2024-02-05,0.9044225811958313
2024-02-06,0.24090853333473206
2024-02-07,0.5930429697036743
2024-02-08,0.15227018296718597
2024-02-09,0.23720262944698334
2024-02-12,0.3493618071079254
2024-02-13,-0.9251927733421326
2024-02-14,-0.41809308528900146
2024-02-15,0.11131276190280914
2024-02-16,-0.11049679666757584
2024-02-20,-0.5241981148719788
2024-02-21,-0.09510132670402527
2024-02-22,0.5100077986717224
2024-02-23,0.6610860824584961
2024-02-26,-0.9577999114990234
2024-02-27,-0.2861974239349365
2024-02-28,0.043181341141462326
2024-02-29,-0.43010711669921875
2024-03-01,-0.2503252625465393
2024-03-04,-0.10937515646219254
2024-04-23,0.002302655251696706
2025-01-26,-0.12318024784326553
2025-01-27,-0.18959489464759827
2025-08-07,-0.2048978954553604
2026-04-14,-0.04915398359298706
2026-04-23,0.22912588715553284
2026-05-01,0.016411570832133293
2026-05-11,0.06606607884168625
2026-05-12,0.11367302387952805
2026-05-13,0.09053017199039459
2026-05-14,-0.038801390677690506
2026-05-15,0.08780284225940704
2026-05-16,0.13545574247837067
2026-05-17,0.07819848507642746
2026-05-18,-0.06247131898999214
