,sentiment_BITCOIN
2003-02-10,-0.03751270845532417
2003-02-11,0.0383114218711853
2003-02-12,0.06435873359441757
2003-02-13,0.08697116374969482
2003-02-14,-0.0724615603685379
2003-02-15,-0.033522408455610275
2003-02-17,-0.21674148738384247
2003-02-18,0.013399994000792503
2003-02-19,-0.2063017636537552
2003-02-20,0.06362539529800415
2003-02-21,-0.3952068090438843
2003-02-22,0.3761271834373474
2003-02-24,-0.23908188939094543
2003-02-25,0.017122650519013405
2003-02-26,0.05323042720556259
2003-02-27,0.07502812892198563
2003-02-28,-0.027204178273677826
2003-03-03,-0.3964739739894867
2003-03-04,0.10925964266061783
2003-03-05,0.21954064071178436
2003-03-06,0.06587876379489899
2003-03-07,0.0025782748125493526
2003-03-08,-0.0500725619494915
2003-03-10,-0.1378026306629181
2003-03-11,-0.10194358974695206
2003-03-12,0.1796453595161438
2003-03-13,0.004492546431720257
2003-03-14,0.045103251934051514
2003-03-15,0.007325049489736557
2003-03-17,-0.06920171529054642
2003-03-18,0.2617482841014862
2003-03-19,-0.3122134506702423
2003-03-20,0.028937706723809242
2003-03-21,0.05997614189982414
2003-03-22,-0.030585726723074913
2003-03-24,0.08730609714984894
2003-03-25,0.020935462787747383
2003-03-26,-0.34705811738967896
2003-03-27,-0.006908159703016281
2003-03-28,-0.0272727832198143
2003-03-29,-0.2258508801460266
2003-03-31,-0.18442171812057495
2003-04-01,0.05570165440440178
2003-04-02,0.17340615391731262
2003-04-03,-0.054322749376297
2003-04-04,0.02614647150039673
2003-04-05,0.16656741499900818
2003-04-07,0.08881101757287979
2003-04-08,0.09754090011119843
2003-04-09,-0.16896210610866547
2003-04-10,-0.11004321277141571
2003-04-11,0.03050684928894043
2003-04-12,-0.676819384098053
2003-04-14,-0.01245085708796978
2003-04-15,-0.32373422384262085
2003-04-16,-0.24792885780334473
2003-04-17,-0.10802755504846573
2003-04-18,0.16056609153747559
2003-04-19,-0.9284376502037048
2003-04-21,-0.1303362250328064
2003-04-22,0.048415105789899826
2003-04-23,-0.08627960830926895
2003-04-24,-0.011734100058674812
2003-04-25,-0.1427876353263855
2003-04-26,-0.009143716655671597
2003-04-28,-0.1500750184059143
2003-04-29,0.6951673030853271
2003-04-30,0.03759719803929329
2003-05-01,0.10206665098667145
2003-05-02,0.013382385484874249
2003-05-03,-0.33370542526245117
2003-05-05,0.1486491560935974
2003-05-06,0.13215497136116028
2003-05-07,0.3632183372974396
2003-05-08,0.30649927258491516
2003-05-09,0.2202625870704651
2003-05-10,-0.016206659376621246
2003-05-12,0.07772758603096008
2003-05-13,-0.025292307138442993
2003-05-14,0.022659067064523697
2003-05-15,0.0778418555855751
2003-05-16,0.33787786960601807
2003-05-17,0.00940527580678463
2003-05-19,-0.01409077923744917
2003-05-20,0.15340623259544373
2003-05-21,-0.10634565353393555
2003-05-22,-0.48855090141296387
2003-05-23,0.03472520783543587
2003-05-24,0.04559914395213127
2003-05-26,0.152487650513649
2003-05-27,0.08556292951107025
2003-05-28,0.03746716305613518
2003-05-29,-0.1597875952720642
2003-05-30,-0.06354767829179764
2003-05-31,0.12542572617530823
2003-06-02,-0.21226580440998077
2003-06-03,-0.21703627705574036
2003-06-04,0.25536617636680603
2003-06-05,-0.057453006505966187
2003-06-06,-0.11272861808538437
2003-06-07,0.01528196968138218
2003-06-09,0.06160042807459831
2003-06-10,0.016715876758098602
2003-06-11,-0.0016371645033359528
2003-06-12,-0.25920069217681885
2003-06-13,0.04619189724326134
2003-06-14,-0.16629700362682343
2003-06-16,0.13671062886714935
2003-06-17,0.3936261534690857
2003-06-18,0.4376295804977417
2003-06-19,-0.027210870757699013
2003-06-20,0.40662890672683716
2003-06-21,-0.21851417422294617
2003-06-23,-0.004257834050804377
2003-06-24,-0.02390104904770851
2003-06-25,-0.1470099240541458
2003-06-26,0.2692517042160034
2003-06-27,-0.18405964970588684
2003-06-28,0.13884572684764862
2003-06-30,0.0115317078307271
2003-07-01,0.10228836536407471
2003-07-02,0.03220243379473686
2003-07-03,0.020071567967534065
2003-07-04,-0.1191108301281929
2003-07-05,-0.10508964210748672
2003-07-07,-0.21740086376667023
2003-07-08,0.11941120773553848
2003-07-09,-0.44894716143608093
2003-07-10,0.480756938457489
2003-07-11,0.0780571699142456
2003-07-12,-0.11167105287313461
2003-07-14,-0.15927666425704956
2003-07-15,-0.01913418434560299
2003-07-16,-0.028561268001794815
2003-07-17,0.3791695833206177
2003-07-18,0.26058173179626465
2003-07-19,-0.032729845494031906
2003-07-21,0.17754201591014862
2003-07-22,0.07861839979887009
2003-07-23,0.24953711032867432
2003-07-25,-0.12989911437034607
2003-07-26,0.013944834470748901
2003-07-28,-0.08132510632276535
2003-07-29,0.340616375207901
2003-07-30,0.1823720484972
2003-07-31,0.19443479180335999
2003-08-01,-0.1490781605243683
2003-08-02,-0.06677980720996857
2003-08-04,0.12856143712997437
2003-08-05,0.00820527970790863
2003-08-06,0.6664558053016663
2003-08-07,0.023521214723587036
2003-08-08,0.10688705742359161
2003-08-09,-0.02168774977326393
2003-08-11,0.18190191686153412
2003-08-12,0.26729974150657654
2003-08-13,-0.21726064383983612
2003-08-14,0.033699970692396164
2003-08-15,0.14808110892772675
2003-08-16,0.6599778532981873
2003-08-18,-0.08758194744586945
2003-08-19,-0.07566601037979126
2003-08-20,0.0984308123588562
2003-08-21,0.20125974714756012
2003-08-22,0.08228903263807297
2003-08-23,-0.1913011372089386
2003-08-25,0.013404954224824905
2003-08-26,0.23561987280845642
2003-08-27,0.2801772654056549
2003-08-28,-0.018150435760617256
2003-08-29,0.03202103450894356
2003-08-30,-0.14742416143417358
2003-09-01,0.16550534963607788
2003-09-02,0.08177690207958221
2003-09-03,0.02115952968597412
2003-09-04,0.06680002808570862
2003-09-05,0.03048296831548214
2003-09-06,0.07319961488246918
2003-09-08,-0.15493445098400116
2003-09-09,0.044953297823667526
2003-09-11,-0.12543044984340668
2003-09-12,0.2517456114292145
2003-09-13,0.11999654769897461
2003-09-15,0.07461480051279068
2003-09-16,0.09016653895378113
2003-09-17,-0.2196156531572342
2003-09-18,-0.39271244406700134
2003-09-19,-0.16711412370204926
2003-09-20,0.04079283028841019
2003-09-22,0.013533473014831543
2003-09-23,-0.15574245154857635
2003-09-24,-0.31063008308410645
2003-09-25,0.8092699646949768
2003-09-26,-0.11355523765087128
2003-09-29,0.15907077491283417
2003-09-30,-0.014208316802978516
2003-10-01,-0.10484019666910172
2003-10-02,0.2171541005373001
2003-10-03,0.15712183713912964
2003-10-04,0.5590112805366516
2003-10-06,-0.7797678709030151
2003-10-07,-0.00011412302410462871
2003-10-08,-0.05886073037981987
2003-10-09,0.6508318185806274
2003-10-10,0.39435720443725586
2003-10-11,0.7396954298019409
2003-10-14,0.15285928547382355
2003-10-15,-0.0462309829890728
2003-10-16,0.4718571603298187
2003-10-17,-0.25238996744155884
2003-10-18,-0.4138650894165039
2003-10-20,-0.7756746411323547
2003-10-21,0.8462017774581909
2003-10-22,0.31513670086860657
2003-10-23,0.30083638429641724
2003-10-24,0.39935287833213806
2003-10-25,0.15916693210601807
2003-10-27,-0.2505403757095337
2003-10-28,0.4944307804107666
2003-10-29,0.11609460413455963
2003-10-30,0.5472346544265747
2003-10-31,0.11329877376556396
2003-11-01,-0.46871936321258545
2003-11-03,-0.10863729566335678
2003-11-04,0.0682685598731041
2003-11-05,0.253724068403244
2003-11-06,0.06784738600254059
2003-11-07,0.9044240117073059
2003-11-08,-0.5921334624290466
2003-11-10,0.030119378119707108
2003-11-11,0.003481239080429077
2003-11-12,-0.3480292558670044
2003-11-13,-0.15657304227352142
2003-11-14,0.32726749777793884
2003-11-15,-0.2690204977989197
2003-11-17,0.11047971993684769
2003-11-18,0.3996565043926239
2003-11-19,0.27663132548332214
2003-11-20,0.3880951404571533
2003-11-21,0.33675718307495117
2003-11-22,-0.294063538312912
2003-11-24,0.13676278293132782
2003-11-25,0.0023119051475077868
2003-11-26,0.1194959282875061
2003-11-28,0.04787455499172211
2003-11-29,0.17959177494049072
2003-12-01,0.0001616726367501542
2003-12-02,0.1930883675813675
2003-12-03,0.15564444661140442
2003-12-04,0.30221644043922424
2003-12-05,0.31584954261779785
2003-12-06,0.258323609828949
2003-12-08,0.2797376215457916
2003-12-09,0.3520871698856354
2003-12-10,0.412663072347641
2003-12-11,0.022540569305419922
2003-12-12,-0.053737569600343704
2003-12-13,0.03536953404545784
2003-12-15,-0.0011941109551116824
2003-12-16,-0.30250662565231323
2003-12-17,0.16833682358264923
2003-12-18,0.43402278423309326
2003-12-19,0.19633132219314575
2003-12-20,0.2589358687400818
2003-12-22,0.4675363302230835
2003-12-23,0.42158129811286926
2003-12-24,-0.14964942634105682
2003-12-25,0.49708864092826843
2003-12-26,-0.9049620628356934
2003-12-27,0.0011346042156219482
2003-12-29,0.1788390427827835
2003-12-30,-0.15664462745189667
2003-12-31,0.1751786172389984
2004-01-01,-0.7814605832099915
2004-01-02,-0.2105492800474167
2004-01-03,-0.1896008849143982
2004-01-05,0.1413336545228958
2004-01-06,0.37451228499412537
2004-01-07,-0.2885485291481018
2004-01-08,0.5038881897926331
2004-01-09,0.1973627507686615
2004-01-10,0.0388253889977932
2004-01-12,-0.08536149561405182
2004-01-13,0.7950279712677002
2004-01-14,0.23574252426624298
2004-01-15,0.25103214383125305
2004-01-16,0.4223704934120178
2004-01-17,-0.04899212345480919
2004-01-19,0.4496545195579529
2004-01-20,0.3564724326133728
2004-01-21,0.46319156885147095
2004-01-22,0.4225524961948395
2004-01-23,0.5223733186721802
2004-01-24,0.7000149488449097
2004-01-26,0.2870759069919586
2004-01-28,0.82318514585495
2004-01-29,0.5779205560684204
2004-01-30,0.6199849247932434
2004-01-31,0.4697984755039215
2004-02-02,-0.21582089364528656
2004-02-03,0.2075631022453308
2004-02-04,0.4753601551055908
2004-02-05,0.3492954671382904
2004-02-06,0.4170614778995514
2004-02-07,-0.3461835980415344
2004-02-09,-0.342302143573761
2004-02-10,0.19547997415065765
2004-02-11,0.17305120825767517
2004-02-12,0.12976299226284027
2004-02-13,0.05208226293325424
2004-02-14,0.02885284647345543
2004-02-16,0.14508800208568573
2004-02-17,-0.01240692101418972
2004-02-18,0.12431643903255463
2004-02-19,0.33870136737823486
2004-02-20,0.3824215829372406
2004-02-21,0.2634142339229584
2004-02-23,0.2784985303878784
2004-02-24,-0.2753566801548004
2004-02-25,0.1847500056028366
2004-02-26,0.39055752754211426
2004-02-27,-0.2989189028739929
2004-02-28,-0.06485163420438766
2004-03-01,-0.06507158279418945
2004-03-02,-0.01920347288250923
2004-03-03,-0.1386253535747528
2004-03-04,0.64063560962677
2004-03-05,0.5420498251914978
2004-03-06,0.4549477696418762
2004-03-08,0.11416170746088028
2004-03-09,0.053069937974214554
2004-03-10,0.39549368619918823
2004-03-11,0.4852061867713928
2004-03-12,-0.07304135710000992
2004-03-13,0.13080468773841858
2004-03-15,0.2622223496437073
2004-03-16,0.23380248248577118
2004-03-17,0.45985540747642517
2004-03-18,0.5451141595840454
2004-03-19,0.3048701882362366
2004-03-20,0.024181216955184937
2004-03-22,0.23823021352291107
2004-03-23,-0.40499943494796753
2004-03-24,0.4180426001548767
2004-03-25,-0.059129342436790466
2004-03-26,0.4527040123939514
2004-03-27,-0.28737443685531616
2004-03-29,0.3239559233188629
2004-03-30,0.024465784430503845
2004-03-31,0.0737294852733612
2004-04-01,0.25899824500083923
2004-04-02,0.16719862818717957
2004-04-03,-0.4199528992176056
2004-04-05,-0.015468016266822815
2004-04-06,0.609560489654541
2004-04-07,0.046303797513246536
2004-04-08,0.6917640566825867
2004-04-09,-0.27073198556900024
2004-04-12,0.1649598330259323
2004-04-13,0.05998040735721588
2004-04-14,-0.22409942746162415
2004-04-15,0.43516480922698975
2004-04-16,0.2528613805770874
2004-04-17,0.15993815660476685
2004-04-19,0.5173659920692444
2004-04-20,0.21186625957489014
2004-04-21,0.12103123962879181
2004-04-22,-0.052387405186891556
2004-04-23,0.020589180290699005
2004-04-24,0.5525150895118713
2004-04-26,0.2392251044511795
2004-04-27,0.45311617851257324
2004-04-28,0.003486156463623047
2004-04-29,0.42185118794441223
2004-04-30,0.32579776644706726
2004-05-01,0.21842825412750244
2004-05-03,0.4009934067726135
2004-05-04,0.19878754019737244
2004-05-05,0.5390774011611938
2004-05-06,0.3676956593990326
2004-05-07,0.4282729923725128
2004-05-08,0.5728559494018555
2004-05-10,0.033371686935424805
2004-05-11,-0.23007096350193024
2004-05-12,-0.21843746304512024
2004-05-13,0.3079882860183716
2004-05-14,0.23928605020046234
2004-05-17,0.15230293571949005
2004-05-18,0.008095473051071167
2004-05-19,0.8408479690551758
2004-05-20,0.583868682384491
2004-05-21,0.25068894028663635
2004-05-22,-0.6306754350662231
2004-05-24,-0.2135610282421112
2004-05-25,0.45593589544296265
2004-05-26,0.5952796936035156
2004-05-27,-0.08144044876098633
2004-05-28,0.21153967082500458
2004-05-29,0.33482828736305237
2004-05-31,0.03210937976837158
2004-06-01,0.4029993712902069
2004-06-02,-0.2078535556793213
2004-06-03,-0.3012854754924774
2004-06-04,0.45383965969085693
2004-06-05,0.5819063782691956
2004-06-07,-0.05358414724469185
2004-06-08,0.4584962725639343
2004-06-09,0.20093369483947754
2004-06-10,0.4980115294456482
2004-06-11,0.36132729053497314
2004-06-12,-0.14387169480323792
2004-06-14,0.1896790713071823
2004-06-15,0.30735456943511963
2004-06-16,0.02900535799562931
2004-06-17,0.42506662011146545
2004-06-18,0.04464760050177574
2004-06-19,0.6025094389915466
2004-06-21,-0.054591163992881775
2004-06-22,0.10030508041381836
2004-06-23,-0.37963205575942993
2004-06-24,-0.11594370752573013
2004-06-25,0.730871319770813
2004-06-26,-0.7766523361206055
2004-06-28,0.21833142638206482
2004-06-29,-0.32422685623168945
2004-06-30,-0.07045513391494751
2004-07-01,-0.056725747883319855
2004-07-02,0.5026844143867493
2004-07-03,0.09444825351238251
2004-07-05,0.10106946527957916
2004-07-06,-0.28738003969192505
2004-07-07,0.008172271773219109
2004-07-08,0.32326561212539673
2004-07-09,0.2687426805496216
2004-07-10,-0.47066447138786316
2004-07-12,-0.9302273392677307
2004-07-13,-0.12307030707597733
2004-07-14,0.39708569645881653
2004-07-15,0.018771767616271973
2004-07-16,0.4897426664829254
2004-07-17,0.42631980776786804
2004-07-19,0.4722537100315094
2004-07-20,0.38073980808258057
2004-07-21,0.3926657736301422
2004-07-22,0.5521899461746216
2004-07-23,-0.3692595958709717
2004-07-24,-0.6165969371795654
2004-07-26,-0.05589720979332924
2004-07-27,-0.05052700638771057
2004-07-28,-0.12230653315782547
2004-07-29,-0.023267991840839386
2004-07-30,0.2793786823749542
2004-07-31,0.2709906995296478
2004-08-02,-0.0013986676931381226
2004-08-03,0.10183363407850266
2004-08-04,-0.45706209540367126
2004-08-05,0.17360493540763855
2004-08-06,0.20511884987354279
2004-08-07,-0.214787095785141
2004-08-09,-0.3847195506095886
2004-08-10,-0.018807485699653625
2004-08-11,0.01244251150637865
2004-08-12,-0.19241395592689514
2004-08-13,-0.5506138801574707
2004-08-14,0.004828989505767822
2004-08-17,0.1573883295059204
2004-08-18,0.12530793249607086
2004-08-19,0.3457011580467224
2004-08-20,0.24554166197776794
2004-08-21,-0.7882657647132874
2004-08-23,0.00339324027299881
2004-08-24,0.07200294733047485
2004-08-25,0.28034207224845886
2004-08-26,0.26645955443382263
2004-08-27,0.005753353238105774
2004-08-28,0.26254045963287354
2004-08-30,-0.06455409526824951
2004-08-31,0.24685370922088623
2004-09-01,0.4193943440914154
2004-09-02,0.5001159906387329
2004-09-03,0.046834588050842285
2004-09-04,0.21982812881469727
2004-09-06,-0.28261038661003113
2004-09-07,-0.11126770824193954
2004-09-08,-0.8885031938552856
2004-09-09,0.7177621126174927
2004-09-11,-0.355970561504364
2004-09-13,0.3877207338809967
2004-09-14,-0.03068608045578003
2004-09-15,0.357260525226593
2004-09-16,-0.1675063669681549
2004-09-17,0.09879335016012192
2004-09-18,0.4375606179237366
2004-09-20,0.30406826734542847
2004-09-22,0.3598671853542328
2004-09-23,0.37717851996421814
2004-09-24,-0.23220111429691315
2004-09-25,0.4894944727420807
2004-09-27,0.0354061983525753
2004-09-28,0.3964487314224243
2004-09-29,-0.11335350573062897
2004-09-30,0.3514060974121094
2004-10-01,-0.028233328834176064
2004-10-02,0.142119362950325
2004-10-04,0.5347130298614502
2004-10-05,0.4740618169307709
2004-10-06,0.1991174817085266
2004-10-07,-0.9292861223220825
2004-10-08,0.25993895530700684
2004-10-09,0.68080073595047
2004-10-11,-0.21187418699264526
2004-10-12,0.4217151403427124
2004-10-13,0.029242491349577904
2004-10-14,0.5061865448951721
2004-10-15,-0.27646201848983765
2004-10-16,0.23405997455120087
2004-10-18,0.06748566031455994
2004-10-19,0.11676512658596039
2004-10-20,0.7030613422393799
2004-10-21,0.0002357244520680979
2004-10-22,-0.4129698872566223
2004-10-25,-0.5664896965026855
2004-10-26,-0.0035090192686766386
2004-10-27,0.08573209494352341
2004-10-28,-0.6868847012519836
2004-10-29,0.34362128376960754
2004-10-30,0.03840726986527443
2004-11-01,0.7551862597465515
2004-11-02,0.13667285442352295
2004-11-03,0.4774678647518158
2004-11-04,-0.21206028759479523
2004-11-05,-0.956660807132721
2004-11-06,0.2757031321525574
2004-11-08,0.18326681852340698
2004-11-09,-0.28915804624557495
2004-11-10,0.2710844576358795
2004-11-11,0.41862621903419495
2004-11-12,0.43882620334625244
2004-11-13,-0.12449845671653748
2004-11-16,-0.05509984493255615
2004-11-17,0.5943213701248169
2004-11-18,0.5429640412330627
2004-11-19,0.4139047861099243
2004-11-20,-0.09138013422489166
2004-11-22,0.23302532732486725
2004-11-23,0.07000361382961273
2004-11-24,0.6080760359764099
2004-11-25,0.3012862503528595
2004-11-26,0.5330843925476074
2004-11-27,-0.21461327373981476
2004-11-29,0.2736701965332031
2004-11-30,-0.37685641646385193
2004-12-01,0.2797156274318695
2004-12-02,0.06879372149705887
2004-12-03,0.30467408895492554
2004-12-04,-0.45139193534851074
2004-12-06,-0.10743115842342377
2004-12-07,-0.20035195350646973
2004-12-08,0.029221685603260994
2004-12-09,-0.020520716905593872
2004-12-10,0.1972680538892746
2004-12-11,-0.8425759673118591
2004-12-14,0.03329203277826309
2004-12-15,0.26107802987098694
2004-12-16,0.35449111461639404
2004-12-17,0.3373260498046875
2004-12-18,0.6806938052177429
2004-12-20,0.23389935493469238
2004-12-21,-0.004149651620537043
2004-12-22,0.22141167521476746
2004-12-23,0.20656010508537292
2004-12-24,0.29540640115737915
2004-12-25,0.28890928626060486
2004-12-27,0.10352253913879395
2004-12-28,-0.11969506740570068
2004-12-29,0.30313435196876526
2004-12-30,-0.5866369605064392
2004-12-31,-0.16201241314411163
2005-01-01,0.6254321336746216
2005-01-02,0.07167953252792358
2005-01-03,-0.9111519455909729
2005-01-04,0.37015658617019653
2005-01-05,-0.24974925816059113
2005-01-06,-0.4750266373157501
2005-01-07,-0.4208928644657135
2005-01-08,0.3198471963405609
2005-01-09,0.9337370991706848
2005-01-10,0.9131532907485962
2005-01-11,0.41570964455604553
2005-01-12,0.7071313261985779
2005-01-13,0.6007565259933472
2005-01-14,-0.3513437509536743
2005-01-15,0.2880330979824066
2005-01-16,-0.9641513824462891
2005-01-17,0.6446901559829712
2005-01-18,0.7065231204032898
2005-01-19,-0.024445198476314545
2005-01-20,0.34600380063056946
2005-01-21,0.5948997139930725
2005-01-22,0.19328057765960693
2005-01-23,0.9295580387115479
2005-01-24,0.009119456633925438
2005-01-25,-0.06940680742263794
2005-01-26,-0.24095593392848969
2005-01-27,-0.96506267786026
2005-01-28,0.005955934524536133
2005-01-29,0.004993418697267771
2005-01-31,-0.33361414074897766
2005-02-01,-0.467842161655426
2005-02-02,0.42213982343673706
2005-02-03,0.5142813920974731
2005-02-04,0.031352631747722626
2005-02-05,0.3823047876358032
2005-02-06,0.15138515830039978
2005-02-07,0.328672856092453
2005-02-08,-0.2846393287181854
2005-02-09,0.40562090277671814
2005-02-10,0.05819316953420639
2005-02-11,0.4258073568344116
2005-02-12,-0.9606497287750244
2005-02-14,-0.21944405138492584
2005-02-15,0.4711567461490631
2005-02-16,0.5919938087463379
2005-02-17,0.41413596272468567
2005-02-18,0.2860444188117981
2005-02-19,0.1088452860713005
2005-02-20,0.061106979846954346
2005-02-21,0.5050352811813354
2005-02-22,0.5193838477134705
2005-02-23,0.3817567825317383
2005-02-24,0.057713691145181656
2005-02-25,0.06791606545448303
2005-02-26,0.9275252819061279
2005-02-27,0.5055505633354187
2005-02-28,0.22068865597248077
2005-03-01,0.35893404483795166
2005-03-02,0.12707377970218658
2005-03-03,-0.09724373370409012
2005-03-04,-0.23219342529773712
2005-03-05,0.030693620443344116
2005-03-06,-0.023906797170639038
2005-03-07,0.8921051025390625
2005-03-08,0.158782497048378
2005-03-09,0.28784918785095215
2005-03-10,0.13217902183532715
2005-03-11,0.31249335408210754
2005-03-12,0.5957479476928711
2005-03-13,0.9300826191902161
2005-03-14,0.07877080142498016
2005-03-15,0.7746418118476868
2005-03-16,0.20800091326236725
2005-03-17,0.5260556936264038
2005-03-18,0.05209134519100189
2005-03-19,0.12804636359214783
2005-03-20,0.916757345199585
2005-03-21,0.2874697148799896
2005-03-22,0.14096494019031525
2005-03-23,-0.6474853157997131
2005-03-24,0.8642743229866028
2005-03-25,0.2995902895927429
2005-03-26,-0.858936071395874
2005-03-27,0.9099935293197632
2005-03-28,0.17008322477340698
2005-03-29,0.05328527092933655
2005-03-30,-0.02351347915828228
2005-03-31,-0.013892702758312225
2005-04-01,0.6509584188461304
2005-04-02,-0.9623837471008301
2005-04-04,0.29362964630126953
2005-04-05,0.5551047325134277
2005-04-06,-0.047317828983068466
2005-04-07,0.3640994727611542
2005-04-08,0.23018920421600342
2005-04-09,0.011115789413452148
2005-04-11,0.403951495885849
2005-04-12,0.7761725187301636
2005-04-13,0.06877241283655167
2005-04-14,0.23069114983081818
2005-04-15,0.05669490993022919
2005-04-16,0.7147148251533508
2005-04-18,-0.047643642872571945
2005-04-19,0.02533787488937378
2005-04-20,-0.010748077183961868
2005-04-21,0.03634849935770035
2005-04-22,-0.23620671033859253
2005-04-23,0.2604740858078003
2005-04-24,0.9314075112342834
2005-04-25,0.3181033134460449
2005-04-26,0.01505263615399599
2005-04-27,0.7895851135253906
2005-04-28,0.5431616306304932
2005-04-29,0.0581861287355423
2005-04-30,-0.15301905572414398
2005-05-01,0.5854957699775696
2005-05-02,0.08344779163599014
2005-05-03,-0.21689128875732422
2005-05-04,-0.28015634417533875
2005-05-05,0.46308523416519165
2005-05-06,-0.15173931419849396
2005-05-07,-0.08555414527654648
2005-05-09,-0.35488638281822205
2005-05-10,0.6151942610740662
2005-05-11,0.21424776315689087
2005-05-12,-0.3571408689022064
2005-05-13,-0.37579530477523804
2005-05-14,-0.13301949203014374
2005-05-16,0.7106238603591919
2005-05-17,0.5051462650299072
2005-05-18,0.3092372417449951
2005-05-19,0.3120388388633728
2005-05-20,0.6017454862594604
2005-05-21,-0.2507888376712799
2005-05-23,-0.09054364264011383
2005-05-24,0.11914624273777008
2005-05-25,0.10822369158267975
2005-05-26,0.786768913269043
2005-05-27,0.13525691628456116
2005-05-28,-0.004702186211943626
2005-05-30,0.613833487033844
2005-05-31,0.21528854966163635
2005-06-01,-0.027161672711372375
2005-06-02,0.29383060336112976
2005-06-03,0.4099118411540985
2005-06-04,0.1852281391620636
2005-06-06,0.1250707060098648
2005-06-07,0.09120660275220871
2005-06-08,-0.030554383993148804
2005-06-09,0.4637891948223114
2005-06-10,-0.012064313516020775
2005-06-11,-0.09986206889152527
2005-06-12,-0.9646973609924316
2005-06-13,0.5105805993080139
2005-06-14,0.0035088658332824707
2005-06-15,0.7027953267097473
2005-06-16,0.31194037199020386
2005-06-17,0.49656063318252563
2005-06-18,-0.04831123724579811
2005-06-20,0.394217848777771
2005-06-21,0.4291640818119049
2005-06-22,-0.03638136759400368
2005-06-23,0.13754059374332428
2005-06-24,-0.43102434277534485
2005-06-25,0.5046203136444092
2005-06-27,0.03928850591182709
2005-06-28,-0.5734024047851562
2005-06-29,-0.3839603364467621
2005-06-30,0.33231982588768005
2005-07-01,0.334684282541275
2005-07-02,0.04747682809829712
2005-07-04,0.5299761295318604
2005-07-05,0.11836735159158707
2005-07-06,0.6076723337173462
2005-07-07,0.3197327256202698
2005-07-08,0.03207892179489136
2005-07-09,-0.056805819272994995
2005-07-11,0.22344708442687988
2005-07-12,0.4088801145553589
2005-07-13,0.7972205281257629
2005-07-14,0.889995813369751
2005-07-15,0.3953922986984253
2005-07-16,0.023691140115261078
2005-07-18,-0.008866667747497559
2005-07-19,0.28530415892601013
2005-07-20,-0.07617487758398056
2005-07-21,0.33187994360923767
2005-07-22,0.8700630068778992
2005-07-23,0.19420243799686432
2005-07-25,-0.017212986946105957
2005-07-26,0.575329601764679
2005-07-27,-0.054921578615903854
2005-07-28,0.11811083555221558
2005-07-30,-0.3230614960193634
2005-08-01,0.20959515869617462
2005-08-02,-0.20817609131336212
2005-08-03,0.5862455368041992
2005-08-04,-0.45033401250839233
2005-08-05,-0.16229727864265442
2005-08-06,0.5545087456703186
2005-08-08,0.4030703008174896
2005-08-09,-0.06878173351287842
2005-08-10,0.1957436501979828
2005-08-11,0.046614307910203934
2005-08-12,0.13250204920768738
2005-08-13,0.5867855548858643
2005-08-17,0.28430697321891785
2005-08-18,-0.09176652133464813
2005-08-19,0.29817888140678406
2005-08-20,0.3808097541332245
2005-08-22,-0.2909746766090393
2005-08-23,0.10498078912496567
2005-08-24,0.1677064299583435
2005-08-25,0.23891134560108185
2005-08-26,0.16212770342826843
2005-08-27,-0.6887950897216797
2005-08-29,0.23093080520629883
2005-08-30,0.4240444004535675
2005-08-31,0.5533556342124939
2005-09-01,0.44192633032798767
2005-09-02,0.6526484489440918
2005-09-03,0.5156946778297424
2005-09-05,0.9264307022094727
2005-09-06,0.4602087140083313
2005-09-07,0.6113687753677368
2005-09-08,0.6832724809646606
2005-09-09,0.029710251837968826
2005-09-10,0.40256986021995544
2005-09-12,-0.04134461283683777
2005-09-13,0.14241847395896912
2005-09-14,-0.04157376289367676
2005-09-15,-0.12363234907388687
2005-09-16,0.4447062909603119
2005-09-17,0.15318921208381653
2005-09-19,-0.20233938097953796
2005-09-20,0.595180094242096
2005-09-21,0.48199522495269775
2005-09-22,0.3170679211616516
2005-09-23,0.29824361205101013
2005-09-24,0.023523567244410515
2005-09-26,0.33340907096862793
2005-09-27,0.4244532585144043
2005-09-28,-0.7168835997581482
2005-09-29,-0.18062543869018555
2005-09-30,-0.04472631216049194
2005-10-01,0.8625901341438293
2005-10-04,0.4608137011528015
2005-10-05,0.3407919108867645
2005-10-06,-0.8261299729347229
2005-10-07,-0.24002452194690704
2005-10-08,0.9314063191413879
2005-10-10,-0.04000583291053772
2005-10-11,0.07232407480478287
2005-10-12,0.662811815738678
2005-10-13,0.68077552318573
2005-10-14,0.20470046997070312
2005-10-15,0.8740895390510559
2005-10-17,0.10411350429058075
2005-10-18,0.18815599381923676
2005-10-19,0.48297232389450073
2005-10-20,0.3408009111881256
2005-10-21,0.4351865351200104
2005-10-22,0.144695445895195
2005-10-24,0.4284205138683319
2005-10-25,0.9263306260108948
2005-10-26,0.4645245373249054
2005-10-27,-0.4404107928276062
2005-10-28,-0.4732232093811035
2005-10-29,0.9258317947387695
2005-10-31,0.10162371397018433
2005-11-01,0.4557386338710785
2005-11-03,0.11513502150774002
2005-11-04,0.16841362416744232
2005-11-05,0.34737882018089294
2005-11-07,-0.18370500206947327
2005-11-08,0.15112614631652832
2005-11-09,0.49915826320648193
2005-11-10,-0.014358580112457275
2005-11-11,-0.10628106445074081
2005-11-12,0.36933955550193787
2005-11-14,0.28156933188438416
2005-11-15,-0.05778604745864868
2005-11-16,-0.07278727740049362
2005-11-17,0.31809690594673157
2005-11-18,0.07587248086929321
2005-11-19,0.3150370121002197
2005-11-21,0.286922812461853
2005-11-22,0.1459909975528717
2005-11-23,0.4625341296195984
2005-11-24,0.05407436937093735
2005-11-25,0.342648446559906
2005-11-26,0.5254364609718323
2005-11-28,0.30517709255218506
2005-11-29,0.06416523456573486
2005-11-30,0.4181956350803375
2005-12-01,0.3782936632633209
2005-12-02,-0.19385644793510437
2005-12-03,0.44482603669166565
2005-12-05,0.4948187470436096
2005-12-06,-0.048732955008745193
2005-12-07,0.20877227187156677
2005-12-08,0.5523730516433716
2005-12-09,0.4041152000427246
2005-12-10,0.4654929041862488
2005-12-13,0.09498308598995209
2005-12-14,-0.03363315761089325
2005-12-15,0.43133771419525146
2005-12-16,0.008695404045283794
2005-12-17,0.07273975759744644
2005-12-19,0.33010900020599365
2005-12-20,0.6414682269096375
2005-12-21,0.15028300881385803
2005-12-22,0.41263267397880554
2005-12-23,0.5933056473731995
2005-12-24,0.06258175522089005
2005-12-27,-0.13808009028434753
2005-12-28,0.4921635687351227
2005-12-29,-0.15240244567394257
2005-12-30,0.4717532694339752
2005-12-31,0.2332681268453598
2006-01-02,0.7903653979301453
2006-01-03,0.7016206979751587
2006-01-05,0.42669445276260376
2006-01-06,0.3163411617279053
2006-01-07,0.07503708451986313
2006-01-09,0.2559587061405182
2006-01-10,0.49552294611930847
2006-01-11,0.03499424457550049
2006-01-12,0.34290021657943726
2006-01-13,0.34043726325035095
2006-01-14,0.8045501112937927
2006-01-16,-0.41979390382766724
2006-01-17,0.324825644493103
2006-01-18,0.4576578438282013
2006-01-19,0.46526145935058594
2006-01-20,0.2690068781375885
2006-01-21,0.3092600703239441
2006-01-23,0.5117941498756409
2006-01-24,0.09830299019813538
2006-01-25,0.6763316988945007
2006-01-26,-0.057805951684713364
2006-01-27,0.5894719958305359
2006-01-28,0.44621801376342773
2006-01-30,-0.8768252730369568
2006-01-31,0.4678775370121002
2006-02-01,0.09167974442243576
2006-02-02,0.18804538249969482
2006-02-03,0.033293407410383224
2006-02-04,0.4298245310783386
2006-02-06,0.3991239070892334
2006-02-07,0.4152922034263611
2006-02-08,0.3463275134563446
2006-02-09,0.2855071425437927
2006-02-10,0.575861930847168
2006-02-11,0.05297834798693657
2006-02-13,0.10582293570041656
2006-02-14,0.26255449652671814
2006-02-15,0.4595484137535095
2006-02-16,0.19649632275104523
2006-02-17,0.40316304564476013
2006-02-18,0.648235023021698
2006-02-20,0.7233245372772217
2006-02-21,0.2267412692308426
2006-02-22,0.5931062698364258
2006-02-23,0.1859179437160492
2006-02-24,0.6734975576400757
2006-02-25,-0.6116167306900024
2006-02-27,-0.05012926459312439
2006-02-28,0.29546648263931274
2006-03-01,0.05075785890221596
2006-03-02,0.18251781165599823
2006-03-03,-0.23062045872211456
2006-03-04,0.3970966041088104
2006-03-06,0.02636406198143959
2006-03-07,0.042455434799194336
2006-03-08,-0.07860837876796722
2006-03-09,0.4915439784526825
2006-03-10,0.2724359631538391
2006-03-11,-0.21409665048122406
2006-03-12,0.28469350934028625
2006-03-14,0.163829505443573
2006-03-15,-0.1967783272266388
2006-03-16,0.5452530384063721
2006-03-17,0.6369968056678772
2006-03-18,0.44550958275794983
2006-03-20,0.7403317093849182
2006-03-21,0.5616450905799866
2006-03-22,0.39145606756210327
2006-03-23,0.004311585333198309
2006-03-24,0.2099873274564743
2006-03-25,0.42708784341812134
2006-03-27,0.06275218725204468
2006-03-28,0.42316770553588867
2006-03-29,0.1638980656862259
2006-03-30,0.39344272017478943
2006-03-31,0.856167197227478
2006-04-01,-0.16446718573570251
2006-04-03,0.594508171081543
2006-04-04,0.5182473063468933
2006-04-05,-0.2637416124343872
2006-04-06,-0.18346136808395386
2006-04-07,0.23879186809062958
2006-04-08,0.5039920806884766
2006-04-09,0.6072314977645874
2006-04-10,0.5703070163726807
2006-04-11,0.3136465549468994
2006-04-12,0.7774543762207031
2006-04-13,0.38163670897483826
2006-04-14,-0.06822359561920166
2006-04-15,0.2190411537885666
2006-04-18,0.6720359325408936
2006-04-19,0.25966423749923706
2006-04-20,0.47367173433303833
2006-04-21,0.4548313021659851
2006-04-22,0.534011721611023
2006-04-24,0.29579445719718933
2006-04-25,0.6551437973976135
2006-04-26,0.3890550136566162
2006-04-27,0.38067135214805603
2006-04-28,0.44754454493522644
2006-04-29,-0.34244751930236816
2006-04-30,0.7968854904174805
2006-05-01,0.5586597323417664
2006-05-02,0.5528023838996887
2006-05-03,0.3671661913394928
2006-05-04,0.3210054039955139
2006-05-05,0.16128221154212952
2006-05-06,0.7186043858528137
2006-05-09,0.5092873573303223
2006-05-10,0.5060562491416931
2006-05-11,0.2610364556312561
2006-05-12,0.39205342531204224
2006-05-13,-0.06570324301719666
2006-05-15,0.2927878201007843
2006-05-16,0.44591766595840454
2006-05-17,0.44300198554992676
2006-05-18,0.10883315652608871
2006-05-19,0.6441482305526733
2006-05-20,-0.11057624220848083
2006-05-22,0.3161359429359436
2006-05-23,0.27669692039489746
2006-05-24,0.6524398326873779
2006-05-25,0.5637571811676025
2006-05-26,0.6901322603225708
2006-05-27,0.0016398429870605469
2006-05-29,0.3193241059780121
2006-05-30,0.24789848923683167
2006-05-31,0.4417004883289337
2006-06-01,0.18655912578105927
2006-06-02,0.31861937046051025
2006-06-03,0.1424371749162674
2006-06-04,0.682675838470459
2006-06-05,0.6236168742179871
2006-06-06,0.2700168192386627
2006-06-07,-0.0014804800739511847
2006-06-08,0.6036713719367981
2006-06-09,0.43397918343544006
2006-06-10,-0.8554553389549255
2006-06-11,0.25654760003089905
2006-06-12,0.8465064764022827
2006-06-13,0.5792283415794373
2006-06-14,0.1464933604001999
2006-06-15,0.5754067897796631
2006-06-16,0.11219242215156555
2006-06-17,-0.23447561264038086
2006-06-19,0.4568399488925934
2006-06-20,0.23118159174919128
2006-06-21,0.21389678120613098
2006-06-22,0.6232869625091553
2006-06-23,0.37260690331459045
2006-06-24,0.10457323491573334
2006-06-27,0.2634477913379669
2006-06-28,0.004402846097946167
2006-06-29,0.21527732908725739
2006-06-30,0.3962279260158539
2006-07-01,-0.8652808666229248
2006-07-03,0.32234466075897217
2006-07-04,0.07210081815719604
2006-07-05,0.6389262676239014
2006-07-06,0.5278568267822266
2006-07-07,-0.030516862869262695
2006-07-08,0.49159306287765503
2006-07-10,0.47681108117103577
2006-07-11,0.2967390716075897
2006-07-12,0.2156253308057785
2006-07-13,-0.1779080182313919
2006-07-14,0.10460236668586731
2006-07-17,0.912793755531311
2006-07-18,0.28545618057250977
2006-07-19,0.5492443442344666
2006-07-20,-0.02067035436630249
2006-07-21,0.2235470861196518
2006-07-22,0.0690772533416748
2006-07-23,0.9261294007301331
2006-07-24,0.5050914287567139
2006-07-25,0.4633404016494751
2006-07-26,0.3362180292606354
2006-07-27,0.7764788866043091
2006-07-28,0.09978416562080383
2006-07-29,0.5513469576835632
2006-07-31,-0.2183167189359665
2006-08-01,0.41930660605430603
2006-08-02,0.35977768898010254
2006-08-03,0.5769716501235962
2006-08-04,-0.20802412927150726
2006-08-05,0.5279527902603149
2006-08-06,0.4228990972042084
2006-08-07,-0.16133439540863037
2006-08-08,0.6042141318321228
2006-08-09,0.3146037459373474
2006-08-10,-0.3474397361278534
2006-08-11,0.3526837229728699
2006-08-12,0.41026484966278076
2006-08-13,0.9140040278434753
2006-08-14,0.6527962684631348
2006-08-15,0.1484117954969406
2006-08-16,-0.06049027293920517
2006-08-17,0.2372562289237976
2006-08-18,0.0630141943693161
2006-08-19,0.20139288902282715
2006-08-21,0.21394118666648865
2006-08-22,0.07209622114896774
2006-08-23,0.2771945595741272
2006-08-24,0.11663534492254257
2006-08-25,0.26275473833084106
2006-08-26,0.6151556968688965
2006-08-28,0.4790610373020172
2006-08-29,0.47454723715782166
2006-08-30,0.2965598702430725
2006-08-31,0.5153043270111084
2006-09-01,-0.20205995440483093
2006-09-02,0.15190884470939636
2006-09-03,0.4004456698894501
2006-09-04,0.3687681257724762
2006-09-05,0.5920030474662781
2006-09-06,0.25907251238822937
2006-09-07,0.39702078700065613
2006-09-08,0.38811030983924866
2006-09-09,-0.2947010397911072
2006-09-10,0.9139522314071655
2006-09-11,0.3335822820663452
2006-09-12,0.3959750831127167
2006-09-13,0.36959022283554077
2006-09-14,0.10500021278858185
2006-09-15,0.44238337874412537
2006-09-16,-0.13872092962265015
2006-09-18,0.1989957094192505
2006-09-19,0.5748735070228577
2006-09-20,-0.2638850212097168
2006-09-21,0.2514209747314453
2006-09-22,0.306278795003891
2006-09-23,-0.234602153301239
2006-09-25,0.21362929046154022
2006-09-26,0.9339599609375
2006-09-27,0.493738055229187
2006-09-28,0.4665854275226593
2006-09-29,0.5837946534156799
2006-09-30,0.5813196301460266
2006-10-02,0.20232050120830536
2006-10-03,0.14692322909832
2006-10-04,0.5765425562858582
2006-10-05,0.32661816477775574
2006-10-06,0.2925759255886078
2006-10-07,0.6939117312431335
2006-10-10,0.38758257031440735
2006-10-11,0.25818169116973877
2006-10-12,0.3926737904548645
2006-10-13,0.6392701268196106
2006-10-14,-0.011766761541366577
2006-10-16,0.6874935626983643
2006-10-17,0.7635130882263184
2006-10-18,0.20843961834907532
2006-10-19,0.084976926445961
2006-10-20,0.4171566963195801
2006-10-21,-0.31877484917640686
2006-10-23,0.2658035159111023
2006-10-24,0.2374916523694992
2006-10-25,0.4314446449279785
2006-10-26,0.47275760769844055
2006-10-27,0.5090934634208679
2006-10-28,0.6312242746353149
2006-10-31,0.35639142990112305
2006-11-01,0.4705211818218231
2006-11-02,0.1653740555047989
2006-11-03,0.19219337403774261
2006-11-04,0.45147570967674255
2006-11-06,0.23685821890830994
2006-11-07,0.7182048559188843
2006-11-08,-0.15430575609207153
2006-11-09,0.3355114161968231
2006-11-10,0.48133644461631775
2006-11-11,0.7891526222229004
2006-11-13,0.15324386954307556
2006-11-14,-0.34818944334983826
2006-11-15,-0.09296240657567978
2006-11-16,0.4229181706905365
2006-11-17,0.5182021856307983
2006-11-18,0.22984658181667328
2006-11-20,0.08872044086456299
2006-11-21,0.36322635412216187
2006-11-22,0.2389950305223465
2006-11-23,0.4160180687904358
2006-11-24,0.16573017835617065
2006-11-25,0.5764641761779785
2006-11-27,0.8204416036605835
2006-11-28,0.3817332983016968
2006-11-29,0.3936154544353485
2006-11-30,0.2031525820493698
2006-12-01,0.14844569563865662
2006-12-02,0.7940139770507812
2006-12-04,0.29768916964530945
2006-12-05,0.5957421660423279
2006-12-06,0.6957365870475769
2006-12-07,0.24295960366725922
2006-12-08,0.4141501784324646
2006-12-09,0.17708437144756317
2006-12-11,0.5059916377067566
2006-12-12,0.5210551619529724
2006-12-13,0.022254740819334984
2006-12-14,0.197953462600708
2006-12-15,0.14193734526634216
2006-12-16,-0.17238345742225647
2006-12-18,0.8812357783317566
2006-12-19,-0.12629947066307068
2006-12-20,0.05021129176020622
2006-12-21,0.44684532284736633
2006-12-22,0.5414066910743713
2006-12-23,0.5560168027877808
2006-12-24,0.6848312020301819
2006-12-25,-0.3591559827327728
2006-12-26,0.501361608505249
2006-12-27,-0.32997652888298035
2006-12-29,0.04903231933712959
2006-12-30,-0.3031877875328064
2007-01-01,0.43135014176368713
2007-01-02,-0.10420820116996765
2007-01-03,-0.017600705847144127
2007-01-04,-0.23139533400535583
2007-01-05,0.2636549174785614
2007-01-06,0.06921595335006714
2007-01-07,0.1253889948129654
2007-01-08,0.8007364869117737
2007-01-09,0.2255508452653885
2007-01-10,0.5011078119277954
2007-01-11,0.6732306480407715
2007-01-12,0.451285719871521
2007-01-13,0.9321707487106323
2007-01-14,-0.13228805363178253
2007-01-15,0.9320670962333679
2007-01-16,-0.050875790417194366
2007-01-17,0.6109358668327332
2007-01-18,-0.01904544234275818
2007-01-19,-0.029362047091126442
2007-01-20,0.3323187530040741
2007-01-22,-0.9387354254722595
2007-01-23,-0.12228000164031982
2007-01-24,0.4455302357673645
2007-01-25,0.7612903118133545
2007-01-26,0.35369837284088135
2007-01-27,0.8797256946563721
2007-01-29,0.0199928879737854
2007-01-30,0.39468860626220703
2007-01-31,0.24717079102993011
2007-02-01,0.011643786914646626
2007-02-02,-0.3770604431629181
2007-02-03,0.5289751887321472
2007-02-04,0.2631549835205078
2007-02-05,0.9068004488945007
2007-02-06,0.20143333077430725
2007-02-07,0.469194620847702
2007-02-08,0.19354486465454102
2007-02-09,-0.9537292122840881
2007-02-10,-0.0688890665769577
2007-02-11,0.8982083797454834
2007-02-12,-0.6268435716629028
2007-02-13,0.13210922479629517
2007-02-14,0.5278999209403992
2007-02-16,0.21330522000789642
2007-02-17,0.8865834474563599
2007-02-20,0.043547600507736206
2007-02-21,0.23020856082439423
2007-02-22,-0.067225880920887
2007-02-23,0.19524839520454407
2007-02-24,0.8489981293678284
2007-02-25,0.543698787689209
2007-02-26,0.3421632647514343
2007-02-27,0.5258599519729614
2007-02-28,0.22896985709667206
2007-03-01,0.014985403046011925
2007-03-02,0.5569337606430054
2007-03-03,-0.2277517318725586
2007-03-04,-0.46127623319625854
2007-03-06,-0.589407205581665
2007-03-07,0.47837504744529724
2007-03-08,-0.06347199529409409
2007-03-09,-0.29176199436187744
2007-03-10,-0.5989749431610107
2007-03-11,0.43965137004852295
2007-03-12,-0.05807282403111458
2007-03-13,0.6755350828170776
2007-03-14,0.16218094527721405
2007-03-15,0.17341892421245575
2007-03-16,0.5666898488998413
2007-03-17,0.48575711250305176
2007-03-18,0.14737296104431152
2007-03-19,0.5117591619491577
2007-03-20,0.9217650294303894
2007-03-21,0.33989810943603516
2007-03-22,0.3790763318538666
2007-03-23,0.6779416799545288
2007-03-24,0.3862076997756958
2007-03-25,0.15342797338962555
2007-03-26,-0.052960556000471115
2007-03-27,-0.19318220019340515
2007-03-28,0.8428951501846313
2007-03-29,-0.38060885667800903
2007-03-30,0.0931929349899292
2007-03-31,0.8361313939094543
2007-04-01,0.03270189091563225
2007-04-02,0.21079273521900177
2007-04-03,-0.010834944434463978
2007-04-04,0.06235115975141525
2007-04-05,0.11858981847763062
2007-04-06,0.36611008644104004
2007-04-07,0.28141865134239197
2007-04-08,0.07436899095773697
2007-04-09,0.028583623468875885
2007-04-10,0.5057141780853271
2007-04-11,0.3578854501247406
2007-04-12,0.855301022529602
2007-04-13,0.33089739084243774
2007-04-14,0.3173915445804596
2007-04-15,0.9283938407897949
2007-04-16,0.9087291955947876
2007-04-17,0.6617273092269897
2007-04-18,0.5452464818954468
2007-04-19,0.5149886608123779
2007-04-20,0.04099701717495918
2007-04-21,0.6594962477684021
2007-04-23,0.7056291699409485
2007-04-24,0.10073646157979965
2007-04-25,0.520129382610321
2007-04-26,0.4150155484676361
2007-04-27,0.18186785280704498
2007-04-28,0.6399831771850586
2007-04-29,0.9081777334213257
2007-04-30,0.2047843635082245
2007-05-01,0.4485790431499481
2007-05-02,0.4724765717983246
2007-05-03,-0.1154891774058342
2007-05-04,0.8217110633850098
2007-05-05,-0.014478892087936401
2007-05-06,-0.0425252839922905
2007-05-07,0.479137659072876
2007-05-08,0.20358338952064514
2007-05-09,0.16506586968898773
2007-05-10,0.5838741064071655
2007-05-11,-0.24054495990276337
2007-05-12,0.18992003798484802
2007-05-13,-0.030498478561639786
2007-05-14,-0.9657063484191895
2007-05-15,0.28869467973709106
2007-05-16,0.12300360202789307
2007-05-17,0.6084614396095276
2007-05-18,0.40719813108444214
2007-05-20,0.5716553330421448
2007-05-21,0.4118509292602539
2007-05-22,0.17602914571762085
2007-05-23,0.30886155366897583
2007-05-24,0.10267844796180725
2007-05-25,0.3167451322078705
2007-05-26,0.18761837482452393
2007-05-28,0.07225276529788971
2007-05-29,0.6232930421829224
2007-05-30,0.6090921759605408
2007-05-31,-0.028924623504281044
2007-06-01,-0.11540877819061279
2007-06-02,-0.5786798000335693
2007-06-03,0.021945849061012268
2007-06-04,0.15425588190555573
2007-06-05,0.00627402076497674
2007-06-06,0.4595584273338318
2007-06-07,0.5705561637878418
2007-06-08,-0.0006988048553466797
2007-06-10,0.5277456641197205
2007-06-11,0.18182899057865143
2007-06-12,0.7683998942375183
2007-06-13,-0.33207327127456665
2007-06-14,0.5140718817710876
2007-06-15,0.7569006681442261
2007-06-16,0.11026201397180557
2007-06-17,0.20962639153003693
2007-06-18,0.34875911474227905
2007-06-19,0.7712440490722656
2007-06-20,0.30689793825149536
2007-06-21,0.588342547416687
2007-06-22,0.3334801197052002
2007-06-23,0.9163767099380493
2007-06-24,-0.0662621483206749
2007-06-25,0.3574145436286926
2007-06-26,0.49653202295303345
2007-06-27,0.39694744348526
2007-06-28,0.20032884180545807
2007-06-29,0.3946361839771271
2007-06-30,0.8183358907699585
2007-07-02,0.06275735795497894
2007-07-03,0.3918885886669159
2007-07-04,0.19057303667068481
2007-07-05,0.4268321096897125
2007-07-06,0.56554114818573
2007-07-07,0.19884243607521057
2007-07-09,-0.15860265493392944
2007-07-10,0.15351785719394684
2007-07-11,0.16351869702339172
2007-07-12,0.014371797442436218
2007-07-13,0.357254296541214
2007-07-14,0.16614171862602234
2007-07-16,0.005985816940665245
2007-07-17,0.8269532918930054
2007-07-18,-0.2116755247116089
2007-07-19,0.0474461130797863
2007-07-20,0.7148007154464722
2007-07-21,0.5393009781837463
2007-07-22,0.9258487224578857
2007-07-23,0.43941980600357056
2007-07-24,0.4906189739704132
2007-07-25,0.6137843132019043
2007-07-26,0.8515890836715698
2007-07-27,0.7433388233184814
2007-07-28,0.9239875078201294
2007-07-29,-0.031510137021541595
2007-07-30,0.29315826296806335
2007-07-31,0.4075881540775299
2007-08-01,0.5308257937431335
2007-08-02,0.20177823305130005
2007-08-03,0.434198796749115
2007-08-04,0.23157653212547302
2007-08-05,-0.9526948928833008
2007-08-06,0.4233090281486511
2007-08-07,0.17205341160297394
2007-08-08,0.4659297466278076
2007-08-09,-0.16911986470222473
2007-08-10,-0.0008918444509617984
2007-08-11,0.8638131618499756
2007-08-12,0.9007084965705872
2007-08-13,0.028628667816519737
2007-08-14,0.2006554752588272
2007-08-15,-0.9096338748931885
2007-08-16,-0.4260678291320801
2007-08-17,-0.38111886382102966
2007-08-20,0.1633996069431305
2007-08-21,0.13993294537067413
2007-08-22,0.819998562335968
2007-08-23,0.5757634043693542
2007-08-24,0.18208621442317963
2007-08-25,0.14091138541698456
2007-08-27,0.2186911255121231
2007-08-28,0.20579080283641815
2007-08-29,-0.7002084255218506
2007-08-30,0.19227872788906097
2007-08-31,0.5523117184638977
2007-09-01,0.24347640573978424
2007-09-02,0.3127354085445404
2007-09-03,0.3930985927581787
2007-09-04,0.13220062851905823
2007-09-05,-0.6228756904602051
2007-09-06,0.12987855076789856
2007-09-07,-0.10501173138618469
2007-09-09,0.17356520891189575
2007-09-10,0.5431247353553772
2007-09-11,0.304935485124588
2007-09-12,-0.14881230890750885
2007-09-13,0.3828822374343872
2007-09-14,0.551755428314209
2007-09-15,0.656215488910675
2007-09-16,-0.3048913776874542
2007-09-17,-0.19442078471183777
2007-09-18,-0.264781653881073
2007-09-19,0.37164637446403503
2007-09-20,0.4132445454597473
2007-09-21,0.13140994310379028
2007-09-22,-0.1344154179096222
2007-09-24,0.8886075019836426
2007-09-25,0.5906824469566345
2007-09-26,-0.03440171480178833
2007-09-27,0.50449538230896
2007-09-28,0.5066941380500793
2007-09-29,-0.026568472385406494
2007-10-01,-0.05118611454963684
2007-10-02,0.31316253542900085
2007-10-03,0.6330533623695374
2007-10-04,0.09457612037658691
2007-10-05,0.28707462549209595
2007-10-06,0.07379095256328583
2007-10-08,0.050505250692367554
2007-10-09,0.8381286859512329
2007-10-10,-0.018596529960632324
2007-10-11,0.5217550992965698
2007-10-12,0.39224568009376526
2007-10-16,0.6808798909187317
2007-10-17,0.7179486751556396
2007-10-18,0.6905580163002014
2007-10-19,0.31257131695747375
2007-10-20,0.7487292885780334
2007-10-22,-0.2500356435775757
2007-10-23,0.9250640869140625
2007-10-24,0.9239001870155334
2007-10-25,-0.26098766922950745
2007-10-26,0.5502941012382507
2007-10-27,0.3415052890777588
2007-10-28,-0.01765383780002594
2007-10-29,0.49279212951660156
2007-10-30,-0.24076040089130402
2007-10-31,0.4260861873626709
2007-11-01,0.8236535787582397
2007-11-02,-0.0013276636600494385
2007-11-05,-0.8367667198181152
2007-11-06,0.12575212121009827
2007-11-07,0.46913662552833557
2007-11-08,0.16249364614486694
2007-11-09,-0.021047085523605347
2007-11-12,0.5817649364471436
2007-11-13,0.12179978936910629
2007-11-14,0.3155227303504944
2007-11-15,0.753685712814331
2007-11-16,0.696391761302948
2007-11-19,0.42631372809410095
2007-11-20,0.08675839751958847
2007-11-21,0.3270258903503418
2007-11-22,0.18497471511363983
2007-11-23,0.2761850953102112
2007-11-24,0.420624315738678
2007-11-26,0.0891382023692131
2007-11-27,0.6482163667678833
2007-11-28,0.2955668270587921
2007-11-29,-0.21879741549491882
2007-11-30,0.6189080476760864
2007-12-02,0.27554500102996826
2007-12-03,0.27872440218925476
2007-12-04,0.1531873643398285
2007-12-05,-0.2747872769832611
2007-12-06,0.4764564037322998
2007-12-07,0.27406322956085205
2007-12-08,-0.2504449486732483
2007-12-10,0.18624824285507202
2007-12-11,0.7425348162651062
2007-12-12,0.22717131674289703
2007-12-13,-0.07335500419139862
2007-12-14,0.49571630358695984
2007-12-15,-0.37423402070999146
2007-12-17,0.39053353667259216
2007-12-18,-0.10248038917779922
2007-12-19,0.22997991740703583
2007-12-20,0.2786819040775299
2007-12-21,-0.5492979884147644
2007-12-22,0.8186264038085938
2007-12-24,0.028424441814422607
2007-12-25,0.06596041470766068
2007-12-26,0.14345258474349976
2007-12-27,0.5038648247718811
2007-12-28,-0.02726830542087555
2007-12-29,0.12342962622642517
2007-12-31,-0.03891582787036896
2008-01-01,0.15192291140556335
2008-01-02,0.037897977977991104
2008-01-03,0.0583600178360939
2008-01-04,0.49330365657806396
2008-01-05,0.9303412437438965
2008-01-08,0.30440592765808105
2008-01-09,0.15668269991874695
2008-01-10,0.7921056747436523
2008-01-11,0.4492536187171936
2008-01-12,0.6354726552963257
2008-01-13,0.030389487743377686
2008-01-14,0.5438922047615051
2008-01-15,0.3448537290096283
2008-01-16,0.18308506906032562
2008-01-17,0.6252442002296448
2008-01-18,0.42208996415138245
2008-01-19,0.4897523820400238
2008-01-21,0.9175420999526978
2008-01-22,0.19855771958827972
2008-01-23,0.6963624358177185
2008-01-24,0.6596316695213318
2008-01-25,0.06825190782546997
2008-01-26,0.11898048222064972
2008-01-28,0.7137690782546997
2008-01-29,-0.06395796686410904
2008-01-30,0.5333128571510315
2008-01-31,-0.2979894280433655
2008-02-01,0.49375176429748535
2008-02-02,0.2699131369590759
2008-02-05,0.4571157991886139
2008-02-06,0.36652955412864685
2008-02-07,-0.24724219739437103
2008-02-08,0.5121496319770813
2008-02-10,0.5965891480445862
2008-02-11,0.052526749670505524
2008-02-12,-0.2555740773677826
2008-02-13,0.3295343220233917
2008-02-14,0.30089810490608215
2008-02-15,-0.9633294939994812
2008-02-18,0.19930599629878998
2008-02-19,0.3989417254924774
2008-02-20,0.015272334218025208
2008-02-21,-0.027753736823797226
2008-02-22,0.26150649785995483
2008-02-25,-0.33063775300979614
2008-02-27,0.6238815784454346
2008-02-28,0.30109986662864685
2008-02-29,-0.07110949605703354
2008-03-01,0.08038660883903503
2008-03-02,-0.20080822706222534
2008-03-03,0.6163339018821716
2008-03-04,0.1519310623407364
2008-03-05,0.2686602473258972
2008-03-06,-0.025702545419335365
2008-03-07,0.10356516391038895
2008-03-08,0.4452246427536011
2008-03-10,-0.35734254121780396
2008-03-11,0.07071997225284576
2008-03-12,0.1257881075143814
2008-03-13,0.5567489862442017
2008-03-14,0.5658241510391235
2008-03-15,0.6903916597366333
2008-03-17,0.15261691808700562
2008-03-18,0.6219301819801331
2008-03-19,0.07919678837060928
2008-03-20,-0.45223140716552734
2008-03-21,-0.16755902767181396
2008-03-22,0.9300435185432434
2008-03-24,0.8971452116966248
2008-03-25,-0.11336463689804077
2008-03-26,0.4630827307701111
2008-03-27,-0.03536263108253479
2008-03-28,0.5469154715538025
2008-03-30,-0.787310779094696
2008-03-31,0.0804886445403099
2008-04-01,0.017736777663230896
2008-04-02,-0.1769537627696991
2008-04-03,-0.2585391104221344
2008-04-04,-0.24525724351406097
2008-04-05,0.863871157169342
2008-04-07,0.4576689600944519
2008-04-08,0.29693603515625
2008-04-09,-0.42638057470321655
2008-04-10,-0.14162355661392212
2008-04-11,-0.2087939828634262
2008-04-14,-0.40268802642822266
2008-04-15,0.17719635367393494
2008-04-16,0.27468159794807434
2008-04-17,0.7360475659370422
2008-04-18,-0.10345947742462158
2008-04-19,0.07766030728816986
2008-04-21,-0.9035684466362
2008-04-22,0.21947358548641205
2008-04-23,-0.11578672379255295
2008-04-24,-0.4194890558719635
2008-04-25,-0.08399838954210281
2008-04-26,-0.48892152309417725
2008-04-27,0.24464291334152222
2008-04-28,0.9264273047447205
2008-04-29,-0.11622587591409683
2008-04-30,0.07044197618961334
2008-05-01,0.2519773542881012
2008-05-02,-0.23354372382164001
2008-05-03,0.9318662881851196
2008-05-04,-0.9361793398857117
2008-05-05,0.049951761960983276
2008-05-06,0.25508591532707214
2008-05-07,-0.031071530655026436
2008-05-08,0.320134699344635
2008-05-09,0.10512395948171616
2008-05-10,-0.075368233025074
2008-05-11,-0.6110754013061523
2008-05-12,0.13295432925224304
2008-05-13,-0.012632369995117188
2008-05-14,0.17648692429065704
2008-05-15,-0.22525469958782196
2008-05-16,0.04564838483929634
2008-05-17,-0.44257643818855286
2008-05-18,0.04371945187449455
2008-05-19,0.2017928808927536
2008-05-20,-0.03480996936559677
2008-05-21,0.10970111191272736
2008-05-22,0.20888547599315643
2008-05-23,-3.7146732211112976e-05
2008-05-25,0.12029697746038437
2008-05-26,0.8066412806510925
2008-05-27,0.08444651961326599
2008-05-28,0.1722499579191208
2008-05-29,0.3722649812698364
2008-05-30,0.059101004153490067
2008-05-31,-0.0950428918004036
2008-06-01,0.1353813111782074
2008-06-02,0.28228387236595154
2008-06-03,0.36358386278152466
2008-06-04,0.10246522724628448
2008-06-05,-0.31071266531944275
2008-06-06,-0.009919939562678337
2008-06-07,-0.0027432788629084826
2008-06-08,0.07904408127069473
2008-06-09,0.27509891986846924
2008-06-10,0.19996145367622375
2008-06-11,-0.04685094207525253
2008-06-12,0.3156048059463501
2008-06-13,0.06453761458396912
2008-06-14,0.055863261222839355
2008-06-15,0.03417283296585083
2008-06-16,-0.20152394473552704
2008-06-17,-0.13180050253868103
2008-06-18,0.10716881603002548
2008-06-19,0.4440615475177765
2008-06-20,0.03060125932097435
2008-06-21,-0.07654327899217606
2008-06-22,0.5648587346076965
2008-06-23,0.07000796496868134
2008-06-24,0.00594655517488718
2008-06-25,0.18185146152973175
2008-06-26,0.6179457902908325
2008-06-27,-0.19822964072227478
2008-06-28,0.9056750535964966
2008-06-30,-0.07973935455083847
2008-07-01,-0.2834186255931854
2008-07-02,-0.10521021485328674
2008-07-03,-0.12802012264728546
2008-07-04,-0.005680548958480358
2008-07-05,-0.18600822985172272
2008-07-06,0.21316997706890106
2008-07-07,0.11727380752563477
2008-07-08,0.03454761952161789
2008-07-09,-0.323790043592453
2008-07-10,0.02832420915365219
2008-07-11,0.06562157720327377
2008-07-12,-0.3594614267349243
2008-07-13,0.08515968918800354
2008-07-14,0.038414858281612396
2008-07-15,-0.1356804519891739
2008-07-16,0.32052725553512573
2008-07-17,0.27094537019729614
2008-07-18,-0.28288060426712036
2008-07-19,0.4971500039100647
2008-07-20,0.3019786477088928
2008-07-21,-0.016583940014243126
2008-07-22,0.13854002952575684
2008-07-23,0.06677647680044174
2008-07-24,0.10843957215547562
2008-07-25,-0.38420653343200684
2008-07-26,-0.058627933263778687
2008-07-27,0.9069617986679077
2008-07-28,0.2656446695327759
2008-07-29,0.2597922384738922
2008-07-31,0.35800647735595703
2008-08-01,0.34083786606788635
2008-08-02,-0.04337497055530548
2008-08-03,0.30744317173957825
2008-08-04,0.26686418056488037
2008-08-05,-0.15618617832660675
2008-08-06,0.5174892544746399
2008-08-07,0.1888485550880432
2008-08-08,0.2519322335720062
2008-08-09,-0.9475710988044739
2008-08-10,0.18587182462215424
2008-08-11,0.09147310256958008
2008-08-12,0.656139612197876
2008-08-13,0.17704378068447113
2008-08-14,0.6045518517494202
2008-08-15,0.454828143119812
2008-08-16,0.399152934551239
2008-08-17,0.0885717123746872
2008-08-18,0.24206781387329102
2008-08-19,0.240947425365448
2008-08-20,-0.12577515840530396
2008-08-21,0.6232364773750305
2008-08-22,0.7872955203056335
2008-08-24,0.0905853882431984
2008-08-25,0.10612821578979492
2008-08-26,0.004179886542260647
2008-08-27,0.05636642873287201
2008-08-28,0.10369778424501419
2008-08-29,0.1313880980014801
2008-08-30,-0.22243985533714294
2008-08-31,0.8771119713783264
2008-09-01,0.48962101340293884
2008-09-02,0.5770655274391174
2008-09-03,0.11627703905105591
2008-09-04,-0.26371678709983826
2008-09-06,0.4488276541233063
2008-09-07,-0.23474618792533875
2008-09-08,0.669634222984314
2008-09-09,-0.06497541815042496
2008-09-10,-0.38514989614486694
2008-09-11,0.018779344856739044
2008-09-12,0.24688096344470978
2008-09-15,-0.4267394542694092
2008-09-16,-0.19036129117012024
2008-09-17,0.011949962936341763
2008-09-18,0.17275547981262207
2008-09-19,-0.08827764540910721
2008-09-20,0.653785765171051
2008-09-21,0.02961147390305996
2008-09-22,-0.17933838069438934
2008-09-23,0.15261566638946533
2008-09-24,0.0823633223772049
2008-09-25,0.2737348973751068
2008-09-26,-0.02746175043284893
2008-09-27,0.07812086492776871
2008-09-29,-0.24990184605121613
2008-09-30,0.015818342566490173
2008-10-01,-0.20832504332065582
2008-10-02,-0.1476144790649414
2008-10-03,0.0021111387759447098
2008-10-04,0.5769223570823669
2008-10-06,0.16113904118537903
2008-10-07,0.5810648798942566
2008-10-08,0.44302746653556824
2008-10-09,0.1476564258337021
2008-10-10,-0.28267985582351685
2008-10-11,-0.47460952401161194
2008-10-12,0.38057470321655273
2008-10-13,-0.44233059883117676
2008-10-14,-0.15226636826992035
2008-10-15,0.026769936084747314
2008-10-16,0.1127917692065239
2008-10-17,0.8191664814949036
2008-10-18,-0.21069006621837616
2008-10-19,-0.5582766532897949
2008-10-20,-0.46949630975723267
2008-10-21,0.5312216281890869
2008-10-22,-0.09068994969129562
2008-10-23,-0.16576708853244781
2008-10-24,-0.15113744139671326
2008-10-25,0.045122481882572174
2008-10-26,0.6895158290863037
2008-10-27,0.9298478364944458
2008-10-28,-0.6512557864189148
2008-10-29,-0.1713268756866455
2008-10-30,0.080745629966259
2008-10-31,0.6024631857872009
2008-11-01,0.8577564358711243
2008-11-02,0.13322561979293823
2008-11-03,0.3937402069568634
2008-11-04,-0.5261020064353943
2008-11-05,-0.3750269114971161
2008-11-06,-0.18330898880958557
2008-11-07,-0.4157589375972748
2008-11-09,0.34876006841659546
2008-11-10,0.03981012850999832
2008-11-11,-0.17119789123535156
2008-11-12,-0.22208908200263977
2008-11-13,0.02908027172088623
2008-11-14,0.16390949487686157
2008-11-15,0.15362556278705597
2008-11-16,-0.009966723620891571
2008-11-17,-0.31305819749832153
2008-11-18,-0.29973894357681274
2008-11-19,0.18412065505981445
2008-11-20,0.17372915148735046
2008-11-21,-0.4105008840560913
2008-11-22,-0.44733551144599915
2008-11-23,-0.4877714216709137
2008-11-24,0.5773863196372986
2008-11-25,0.17562375962734222
2008-11-26,0.25436919927597046
2008-11-27,-0.2915479838848114
2008-11-28,0.05233636125922203
2008-11-29,-0.3670065104961395
2008-11-30,0.3274100720882416
2008-12-01,0.028248250484466553
2008-12-02,-0.2192329466342926
2008-12-03,0.07859928905963898
2008-12-04,-0.09691597521305084
2008-12-05,0.6782085299491882
2008-12-06,0.8036626577377319
2008-12-07,0.9218665957450867
2008-12-08,-0.14772506058216095
2008-12-09,0.06923948973417282
2008-12-10,0.39780065417289734
2008-12-11,0.039909929037094116
2008-12-12,-0.1256549209356308
2008-12-13,0.03400256112217903
2008-12-14,-0.951254665851593
2008-12-15,0.021959463134407997
2008-12-16,0.0364602655172348
2008-12-17,0.11934926360845566
2008-12-18,-0.09638364613056183
2008-12-19,0.30846038460731506
2008-12-20,0.026990175247192383
2008-12-21,0.022774282842874527
2008-12-22,-0.36063462495803833
2008-12-23,-0.18723279237747192
2008-12-24,0.07171326130628586
2008-12-25,-0.08994322270154953
2008-12-26,0.03113391622900963
2008-12-27,0.47602081298828125
2008-12-28,0.22444716095924377
2008-12-29,-0.03339214250445366
2008-12-30,-0.008824750781059265
2008-12-31,-0.2337597757577896
2009-01-01,0.2894795835018158
2009-01-02,0.118429996073246
2009-01-03,0.13379201292991638
2009-01-04,-0.32419353723526
2009-01-05,-0.25032711029052734
2009-01-06,0.03492465987801552
2009-01-07,0.08850511908531189
2009-01-08,-0.3537561595439911
2009-01-09,-0.038148991763591766
2009-01-10,-0.12714453041553497
2009-01-11,0.42362257838249207
2009-01-12,-0.22935084998607635
2009-01-13,-0.12053225934505463
2009-01-14,-0.20252418518066406
2009-01-15,-0.41196107864379883
2009-01-16,-0.13215477764606476
2009-01-17,-0.4947245717048645
2009-01-18,-0.8640509843826294
2009-01-19,0.5973240733146667
2009-01-20,0.24230143427848816
2009-01-21,0.21045397222042084
2009-01-22,-0.083763986825943
2009-01-23,0.0953211858868599
2009-01-24,-0.4922483563423157
2009-01-25,0.1348915696144104
2009-01-26,-0.11387902498245239
2009-01-27,-0.02456853725016117
2009-01-28,0.3446144461631775
2009-01-29,0.4613376259803772
2009-01-30,-0.01839521713554859
2009-01-31,-0.035249799489974976
2009-02-01,0.8845900297164917
2009-02-02,0.07757649570703506
2009-02-03,0.3713361620903015
2009-02-04,0.3546370267868042
2009-02-05,-0.029930543154478073
2009-02-06,-0.5051297545433044
2009-02-07,0.7284293174743652
2009-02-08,0.31282657384872437
2009-02-09,0.09406167268753052
2009-02-10,0.03670810908079147
2009-02-11,0.11152926832437515
2009-02-12,0.6724721193313599
2009-02-13,-0.2687157094478607
2009-02-14,-0.3696258068084717
2009-02-15,-0.5058178305625916
2009-02-16,0.24473805725574493
2009-02-17,-0.11721783876419067
2009-02-18,0.09375140070915222
2009-02-19,0.32296404242515564
2009-02-20,0.09770827740430832
2009-02-21,0.016660913825035095
2009-02-22,-0.45541998744010925
2009-02-23,-0.16580376029014587
2009-02-24,0.6336992979049683
2009-02-25,-0.34866583347320557
2009-02-26,-0.0930645540356636
2009-02-27,0.11422263085842133
2009-02-28,-0.9186806678771973
2009-03-01,-0.22137407958507538
2009-03-02,-0.42652907967567444
2009-03-03,0.35962769389152527
2009-03-04,-0.0026093870401382446
2009-03-05,-0.11724308878183365
2009-03-06,0.3368271291255951
2009-03-07,-0.9674887657165527
2009-03-08,-0.39935293793678284
2009-03-09,0.2115957885980606
2009-03-10,0.19621701538562775
2009-03-11,0.3323328495025635
2009-03-12,0.06867135316133499
2009-03-13,0.1256656050682068
2009-03-14,-0.01726856827735901
2009-03-15,0.3483858108520508
2009-03-16,0.02604564279317856
2009-03-17,-0.1761123090982437
2009-03-18,0.2496853768825531
2009-03-19,-0.10894749313592911
2009-03-20,0.27587074041366577
2009-03-21,-0.8656473159790039
2009-03-22,0.01824699342250824
2009-03-23,0.4712722897529602
2009-03-24,0.2008664906024933
2009-03-25,-0.42070257663726807
2009-03-26,0.35232770442962646
2009-03-27,-0.009009450674057007
2009-03-28,0.9309579730033875
2009-03-29,0.2442043572664261
2009-03-30,0.32158491015434265
2009-03-31,-0.12583495676517487
2009-04-01,-0.323114275932312
2009-04-02,-0.12950359284877777
2009-04-03,-0.03490503132343292
2009-04-04,-0.5170239210128784
2009-04-05,-0.29968276619911194
2009-04-06,0.1080004870891571
2009-04-07,0.06917750835418701
2009-04-08,0.45279645919799805
2009-04-09,-0.3705608546733856
2009-04-10,0.36823680996894836
2009-04-11,0.5463120341300964
2009-04-12,0.8734942674636841
2009-04-13,0.3461764454841614
2009-04-14,-0.10596808791160583
2009-04-15,0.8041835427284241
2009-04-16,0.35734978318214417
2009-04-17,-0.46675369143486023
2009-04-18,0.04040389880537987
2009-04-19,0.32946741580963135
2009-04-20,-0.602814257144928
2009-04-21,0.17440134286880493
2009-04-22,0.3054770231246948
2009-04-23,0.06850182265043259
2009-04-24,0.08872399479150772
2009-04-25,0.8831844329833984
2009-04-26,0.08757436275482178
2009-04-27,0.3683452606201172
2009-04-28,0.10894239693880081
2009-04-29,0.31449180841445923
2009-04-30,-0.27778103947639465
2009-05-01,0.38271471858024597
2009-05-02,0.60494464635849
2009-05-03,-0.19544334709644318
2009-05-04,0.6115087866783142
2009-05-05,0.06042046099901199
2009-05-06,0.3058095872402191
2009-05-07,0.04547310993075371
2009-05-08,0.06674304604530334
2009-05-09,-0.02301812171936035
2009-05-10,-0.30555951595306396
2009-05-11,0.3027796447277069
2009-05-12,0.22084498405456543
2009-05-13,-0.12107650190591812
2009-05-14,0.4246934652328491
2009-05-15,-0.09364461153745651
2009-05-16,0.2809106111526489
2009-05-17,-0.004142165184020996
2009-05-18,-0.2678065598011017
2009-05-19,0.7984932661056519
2009-05-20,0.23232373595237732
2009-05-21,0.24324001371860504
2009-05-22,0.3857968747615814
2009-05-23,-0.4678281545639038
2009-05-24,0.2918062210083008
2009-05-25,0.4305005669593811
2009-05-26,0.47468101978302
2009-05-27,0.04617791622877121
2009-05-28,0.36618492007255554
2009-05-29,0.186177060008049
2009-05-30,0.35977697372436523
2009-05-31,0.4593636393547058
2009-06-01,0.370371013879776
2009-06-02,0.5088253021240234
2009-06-03,0.19266106188297272
2009-06-04,0.2822660505771637
2009-06-05,-0.46401646733283997
2009-06-07,0.658524215221405
2009-06-08,0.4588583707809448
2009-06-09,0.5234131217002869
2009-06-10,0.513152003288269
2009-06-11,-0.06669642776250839
2009-06-12,-0.20630092918872833
2009-06-13,-0.9335217475891113
2009-06-14,0.07717373967170715
2009-06-15,0.2948790192604065
2009-06-16,0.46153101325035095
2009-06-17,0.33615413308143616
2009-06-18,0.0869201198220253
2009-06-19,-0.018114274367690086
2009-06-20,0.32950472831726074
2009-06-21,0.33058488368988037
2009-06-22,0.8150452375411987
2009-06-23,0.07862275838851929
2009-06-24,0.3749465048313141
2009-06-25,0.36495500802993774
2009-06-26,0.5035969614982605
2009-06-27,-0.015261918306350708
2009-06-28,-0.9430270791053772
2009-06-29,0.06109645962715149
2009-06-30,-0.2215854823589325
2009-07-01,0.4489535689353943
2009-07-02,0.16240008175373077
2009-07-03,0.13794098794460297
2009-07-04,0.9305421710014343
2009-07-05,0.7483893036842346
2009-07-06,0.40727537870407104
2009-07-07,0.2991454005241394
2009-07-08,0.06064192205667496
2009-07-09,0.10834614187479019
2009-07-10,0.04136333987116814
2009-07-11,0.929576575756073
2009-07-12,-0.00663516903296113
2009-07-13,0.21394610404968262
2009-07-14,0.3516376316547394
2009-07-15,0.5547812581062317
2009-07-16,0.4626695215702057
2009-07-17,0.2214398831129074
2009-07-18,0.6010561585426331
2009-07-19,0.9183246493339539
2009-07-20,0.6700401902198792
2009-07-21,0.035220421850681305
2009-07-22,0.1248726025223732
2009-07-23,0.35990363359451294
2009-07-24,0.43866121768951416
2009-07-25,0.9356231689453125
2009-07-26,0.5154976844787598
2009-07-27,0.48452338576316833
2009-07-28,0.5669620037078857
2009-07-29,0.5742918252944946
2009-07-30,0.0032030600123107433
2009-07-31,0.2812670171260834
2009-08-01,0.599778413772583
2009-08-02,0.1337626427412033
2009-08-03,0.49411076307296753
2009-08-04,0.17784114181995392
2009-08-05,0.027140790596604347
2009-08-06,0.012012049555778503
2009-08-07,-0.2811775505542755
2009-08-08,0.4048284590244293
2009-08-09,0.053733374923467636
2009-08-10,0.32361799478530884
2009-08-11,0.11490904539823532
2009-08-12,-0.0077835144475102425
2009-08-13,0.387701153755188
2009-08-14,0.06844689697027206
2009-08-15,0.9406591653823853
2009-08-16,0.6834420561790466
2009-08-17,-0.07256197184324265
2009-08-18,0.08774586766958237
2009-08-19,0.2784038782119751
2009-08-20,0.38939592242240906
2009-08-21,-0.17329126596450806
2009-08-22,-0.4399436116218567
2009-08-23,0.3943940997123718
2009-08-24,0.22241787612438202
2009-08-25,0.2316654920578003
2009-08-26,0.23148387670516968
2009-08-27,0.3096465766429901
2009-08-28,-0.06181645393371582
2009-08-29,-0.2097141444683075
2009-08-30,-0.019907593727111816
2009-08-31,0.4099246561527252
2009-09-01,0.18532703816890717
2009-09-02,0.1582295298576355
2009-09-03,0.35582152009010315
2009-09-04,0.18977999687194824
2009-09-05,0.4695867598056793
2009-09-06,-0.11350200325250626
2009-09-07,0.06510847061872482
2009-09-08,0.16889239847660065
2009-09-09,0.2617669403553009
2009-09-10,0.01999332197010517
2009-09-11,-0.1197459027171135
2009-09-13,-0.8112881183624268
2009-09-14,0.2730944752693176
2009-09-15,0.6623901724815369
2009-09-16,0.16748671233654022
2009-09-17,0.32682380080223083
2009-09-18,-0.10234041512012482
2009-09-19,0.6187912225723267
2009-09-20,-0.05240228772163391
2009-09-21,0.09311173111200333
2009-09-22,0.20395450294017792
2009-09-23,0.12091811746358871
2009-09-24,-0.08284108340740204
2009-09-25,0.19416768848896027
2009-09-26,0.020471632480621338
2009-09-27,-0.07007736712694168
2009-09-28,-0.09502185881137848
2009-09-29,-0.3976104259490967
2009-09-30,0.20867161452770233
2009-10-01,0.005469620227813721
2009-10-02,0.0486907958984375
2009-10-03,-0.27392393350601196
2009-10-04,0.8118625283241272
2009-10-05,0.4640376567840576
2009-10-06,-0.102002814412117
2009-10-07,0.07432280480861664
2009-10-08,0.273537814617157
2009-10-09,0.1337016522884369
2009-10-10,0.8054943680763245
2009-10-11,0.21183663606643677
2009-10-12,-0.004503718111664057
2009-10-13,0.5546760559082031
2009-10-14,-0.3183155953884125
2009-10-15,-0.06839852780103683
2009-10-16,-0.03968815505504608
2009-10-17,0.646608829498291
2009-10-18,0.9315693974494934
2009-10-19,0.4709954261779785
2009-10-20,0.5093981623649597
2009-10-21,-0.9659862518310547
2009-10-22,-0.16332973539829254
2009-10-23,0.34895482659339905
2009-10-24,0.9117087125778198
2009-10-25,-0.9686636924743652
2009-10-26,0.18106184899806976
2009-10-27,0.3247271776199341
2009-10-28,0.2562200427055359
2009-10-29,0.46068716049194336
2009-10-30,0.46372610330581665
2009-10-31,0.8969318866729736
2009-11-01,0.3506816327571869
2009-11-02,0.47229552268981934
2009-11-03,-0.013289595022797585
2009-11-04,0.6189800500869751
2009-11-05,0.1807558685541153
2009-11-06,0.2521108388900757
2009-11-07,0.151347354054451
2009-11-08,-0.9531864523887634
2009-11-09,-0.0665922611951828
2009-11-10,0.2072356939315796
2009-11-11,0.262519896030426
2009-11-12,-0.01973170042037964
2009-11-13,0.03211153298616409
2009-11-14,0.845432698726654
2009-11-15,-0.28497326374053955
2009-11-16,0.1451648622751236
2009-11-17,0.3140958249568939
2009-11-18,0.13001351058483124
2009-11-19,0.6982810497283936
2009-11-20,0.45930275321006775
2009-11-21,0.15479204058647156
2009-11-22,0.12462843954563141
2009-11-23,0.00602338882163167
2009-11-24,0.48671960830688477
2009-11-25,0.2685926556587219
2009-11-26,0.27733346819877625
2009-11-27,-0.08880356699228287
2009-11-28,0.029161065816879272
2009-11-30,-0.014666751027107239
2009-12-01,0.174432635307312
2009-12-02,0.2319873869419098
2009-12-03,0.43575143814086914
2009-12-04,0.17117737233638763
2009-12-05,-0.4440681040287018
2009-12-07,-0.40640369057655334
2009-12-08,0.33492088317871094
2009-12-09,-0.16290010511875153
2009-12-10,0.1925990730524063
2009-12-11,0.30572062730789185
2009-12-12,0.12572818994522095
2009-12-13,0.26907142996788025
2009-12-14,0.25677236914634705
2009-12-15,0.010751265101134777
2009-12-16,0.157676562666893
2009-12-17,0.29719749093055725
2009-12-18,0.05152555927634239
2009-12-21,0.45111724734306335
2009-12-22,0.3178780972957611
2009-12-23,0.46309950947761536
2009-12-24,0.23475530743598938
2009-12-25,0.5181875824928284
2009-12-26,0.8723129034042358
2009-12-27,-0.7344116568565369
2009-12-28,0.1315315216779709
2009-12-29,0.1536838859319687
2009-12-30,0.2589380741119385
2009-12-31,0.5286184549331665
2010-01-01,0.1538647711277008
2010-01-02,-0.9520869255065918
2010-01-03,0.8374462127685547
2010-01-04,0.4091808795928955
2010-01-05,-0.24048148095607758
2010-01-06,0.2656049132347107
2010-01-07,0.20087701082229614
2010-01-08,0.1670345962047577
2010-01-09,0.538932204246521
2010-01-10,0.25223225355148315
2010-01-11,0.12075150012969971
2010-01-12,0.46721920371055603
2010-01-13,0.04382804036140442
2010-01-14,0.3863965570926666
2010-01-15,0.641296923160553
2010-01-16,0.9105350971221924
2010-01-17,0.9318557977676392
2010-01-18,0.43393170833587646
2010-01-19,0.3193322718143463
2010-01-20,-0.20836839079856873
2010-01-21,0.5514903664588928
2010-01-22,0.23848244547843933
2010-01-23,-0.06577983498573303
2010-01-24,-0.1951228380203247
2010-01-25,-0.9679662585258484
2010-01-26,0.8904239535331726
2010-01-27,0.33614861965179443
2010-01-28,0.31723496317863464
2010-01-29,-0.2660619616508484
2010-01-30,-0.7370820641517639
2010-01-31,0.42748504877090454
2010-02-01,0.1248311996459961
2010-02-02,0.15089260041713715
2010-02-03,0.08175565302371979
2010-02-04,0.2713414132595062
2010-02-05,0.035573575645685196
2010-02-06,0.3962615430355072
2010-02-07,0.0008462835103273392
2010-02-08,0.06688564270734787
2010-02-09,0.4240463078022003
2010-02-10,0.3265810012817383
2010-02-11,0.35660073161125183
2010-02-12,-0.1239493265748024
2010-02-13,0.22823750972747803
2010-02-14,0.2748475670814514
2010-02-15,0.046537138521671295
2010-02-16,-0.24767839908599854
2010-02-17,0.04228009283542633
2010-02-18,0.20999963581562042
2010-02-19,0.1748516708612442
2010-02-20,-0.46585339307785034
2010-02-21,0.568139374256134
2010-02-22,0.4031590521335602
2010-02-23,-0.18783481419086456
2010-02-24,-0.20980601012706757
2010-02-25,0.2804080545902252
2010-02-26,0.04189448431134224
2010-02-27,0.31047335267066956
2010-02-28,0.3041497468948364
2010-03-01,-0.0237386766821146
2010-03-02,0.035012733191251755
2010-03-03,-0.024019157513976097
2010-03-04,0.10839464515447617
2010-03-05,0.3253428041934967
2010-03-06,-0.5046592950820923
2010-03-07,0.5256157517433167
2010-03-08,-0.3634724020957947
2010-03-09,0.10376624017953873
2010-03-10,0.06613198667764664
2010-03-11,0.1759238839149475
2010-03-12,0.12967444956302643
2010-03-13,-0.30735331773757935
2010-03-14,-0.058073580265045166
2010-03-15,0.350344717502594
2010-03-16,0.044229425489902496
2010-03-17,0.6546801328659058
2010-03-18,0.12003036588430405
2010-03-19,0.2682553231716156
2010-03-20,0.00025159120559692383
2010-03-21,0.8640846014022827
2010-03-22,0.19799929857254028
2010-03-23,-0.2087050825357437
2010-03-24,0.00833859108388424
2010-03-25,0.548379123210907
2010-03-26,-0.09900771081447601
2010-03-27,0.27063143253326416
2010-03-28,-0.4063907265663147
2010-03-29,0.5707340836524963
2010-03-30,0.1809544414281845
2010-03-31,0.38730281591415405
2010-04-01,0.21832513809204102
2010-04-02,0.1321365088224411
2010-04-03,0.2742827236652374
2010-04-05,-0.1036657840013504
2010-04-06,0.1801072508096695
2010-04-07,-0.12401995062828064
2010-04-08,0.43033239245414734
2010-04-09,0.3115283250808716
2010-04-10,-0.09171537309885025
2010-04-11,-0.9296572804450989
2010-04-12,0.47223106026649475
2010-04-13,-0.18298733234405518
2010-04-14,0.04704465717077255
2010-04-15,0.032632868736982346
2010-04-16,0.34149208664894104
2010-04-17,0.010324805974960327
2010-04-18,0.7900722026824951
2010-04-19,-0.12855017185211182
2010-04-20,0.0075788856483995914
2010-04-21,0.27692052721977234
2010-04-22,0.29931163787841797
2010-04-23,0.4034820795059204
2010-04-24,0.45689260959625244
2010-04-25,-0.8239279389381409
2010-04-26,0.6771224141120911
2010-04-27,0.9134349822998047
2010-04-28,0.04815163463354111
2010-04-29,0.22312693297863007
2010-04-30,0.7648182511329651
2010-05-01,0.6985567808151245
2010-05-02,0.4536944329738617
2010-05-03,0.08827099949121475
2010-05-04,0.21446263790130615
2010-05-05,0.20100800693035126
2010-05-06,0.012535125017166138
2010-05-07,0.18239741027355194
2010-05-08,0.12993179261684418
2010-05-09,0.9240393042564392
2010-05-10,0.5019305348396301
2010-05-11,-0.23328211903572083
2010-05-12,0.138178288936615
2010-05-13,0.284623920917511
2010-05-14,-0.20467643439769745
2010-05-15,-0.0780443400144577
2010-05-16,0.5644751191139221
2010-05-17,0.10484015941619873
2010-05-18,-0.028387906029820442
2010-05-19,0.5050458312034607
2010-05-20,-0.0005670530372299254
2010-05-21,-0.2967251241207123
2010-05-22,0.2761270999908447
2010-05-23,-0.5384839177131653
2010-05-24,-0.054831188172101974
2010-05-25,0.1238798126578331
2010-05-26,0.5809004902839661
2010-05-27,0.4423547685146332
2010-05-28,0.22684550285339355
2010-05-29,0.12990500032901764
2010-05-30,0.39588260650634766
2010-05-31,-0.21593248844146729
2010-06-01,0.1214195117354393
2010-06-02,-0.09690298140048981
2010-06-03,-0.4831508994102478
2010-06-04,0.043784644454717636
2010-06-05,0.28514978289604187
2010-06-06,0.352509468793869
2010-06-07,0.21549853682518005
2010-06-08,0.09492512047290802
2010-06-09,0.0730024129152298
2010-06-10,0.5768561959266663
2010-06-11,0.2634042501449585
2010-06-12,0.08810947835445404
2010-06-13,0.4525431990623474
2010-06-14,0.10714419186115265
2010-06-15,0.00905838143080473
2010-06-16,0.11282987147569656
2010-06-17,0.41887959837913513
2010-06-18,-0.005922681652009487
2010-06-19,-0.1575469821691513
2010-06-20,-0.09048362076282501
2010-06-21,-0.09794114530086517
2010-06-22,0.020054131746292114
2010-06-23,0.33271220326423645
2010-06-24,0.21107760071754456
2010-06-25,0.5948389172554016
2010-06-26,0.7875312566757202
2010-06-27,0.8135656714439392
2010-06-28,-0.2696838676929474
2010-06-29,0.2879653573036194
2010-06-30,-0.0645710825920105
2010-07-01,0.3135010600090027
2010-07-02,-0.022723594680428505
2010-07-03,0.2632802426815033
2010-07-04,0.24268218874931335
2010-07-05,0.2433774620294571
2010-07-06,0.001270979642868042
2010-07-07,0.20469917356967926
2010-07-08,0.31980425119400024
2010-07-09,0.30719998478889465
2010-07-10,0.18018651008605957
2010-07-11,0.6163042783737183
2010-07-12,-0.4445490539073944
2010-07-13,0.3814886510372162
2010-07-14,-0.030582984909415245
2010-07-15,0.4178864061832428
2010-07-16,0.299367755651474
2010-07-17,0.5561381578445435
2010-07-18,-0.8750998377799988
2010-07-19,-0.20681391656398773
2010-07-20,0.1376761645078659
2010-07-21,0.22521904110908508
2010-07-22,0.5053931474685669
2010-07-23,0.8958389163017273
2010-07-24,0.6947344541549683
2010-07-25,0.38954973220825195
2010-07-26,0.349724680185318
2010-07-27,0.7523934841156006
2010-07-28,0.20880013704299927
2010-07-29,0.8356161117553711
2010-07-30,0.36556199193000793
2010-07-31,0.6061398983001709
2010-08-01,-0.032700926065444946
2010-08-02,0.19791647791862488
2010-08-03,0.03719048574566841
2010-08-04,0.3294415771961212
2010-08-05,0.04385034367442131
2010-08-06,0.26447686553001404
2010-08-07,0.8899171352386475
2010-08-08,0.902476966381073
2010-08-09,-0.02171015739440918
2010-08-10,0.043683040887117386
2010-08-11,0.3252561092376709
2010-08-12,0.4111156761646271
2010-08-13,0.20263881981372833
2010-08-14,0.27985939383506775
2010-08-15,0.06641271710395813
2010-08-16,0.33096829056739807
2010-08-17,0.2513723373413086
2010-08-18,0.16067932546138763
2010-08-19,0.3724590837955475
2010-08-20,-0.1518353968858719
2010-08-21,-0.07365338504314423
2010-08-22,0.49334073066711426
2010-08-23,0.5696771740913391
2010-08-24,0.31700798869132996
2010-08-25,0.21949510276317596
2010-08-26,0.13162539899349213
2010-08-27,0.04440022632479668
2010-08-28,-0.024665694683790207
2010-08-29,0.5347385406494141
2010-08-30,0.15566407144069672
2010-08-31,-0.010462054051458836
2010-09-01,0.33607566356658936
2010-09-02,0.13131499290466309
2010-09-03,-0.24594441056251526
2010-09-04,0.46443822979927063
2010-09-05,-0.09442107379436493
2010-09-06,-0.017264842987060547
2010-09-07,-0.12004831433296204
2010-09-08,0.2147417813539505
2010-09-09,0.3092482089996338
2010-09-10,0.05073429271578789
2010-09-11,-0.3625504672527313
2010-09-12,0.040519364178180695
2010-09-13,0.3216305673122406
2010-09-14,-0.051835183054208755
2010-09-15,-0.37513887882232666
2010-09-16,0.6659677624702454
2010-09-17,-0.021564774215221405
2010-09-18,0.8542438745498657
2010-09-19,-0.2816113829612732
2010-09-20,0.3709782063961029
2010-09-21,0.23323655128479004
2010-09-22,0.057028550654649734
2010-09-23,0.5024099349975586
2010-09-24,-0.021006694063544273
2010-09-25,0.1896211951971054
2010-09-26,0.344372421503067
2010-09-27,-0.012859467417001724
2010-09-28,0.15557505190372467
2010-09-29,0.49642428755760193
2010-09-30,0.2908685505390167
2010-10-01,0.43693938851356506
2010-10-02,0.623590350151062
2010-10-03,-0.476836621761322
2010-10-04,0.511518657207489
2010-10-05,0.028139382600784302
2010-10-06,0.22684435546398163
2010-10-07,0.20034553110599518
2010-10-08,0.07238583266735077
2010-10-10,0.3690852224826813
2010-10-11,0.9258512854576111
2010-10-12,-0.09314693510532379
2010-10-13,0.4424901306629181
2010-10-14,0.012756405398249626
2010-10-15,0.32613247632980347
2010-10-16,-0.14339584112167358
2010-10-17,0.020624961704015732
2010-10-18,0.6230818629264832
2010-10-19,0.06180315837264061
2010-10-20,0.08639059215784073
2010-10-21,0.05211691930890083
2010-10-22,0.3545905649662018
2010-10-23,0.44007301330566406
2010-10-24,0.1244499459862709
2010-10-25,-0.027593761682510376
2010-10-26,0.33533740043640137
2010-10-27,-0.15362435579299927
2010-10-28,0.03702949360013008
2010-10-29,0.06119782477617264
2010-10-30,0.06682156026363373
2010-11-01,0.48193565011024475
2010-11-02,0.1513497680425644
2010-11-03,0.7719472050666809
2010-11-04,0.2631821036338806
2010-11-05,-0.07041069120168686
2010-11-07,0.1170414611697197
2010-11-08,-0.07559413462877274
2010-11-09,-0.046623747795820236
2010-11-10,0.3491286039352417
2010-11-11,0.4986298978328705
2010-11-12,0.019349996000528336
2010-11-13,0.454162061214447
2010-11-14,-0.3029659390449524
2010-11-15,-0.2274339646100998
2010-11-16,0.17211580276489258
2010-11-17,-0.5731265544891357
2010-11-18,0.36445632576942444
2010-11-19,-0.4658559262752533
2010-11-20,0.03169626370072365
2010-11-21,-0.03318357467651367
2010-11-22,-0.03603684902191162
2010-11-23,-0.17692913115024567
2010-11-24,-0.13929548859596252
2010-11-25,-0.07024024426937103
2010-11-26,0.011443360708653927
2010-11-27,0.07385268062353134
2010-11-28,-0.4370298683643341
2010-11-29,-0.2316572517156601
2010-11-30,0.2631338834762573
2010-12-01,-0.07672460377216339
2010-12-02,0.04778560996055603
2010-12-03,0.33180996775627136
2010-12-04,0.32874810695648193
2010-12-05,0.5558289289474487
2010-12-06,0.2819838225841522
2010-12-07,0.45999354124069214
2010-12-08,0.1365380883216858
2010-12-09,0.23190025985240936
2010-12-10,0.42036890983581543
2010-12-11,0.9096776843070984
2010-12-12,0.00818719994276762
2010-12-13,0.023493092507123947
2010-12-14,0.5332236289978027
2010-12-15,0.17634527385234833
2010-12-16,-0.054268937557935715
2010-12-17,0.19342975318431854
2010-12-18,-0.005889177322387695
2010-12-19,0.35641247034072876
2010-12-20,0.15864887833595276
2010-12-21,-0.4192250967025757
2010-12-22,0.1324274092912674
2010-12-23,0.3622681498527527
2010-12-24,-0.38329577445983887
2010-12-25,0.8555108904838562
2010-12-26,-0.8037163019180298
2010-12-27,0.8164957761764526
2010-12-28,0.41033855080604553
2010-12-29,0.18136155605316162
2010-12-30,0.41300466656684875
2010-12-31,-0.03975246846675873
2011-01-01,-0.21913357079029083
2011-01-02,0.08771808445453644
2011-01-03,-0.2573404908180237
2011-01-04,0.17253537476062775
2011-01-05,-0.038864366710186005
2011-01-06,-0.028525855392217636
2011-01-07,-0.06005917116999626
2011-01-08,0.11836067587137222
2011-01-09,-0.0886809378862381
2011-01-10,0.28631874918937683
2011-01-11,0.4416813850402832
2011-01-12,-0.17524735629558563
2011-01-13,0.17649564146995544
2011-01-14,0.12349098175764084
2011-01-15,0.2598358988761902
2011-01-16,0.24840807914733887
2011-01-17,0.9303184747695923
2011-01-18,-0.15195754170417786
2011-01-19,0.24847306311130524
2011-01-20,-0.08507553488016129
2011-01-21,0.1388271600008011
2011-01-22,0.8704293966293335
2011-01-23,-0.3608357310295105
2011-01-24,0.22097256779670715
2011-01-25,0.3044215142726898
2011-01-26,-0.40775609016418457
2011-01-27,0.28541165590286255
2011-01-28,0.19001290202140808
2011-01-29,-0.4595310688018799
2011-01-31,0.6626864075660706
2011-02-01,0.3293561637401581
2011-02-02,0.15787556767463684
2011-02-03,0.13517555594444275
2011-02-04,0.15204378962516785
2011-02-05,-0.319766640663147
2011-02-06,0.040863797068595886
2011-02-07,-0.10609182715415955
2011-02-08,0.1628260761499405
2011-02-09,0.3756486177444458
2011-02-10,0.2734772264957428
2011-02-11,0.3077819347381592
2011-02-12,0.39960455894470215
2011-02-13,-0.290728896856308
2011-02-14,-0.03007725439965725
2011-02-15,0.28023406863212585
2011-02-16,-0.06014455109834671
2011-02-17,0.42003029584884644
2011-02-18,0.34450557827949524
2011-02-19,-0.4748075604438782
2011-02-20,0.8112015724182129
2011-02-21,0.26113876700401306
2011-02-22,-0.18620967864990234
2011-02-23,0.6211462616920471
2011-02-24,0.4059078097343445
2011-02-25,0.609951376914978
2011-02-26,0.7300724983215332
2011-02-28,0.17921440303325653
2011-03-01,0.2592270076274872
2011-03-02,0.38074055314064026
2011-03-03,0.28422459959983826
2011-03-04,0.5627210736274719
2011-03-05,-0.1417558491230011
2011-03-06,0.21017654240131378
2011-03-07,0.836306631565094
2011-03-08,0.13667142391204834
2011-03-09,-0.14460405707359314
2011-03-10,0.35419827699661255
2011-03-11,0.15823379158973694
2011-03-12,-0.1407594084739685
2011-03-13,0.13598591089248657
2011-03-14,-0.4748642146587372
2011-03-15,0.3062397539615631
2011-03-16,0.14939731359481812
2011-03-17,0.2470172792673111
2011-03-18,0.6023963093757629
2011-03-19,0.8592520952224731
2011-03-20,0.9233424663543701
2011-03-21,0.2623249590396881
2011-03-22,0.1055670976638794
2011-03-23,0.0786266177892685
2011-03-24,0.13813291490077972
2011-03-25,-0.2635945677757263
2011-03-26,-0.3071998953819275
2011-03-27,0.029163071885704994
2011-03-28,0.7495463490486145
2011-03-29,0.2121792584657669
2011-03-30,-0.5319423675537109
2011-03-31,-0.19344009459018707
2011-04-01,0.08789845556020737
2011-04-02,0.5361982583999634
2011-04-03,-0.9523369073867798
2011-04-04,-0.18804921209812164
2011-04-05,-0.17979896068572998
2011-04-06,-0.07873505353927612
2011-04-07,0.44344305992126465
2011-04-08,0.3253796696662903
2011-04-09,-0.04501750320196152
2011-04-10,0.10801661014556885
2011-04-11,0.21813929080963135
2011-04-12,-0.3273841440677643
2011-04-13,0.25031018257141113
2011-04-14,0.1030779555439949
2011-04-15,-0.05904645845293999
2011-04-16,0.53093421459198
2011-04-17,0.934883713722229
2011-04-18,0.09477585554122925
2011-04-19,-0.3896898031234741
2011-04-20,0.4676309823989868
2011-04-21,0.1934726983308792
2011-04-22,0.10609187185764313
2011-04-23,0.23593653738498688
2011-04-24,0.9325867295265198
2011-04-25,0.5432424545288086
2011-04-26,0.4771011769771576
2011-04-27,0.23657791316509247
2011-04-28,0.30540546774864197
2011-04-29,0.33300867676734924
2011-04-30,0.3623279333114624
2011-05-01,0.35314446687698364
2011-05-02,0.19250893592834473
2011-05-03,0.4786408841609955
2011-05-04,0.30962955951690674
2011-05-05,0.277965247631073
2011-05-06,0.031094461679458618
2011-05-07,-0.43680986762046814
2011-05-08,0.20035786926746368
2011-05-09,0.3007356524467468
2011-05-10,0.13787907361984253
2011-05-11,0.29938334226608276
2011-05-12,0.22888725996017456
2011-05-13,0.2630922794342041
2011-05-14,0.9124346375465393
2011-05-15,-0.9662267565727234
2011-05-16,0.304962694644928
2011-05-17,0.0034188847057521343
2011-05-18,0.4239635169506073
2011-05-19,0.3087342083454132
2011-05-20,0.12406217306852341
2011-05-21,0.5340703725814819
2011-05-22,0.08674940466880798
2011-05-23,-0.003431849181652069
2011-05-24,0.06832434237003326
2011-05-25,0.14025893807411194
2011-05-26,0.39436760544776917
2011-05-27,0.050797462463378906
2011-05-28,-0.26059383153915405
2011-05-29,0.017876893281936646
2011-05-30,0.4088676869869232
2011-05-31,-0.21070776879787445
2011-06-01,0.18666972219944
2011-06-02,0.057396236807107925
2011-06-03,0.3523011803627014
2011-06-04,-0.38259953260421753
2011-06-05,0.03522329404950142
2011-06-06,0.12717586755752563
2011-06-07,-0.11001288145780563
2011-06-08,0.021863825619220734
2011-06-09,-0.016143852844834328
2011-06-10,0.11995484679937363
2011-06-12,-0.9095854759216309
2011-06-13,0.20273348689079285
2011-06-14,0.21500611305236816
2011-06-15,-0.11740809679031372
2011-06-16,0.028771966695785522
2011-06-17,0.10478109866380692
2011-06-18,-0.016316309571266174
2011-06-19,0.3480098843574524
2011-06-20,0.2595222592353821
2011-06-21,0.0280412957072258
2011-06-22,0.24088126420974731
2011-06-23,0.3498649597167969
2011-06-24,0.07939129322767258
2011-06-25,0.07428887486457825
2011-06-26,-0.013653765432536602
2011-06-27,0.2919592559337616
2011-06-28,0.07076852023601532
2011-06-29,-0.34957584738731384
2011-06-30,0.15140601992607117
2011-07-01,-0.052637554705142975
2011-07-02,0.5908688902854919
2011-07-03,0.23952098190784454
2011-07-04,0.033894412219524384
2011-07-05,0.4082711637020111
2011-07-06,0.5272515416145325
2011-07-07,0.3042697012424469
2011-07-08,0.16586342453956604
2011-07-09,0.49240604043006897
2011-07-11,0.7556676268577576
2011-07-12,0.2778196930885315
2011-07-13,-0.0650370866060257
2011-07-14,0.6261075735092163
2011-07-15,0.33080291748046875
2011-07-16,0.11989309638738632
2011-07-17,0.6583232879638672
2011-07-18,-0.14810580015182495
2011-07-19,-0.04542968422174454
2011-07-20,0.07172328978776932
2011-07-21,0.2972010672092438
2011-07-22,0.24414174258708954
2011-07-23,-0.3404839038848877
2011-07-24,-0.4335547983646393
2011-07-25,0.37588322162628174
2011-07-26,0.41708412766456604
2011-07-27,0.14924286305904388
2011-07-28,-0.3313731551170349
2011-07-29,-0.0065801809541881084
2011-07-30,0.3601095676422119
2011-07-31,0.26725640892982483
2011-08-01,0.050524838268756866
2011-08-02,-0.34643033146858215
2011-08-03,0.0578056238591671
2011-08-04,0.07621052861213684
2011-08-05,0.07152853161096573
2011-08-06,-0.1064915657043457
2011-08-07,0.13773496448993683
2011-08-08,-0.022724121809005737
2011-08-09,-0.16961151361465454
2011-08-10,-0.07655283808708191
2011-08-11,0.05948586389422417
2011-08-12,0.009838598780333996
2011-08-13,-0.6419444680213928
2011-08-14,0.9336429238319397
2011-08-15,-0.3913036584854126
2011-08-16,0.49914056062698364
2011-08-17,0.018835604190826416
2011-08-18,0.02016831375658512
2011-08-19,-0.42508143186569214
2011-08-20,-0.4340358376502991
2011-08-21,0.12387646734714508
2011-08-22,0.2947511374950409
2011-08-23,-0.08075805008411407
2011-08-24,-0.27612796425819397
2011-08-25,0.05573899298906326
2011-08-26,0.09592393785715103
2011-08-27,0.23288747668266296
2011-08-29,-0.24130943417549133
2011-08-30,-0.042526744306087494
2011-08-31,0.15499357879161835
2011-09-01,-0.23295538127422333
2011-09-02,0.4431321918964386
2011-09-03,0.9159401059150696
2011-09-04,0.2142946869134903
2011-09-05,0.22322942316532135
2011-09-06,0.1825992614030838
2011-09-07,-0.25344356894493103
2011-09-08,0.10132903605699539
2011-09-09,-0.391353577375412
2011-09-11,0.41873031854629517
2011-09-12,-0.16499994695186615
2011-09-13,-0.1939322054386139
2011-09-14,-0.0657169371843338
2011-09-15,0.21860617399215698
2011-09-16,-0.07286571711301804
2011-09-18,0.3570733666419983
2011-09-19,0.022252360358834267
2011-09-20,-0.03486255928874016
2011-09-21,-0.05354016274213791
2011-09-22,0.19119973480701447
2011-09-23,0.3367416560649872
2011-09-24,0.6099684238433838
2011-09-25,-0.39981526136398315
2011-09-26,0.023331131786108017
2011-09-27,-0.20674936473369598
2011-09-28,0.0636616200208664
2011-09-29,-0.08064427971839905
2011-09-30,0.1609436720609665
2011-10-01,-0.8204016089439392
2011-10-02,0.581525444984436
2011-10-03,-0.13329750299453735
2011-10-04,-0.06068966165184975
2011-10-05,-0.22600750625133514
2011-10-06,0.16034458577632904
2011-10-07,-0.16245371103286743
2011-10-08,-0.11324462294578552
2011-10-09,-0.1157727986574173
2011-10-10,-0.10392870754003525
2011-10-11,0.02725161798298359
2011-10-12,-0.42952802777290344
2011-10-13,0.17318572103977203
2011-10-14,0.18379102647304535
2011-10-15,0.3708301782608032
2011-10-16,-0.3435803949832916
2011-10-17,0.07370568811893463
2011-10-18,0.4266592860221863
2011-10-19,0.005677767097949982
2011-10-20,-0.010290230624377728
2011-10-21,0.15028516948223114
2011-10-22,0.003360763192176819
2011-10-24,0.09543640911579132
2011-10-25,-0.3502654433250427
2011-10-26,0.0038465410470962524
2011-10-27,0.07224083691835403
2011-10-28,0.2330070286989212
2011-10-29,0.8148638606071472
2011-10-30,0.9142442345619202
2011-10-31,0.1584930717945099
2011-11-01,-0.4016779661178589
2011-11-02,0.11143127828836441
2011-11-03,0.2800799608230591
2011-11-04,0.3937797546386719
2011-11-05,0.8755674362182617
2011-11-06,0.19325262308120728
2011-11-07,0.16119439899921417
2011-11-08,-0.14647653698921204
2011-11-09,0.09188371151685715
2011-11-10,0.26564866304397583
2011-11-11,0.21022167801856995
2011-11-12,-0.3025513291358948
2011-11-13,-0.9414200782775879
2011-11-14,0.1814873367547989
2011-11-15,-0.042262107133865356
2011-11-16,-0.009261492639780045
2011-11-17,0.08708002418279648
2011-11-18,-0.1156993955373764
2011-11-19,0.6646850109100342
2011-11-20,-0.005767077207565308
2011-11-21,-0.4439982771873474
2011-11-22,0.32405173778533936
2011-11-23,0.062189340591430664
2011-11-24,-0.11087721586227417
2011-11-25,-0.1104951724410057
2011-11-26,-0.9676584005355835
2011-11-28,0.1380065530538559
2011-11-29,-0.02113744430243969
2011-11-30,-0.17761695384979248
2011-12-01,-0.13137561082839966
2011-12-02,-0.00040153288864530623
2011-12-03,-0.4889981746673584
2011-12-04,0.10554094612598419
2011-12-05,0.2667287588119507
2011-12-06,-0.3662015497684479
2011-12-07,-0.020096180960536003
2011-12-08,0.15136785805225372
2011-12-09,-0.03118634968996048
2011-12-10,0.27203282713890076
2011-12-11,0.7773376107215881
2011-12-12,0.9347487688064575
2011-12-13,0.11197911947965622
2011-12-14,-0.03927607089281082
2011-12-15,0.2921639084815979
2011-12-16,0.07593806087970734
2011-12-17,-0.8348055481910706
2011-12-19,0.2591545283794403
2011-12-20,0.19070115685462952
2011-12-21,0.10645797103643417
2011-12-22,-0.13260360062122345
2011-12-23,-0.020759135484695435
2011-12-24,0.5171981453895569
2011-12-25,0.26852306723594666
2011-12-26,0.07126150280237198
2011-12-27,-0.1218949407339096
2011-12-28,0.12666040658950806
2011-12-29,0.228774756193161
2011-12-30,0.2522915005683899
2011-12-31,-0.06270232051610947
2012-01-02,0.8735036849975586
2012-01-03,-0.04048701748251915
2012-01-04,0.1909087598323822
2012-01-05,-0.1357078105211258
2012-01-06,0.03228503093123436
2012-01-07,0.45818376541137695
2012-01-08,0.034500107169151306
2012-01-09,-0.31451845169067383
2012-01-10,-0.06710948050022125
2012-01-11,0.0814044326543808
2012-01-12,0.20104868710041046
2012-01-13,0.2243049442768097
2012-01-14,0.017466193065047264
2012-01-15,0.07022902369499207
2012-01-16,0.3047620356082916
2012-01-17,0.06001870706677437
2012-01-18,0.11427707970142365
2012-01-19,-0.06763501465320587
2012-01-20,0.2752286493778229
2012-01-21,0.7298637628555298
2012-01-22,0.5502537488937378
2012-01-23,-0.07638446986675262
2012-01-24,0.017820201814174652
2012-01-25,0.23037473857402802
2012-01-26,-0.26952365040779114
2012-01-27,0.2887604534626007
2012-01-28,0.0015868033515289426
2012-01-30,-0.06237238645553589
2012-01-31,0.20539140701293945
2012-02-01,0.4177246689796448
2012-02-02,0.21402323246002197
2012-02-03,0.08301783353090286
2012-02-04,0.5177156329154968
2012-02-06,0.34299254417419434
2012-02-07,-0.4262581467628479
2012-02-08,-0.15491873025894165
2012-02-09,0.1743559092283249
2012-02-10,-0.3618755340576172
2012-02-11,0.11571643501520157
2012-02-13,-0.3226572871208191
2012-02-14,0.22519606351852417
2012-02-15,0.05629272013902664
2012-02-16,-0.41731855273246765
2012-02-17,-0.5026261210441589
2012-02-18,0.04316946491599083
2012-02-19,0.5012834072113037
2012-02-20,0.7948316335678101
2012-02-21,0.19339804351329803
2012-02-22,0.14150169491767883
2012-02-23,-0.18169601261615753
2012-02-24,-0.2892950177192688
2012-02-25,0.34792307019233704
2012-02-26,0.4846189022064209
2012-02-27,0.5922790169715881
2012-02-28,-0.047281429171562195
2012-02-29,0.18829016387462616
2012-03-01,-0.2491108924150467
2012-03-02,-0.012099857442080975
2012-03-03,0.10017305612564087
2012-03-04,-0.960621178150177
2012-03-05,0.16323687136173248
2012-03-06,-0.20113538205623627
2012-03-07,0.13012638688087463
2012-03-08,-0.14223690330982208
2012-03-09,-0.2408415675163269
2012-03-10,-0.4818424582481384
2012-03-11,-0.9439011216163635
2012-03-13,0.052937574684619904
2012-03-14,0.14513760805130005
2012-03-15,-0.006167471408843994
2012-03-16,0.13754040002822876
2012-03-17,0.24331025779247284
2012-03-18,0.3944161832332611
2012-03-19,0.4203290045261383
2012-03-20,0.026404958218336105
2012-03-21,-0.028594383969902992
2012-03-22,-0.2662678062915802
2012-03-23,-0.5311912894248962
2012-03-24,-0.3105217516422272
2012-03-25,0.4225163161754608
2012-03-26,0.5956025719642639
2012-03-27,-0.11226863414049149
2012-03-28,0.08617061376571655
2012-03-29,0.30701005458831787
2012-03-30,-0.045250728726387024
2012-03-31,0.4174492359161377
2012-04-02,-0.034024547785520554
2012-04-03,-0.22724711894989014
2012-04-04,0.2240835279226303
2012-04-05,-0.34152159094810486
2012-04-06,-0.0781024917960167
2012-04-07,0.9006340503692627
2012-04-08,-0.7815418243408203
2012-04-09,-0.3963485658168793
2012-04-10,0.19709040224552155
2012-04-11,0.010492965579032898
2012-04-12,0.19274187088012695
2012-04-13,0.11991206556558609
2012-04-14,-0.7734081745147705
2012-04-15,-0.09189534187316895
2012-04-16,0.19350843131542206
2012-04-17,0.13759146630764008
2012-04-18,0.08788702636957169
2012-04-19,-0.3348894417285919
2012-04-20,-0.04320970177650452
2012-04-21,-0.07249244302511215
2012-04-22,0.9358851909637451
2012-04-23,-0.2518288493156433
2012-04-24,-0.18183328211307526
2012-04-25,0.11644904315471649
2012-04-26,0.007272064685821533
2012-04-27,0.44302043318748474
2012-04-28,0.30082646012306213
2012-04-30,-0.9096204042434692
2012-05-01,0.12429191172122955
2012-05-02,-0.04426740109920502
2012-05-03,-0.029369309544563293
2012-05-04,-0.05344416946172714
2012-05-05,0.6190961599349976
2012-05-06,0.5780185461044312
2012-05-07,0.18345335125923157
2012-05-08,-0.12600047886371613
2012-05-09,0.2599060535430908
2012-05-10,0.06361572444438934
2012-05-11,-0.10632598400115967
2012-05-12,0.2430087774991989
2012-05-13,-0.35044583678245544
2012-05-14,-0.11961255967617035
2012-05-15,-0.3985077738761902
2012-05-16,0.30088043212890625
2012-05-17,-0.9690120220184326
2012-05-18,0.024391386657953262
2012-05-20,-0.9339582920074463
2012-05-21,-0.10418038070201874
2012-05-22,-0.06695617735385895
2012-05-23,0.20008830726146698
2012-05-24,0.18507973849773407
2012-05-25,-0.2580636143684387
2012-05-26,-0.6006207466125488
2012-05-27,-0.7359256148338318
2012-05-28,0.8821322917938232
2012-05-29,-0.18563289940357208
2012-05-30,0.012020004913210869
2012-05-31,-0.20363767445087433
2012-06-01,-0.059785980731248856
2012-06-03,-0.4650293290615082
2012-06-04,-0.18637564778327942
2012-06-05,-0.09436044842004776
2012-06-06,0.012571482919156551
2012-06-07,0.206503763794899
2012-06-08,0.46077704429626465
2012-06-09,0.47200727462768555
2012-06-10,0.9234633445739746
2012-06-11,0.19371938705444336
2012-06-12,-0.4130934178829193
2012-06-13,0.17899782955646515
2012-06-14,0.005631431937217712
2012-06-15,0.011841603554785252
2012-06-16,0.02101847529411316
2012-06-18,-0.19032378494739532
2012-06-19,0.006658375263214111
2012-06-20,0.22838455438613892
2012-06-21,-0.2963809072971344
2012-06-22,-0.01487278938293457
2012-06-23,-0.3372977375984192
2012-06-25,0.049449026584625244
2012-06-26,-0.06132699176669121
2012-06-27,0.29242056608200073
2012-06-28,0.037572529166936874
2012-06-29,-0.16861049830913544
2012-06-30,-0.4175105690956116
2012-07-02,0.5993692278862
2012-07-03,-0.1032809391617775
2012-07-04,-0.09141397476196289
2012-07-05,-0.24070574343204498
2012-07-06,-0.1510557383298874
2012-07-07,0.6128002405166626
2012-07-08,0.12366261333227158
2012-07-09,-0.41045570373535156
2012-07-10,0.3212949335575104
2012-07-11,0.5427246689796448
2012-07-12,0.02961573377251625
2012-07-13,-0.15731647610664368
2012-07-14,0.322262704372406
2012-07-15,-0.33105242252349854
2012-07-16,-0.001475214958190918
2012-07-17,0.06422948837280273
2012-07-18,0.051475346088409424
2012-07-19,0.20400500297546387
2012-07-20,0.3488328456878662
2012-07-22,0.9301512241363525
2012-07-23,-0.10563766956329346
2012-07-24,-0.011493734084069729
2012-07-25,-0.003084436058998108
2012-07-26,0.20572428405284882
2012-07-27,-0.006863340735435486
2012-07-29,0.3275148272514343
2012-07-30,0.026699701324105263
2012-07-31,0.3949771821498871
2012-08-01,0.12043311446905136
2012-08-02,0.11427903175354004
2012-08-03,-0.17847122251987457
2012-08-04,0.2270868718624115
2012-08-05,0.011336296796798706
2012-08-06,0.25043100118637085
2012-08-07,-0.3789185583591461
2012-08-08,0.3436677157878876
2012-08-09,-0.04124199226498604
2012-08-10,-0.6018637418746948
2012-08-11,0.02736986055970192
2012-08-12,0.3080829083919525
2012-08-13,-0.11660674959421158
2012-08-14,-0.09349813312292099
2012-08-15,0.3680739998817444
2012-08-16,0.36330223083496094
2012-08-17,-0.32674336433410645
2012-08-18,0.9219690561294556
2012-08-19,0.5168068408966064
2012-08-20,0.09579116106033325
2012-08-21,0.1597587764263153
2012-08-22,-0.1563209444284439
2012-08-23,-0.43078023195266724
2012-08-24,-0.4007989466190338
2012-08-25,0.07626650482416153
2012-08-26,0.2841281592845917
2012-08-27,-0.2037021666765213
2012-08-28,-0.04298195242881775
2012-08-29,0.3193070590496063
2012-08-30,0.2323232740163803
2012-08-31,-0.265978068113327
2012-09-02,0.28549668192863464
2012-09-03,0.47723475098609924
2012-09-04,-0.12969806790351868
2012-09-05,0.3729238212108612
2012-09-06,0.3454148471355438
2012-09-07,-0.23186001181602478
2012-09-08,-0.22577683627605438
2012-09-09,-0.04196971654891968
2012-09-10,-0.17712731659412384
2012-09-11,0.2884674072265625
2012-09-12,0.12574754655361176
2012-09-13,0.07106592506170273
2012-09-14,-0.14639531075954437
2012-09-15,0.44953441619873047
2012-09-16,0.4803796112537384
2012-09-17,0.002962271450087428
2012-09-18,0.3057281970977783
2012-09-19,0.13735146820545197
2012-09-20,0.21753720939159393
2012-09-21,-0.06065468117594719
2012-09-22,-0.40360987186431885
2012-09-24,0.020260553807020187
2012-09-25,-0.06871194392442703
2012-09-26,0.021439334377646446
2012-09-27,0.08647458255290985
2012-09-28,-0.06399955600500107
2012-09-29,-0.9679357409477234
2012-09-30,-0.15298505127429962
2012-10-01,0.14461839199066162
2012-10-02,-0.34382036328315735
2012-10-03,-0.03237021714448929
2012-10-04,0.06967438757419586
2012-10-05,-0.14111098647117615
2012-10-06,-0.5999698042869568
2012-10-07,0.4113251268863678
2012-10-08,0.033407062292099
2012-10-09,0.16373524069786072
2012-10-10,-0.15174052119255066
2012-10-11,0.4149634838104248
2012-10-12,0.1539648473262787
2012-10-13,0.7363667488098145
2012-10-15,-0.13750839233398438
2012-10-16,-0.35216379165649414
2012-10-17,-0.1783076822757721
2012-10-18,-0.2961140275001526
2012-10-19,-0.01083142589777708
2012-10-20,0.18190860748291016
2012-10-21,0.884652316570282
2012-10-22,-0.0998435840010643
2012-10-23,0.48378854990005493
2012-10-24,0.1467062532901764
2012-10-25,0.35715827345848083
2012-10-26,-0.07664458453655243
2012-10-27,-0.19511480629444122
2012-10-28,-0.3418525457382202
2012-10-30,-0.7195513248443604
2012-10-31,0.07052861154079437
2012-11-01,0.27219557762145996
2012-11-02,-0.2423311173915863
2012-11-03,-0.06286736577749252
2012-11-04,-0.9687418937683105
2012-11-05,0.07829415798187256
2012-11-06,-0.14465010166168213
2012-11-07,0.06574597209692001
2012-11-08,0.28582897782325745
2012-11-09,-0.036221206188201904
2012-11-10,0.34415164589881897
2012-11-11,-0.05250455066561699
2012-11-12,0.181685671210289
2012-11-13,0.145377516746521
2012-11-14,0.2337837666273117
2012-11-15,-0.08773288875818253
2012-11-16,-0.2603263854980469
2012-11-17,0.8748655319213867
2012-11-19,-0.0214553065598011
2012-11-20,0.12801043689250946
2012-11-21,-0.010803001001477242
2012-11-22,0.31532880663871765
2012-11-23,0.014129002578556538
2012-11-24,-0.12469792366027832
2012-11-25,-0.3569941818714142
2012-11-26,0.0540059432387352
2012-11-27,-0.10665763914585114
2012-11-28,0.1358346939086914
2012-11-29,-0.015265003778040409
2012-11-30,0.02119230292737484
2012-12-01,0.16559842228889465
2012-12-02,0.643903374671936
2012-12-03,-0.0409395806491375
2012-12-04,-0.016545409336686134
2012-12-05,-0.06437847763299942
2012-12-06,0.2764912247657776
2012-12-07,-0.3056677281856537
2012-12-08,-0.7744051814079285
2012-12-09,0.694716215133667
2012-12-10,0.4775165021419525
2012-12-11,-0.030975859612226486
2012-12-12,0.026050344109535217
2012-12-13,0.047949980944395065
2012-12-14,0.2431822419166565
2012-12-15,0.16352559626102448
2012-12-16,0.5201142430305481
2012-12-17,-0.8788250684738159
2012-12-18,-0.10830346494913101
2012-12-19,0.023585591465234756
2012-12-20,-0.02740032598376274
2012-12-21,-0.24608218669891357
2012-12-22,-0.015925416722893715
2012-12-24,0.27449020743370056
2012-12-25,-0.6185975670814514
2012-12-26,0.25569459795951843
2012-12-27,0.18251176178455353
2012-12-28,0.014812123961746693
2012-12-29,0.11523250490427017
2012-12-30,0.17110469937324524
2012-12-31,-0.07849954068660736
2013-01-01,0.10251977294683456
2013-01-02,0.00911454763263464
2013-01-03,0.3667741119861603
2013-01-04,-0.03159615024924278
2013-01-05,0.2723269462585449
2013-01-06,-0.9273934960365295
2013-01-07,0.221572607755661
2013-01-08,0.020500805228948593
2013-01-09,0.06376294046640396
2013-01-10,0.3123356103897095
2013-01-11,0.04028434678912163
2013-01-14,-0.3677026033401489
2013-01-15,0.011668510735034943
2013-01-16,-0.20197395980358124
2013-01-17,0.004758745431900024
2013-01-18,0.33301255106925964
2013-01-19,0.35555940866470337
2013-01-20,0.1408403217792511
2013-01-21,0.35688772797584534
2013-01-22,0.40419793128967285
2013-01-23,0.441387414932251
2013-01-24,0.26201769709587097
2013-01-25,-0.2010892629623413
2013-01-26,-0.012670823372900486
2013-01-28,0.3364700675010681
2013-01-29,0.39005765318870544
2013-01-30,-0.03200843930244446
2013-01-31,0.22284282743930817
2013-02-01,0.30263492465019226
2013-02-02,0.29520726203918457
2013-02-03,-0.3874341547489166
2013-02-04,-0.22450189292430878
2013-02-05,-0.2187851518392563
2013-02-06,-0.051542315632104874
2013-02-07,-0.41471606492996216
2013-02-08,-0.26139670610427856
2013-02-09,0.28912290930747986
2013-02-10,0.5696008801460266
2013-02-11,-0.7217915654182434
2013-02-12,-0.12238377332687378
2013-02-13,-0.13210950791835785
2013-02-14,0.2816309928894043
2013-02-15,-0.0034984780941158533
2013-02-16,0.3062268793582916
2013-02-17,0.3403198719024658
2013-02-18,0.2698068916797638
2013-02-19,0.22473064064979553
2013-02-20,-0.09543558210134506
2013-02-21,-0.02704794891178608
2013-02-22,0.12021711468696594
2013-02-23,0.2201462984085083
2013-02-24,0.09482937306165695
2013-02-25,0.048887837678194046
2013-02-26,0.2502830922603607
2013-02-27,0.31931453943252563
2013-02-28,-0.13320641219615936
2013-03-01,0.25853973627090454
2013-03-02,-0.3584757149219513
2013-03-03,0.2019789218902588
2013-03-04,0.07940999418497086
2013-03-05,0.13397397100925446
2013-03-06,-0.038232963532209396
2013-03-07,0.06803936511278152
2013-03-08,0.04581666737794876
2013-03-09,0.21090194582939148
2013-03-10,0.4345693290233612
2013-03-11,0.021448485553264618
2013-03-12,0.3002098500728607
2013-03-13,-0.12505891919136047
2013-03-14,-0.11371499300003052
2013-03-15,0.2505936920642853
2013-03-16,0.2301061600446701
2013-03-18,-0.011138240806758404
2013-03-19,0.04739437624812126
2013-03-20,-0.16399581730365753
2013-03-21,0.14713673293590546
2013-03-22,-0.2138473391532898
2013-03-23,-0.01296466588973999
2013-03-24,-0.0006088912487030029
2013-03-25,0.15371181070804596
2013-03-26,0.3912540078163147
2013-03-27,-0.011627082712948322
2013-03-28,0.16817982494831085
2013-03-29,0.01179599855095148
2013-03-30,0.032603662461042404
2013-03-31,0.5791186690330505
2013-04-01,0.36396917700767517
2013-04-02,0.37921977043151855
2013-04-03,0.02749558351933956
2013-04-04,0.2170463502407074
2013-04-05,0.12299970537424088
2013-04-06,-0.2019561380147934
2013-04-07,0.16823075711727142
2013-04-08,-0.1812915951013565
2013-04-09,-0.006387633271515369
2013-04-10,-0.05418302118778229
2013-04-11,0.2313711941242218
2013-04-12,-0.08285559713840485
2013-04-13,-0.9663934707641602
2013-04-14,0.8452751636505127
2013-04-15,0.2894141972064972
2013-04-16,-0.10139153897762299
2013-04-17,-0.045010097324848175
2013-04-18,0.16449466347694397
2013-04-19,0.016212789341807365
2013-04-20,0.18011260032653809
2013-04-22,0.13464802503585815
2013-04-23,-0.22154708206653595
2013-04-24,0.41807255148887634
2013-04-25,0.16295908391475677
2013-04-26,0.046895831823349
2013-04-27,0.6074824929237366
2013-04-28,0.2935061454772949
2013-04-30,-0.0695289745926857
2013-05-01,0.11219290643930435
2013-05-02,0.2138747125864029
2013-05-03,-0.41894635558128357
2013-05-05,0.4066910743713379
2013-05-06,0.21313802897930145
2013-05-07,-0.395393967628479
2013-05-08,-0.3207373023033142
2013-05-09,-0.06610190123319626
2013-05-10,0.10661343485116959
2013-05-11,-0.09025822579860687
2013-05-12,0.7403493523597717
2013-05-13,0.1666792631149292
2013-05-14,-0.12190820276737213
2013-05-15,-0.3752443790435791
2013-05-16,0.04548201709985733
2013-05-17,-0.27630913257598877
2013-05-18,-0.10927819460630417
2013-05-20,0.2627386450767517
2013-05-21,0.5449508428573608
2013-05-22,0.15218409895896912
2013-05-23,0.08495156466960907
2013-05-24,0.007965157739818096
2013-05-25,-0.030563900247216225
2013-05-26,0.06591057777404785
2013-05-27,0.0769900307059288
2013-05-28,0.26212379336357117
2013-05-29,0.13067029416561127
2013-05-30,-0.0745343565940857
2013-05-31,-0.5987892746925354
2013-06-01,0.48922067880630493
2013-06-02,-0.09067191928625107
2013-06-03,0.2846401333808899
2013-06-04,0.06769303977489471
2013-06-05,0.05464324727654457
2013-06-06,-0.09973850101232529
2013-06-07,-0.10802280902862549
2013-06-08,-0.27958935499191284
2013-06-10,0.04217924922704697
2013-06-11,0.16063080728054047
2013-06-12,0.19754667580127716
2013-06-13,0.26250800490379333
2013-06-14,-0.02816045843064785
2013-06-15,-0.021132539957761765
2013-06-16,0.12622438371181488
2013-06-17,-0.5545724630355835
2013-06-18,-0.21158747375011444
2013-06-19,0.06711949408054352
2013-06-20,-0.0691334679722786
2013-06-21,-0.18488675355911255
2013-06-22,0.014246534556150436
2013-06-23,-0.5361348986625671
2013-06-24,0.012645889073610306
2013-06-25,0.32264673709869385
2013-06-26,-0.012224123813211918
2013-06-27,0.23298095166683197
2013-06-28,-0.038784317672252655
2013-06-29,-0.22658665478229523
2013-06-30,0.7882509231567383
2013-07-01,-0.04625307396054268
2013-07-02,0.11577153205871582
2013-07-03,0.04515359550714493
2013-07-04,0.24522605538368225
2013-07-05,0.1686387062072754
2013-07-06,0.11829151958227158
2013-07-07,0.36122238636016846
2013-07-08,-0.21318550407886505
2013-07-09,0.162265345454216
2013-07-10,0.2623036205768585
2013-07-11,-0.07506921887397766
2013-07-12,0.013564934022724628
2013-07-13,0.9201345443725586
2013-07-14,-0.11174404621124268
2013-07-15,0.30144035816192627
2013-07-16,-0.012496042996644974
2013-07-17,0.27372753620147705
2013-07-18,0.19550184905529022
2013-07-19,-0.36304783821105957
2013-07-20,0.25365862250328064
2013-07-23,0.22364284098148346
2013-07-24,0.12487412989139557
2013-07-25,0.0617353618144989
2013-07-26,-0.04797668009996414
2013-07-28,0.04333998262882233
2013-07-29,-0.1206338182091713
2013-07-30,-0.29289284348487854
2013-07-31,0.26787272095680237
2013-08-01,0.3319612741470337
2013-08-02,0.38605090975761414
2013-08-03,-0.8181390166282654
2013-08-04,0.2512287497520447
2013-08-05,-0.16523253917694092
2013-08-06,0.2147989571094513
2013-08-07,0.42601478099823
2013-08-08,-0.07640762627124786
2013-08-09,-0.2780172526836395
2013-08-10,0.7015950679779053
2013-08-11,0.9070765972137451
2013-08-12,-0.4110839366912842
2013-08-13,0.0341150127351284
2013-08-14,-0.4250144362449646
2013-08-15,0.1949000507593155
2013-08-16,-0.07883421331644058
2013-08-17,-0.2396274358034134
2013-08-18,0.06256304681301117
2013-08-19,0.28979966044425964
2013-08-20,0.4843858778476715
2013-08-21,0.29309138655662537
2013-08-22,0.11944803595542908
2013-08-23,0.1910681426525116
2013-08-24,0.011865993030369282
2013-08-25,0.08236268907785416
2013-08-26,0.028315654024481773
2013-08-27,-0.4404613971710205
2013-08-28,-0.14196334779262543
2013-08-29,-0.018760817125439644
2013-08-30,0.024725403636693954
2013-08-31,-0.16253960132598877
2013-09-01,0.9233220219612122
2013-09-02,-0.0362028107047081
2013-09-03,0.0903300866484642
2013-09-04,0.09675626456737518
2013-09-05,0.05927534028887749
2013-09-06,0.2957608699798584
2013-09-07,-0.8734566569328308
2013-09-08,0.25588226318359375
2013-09-09,0.018237221986055374
2013-09-10,0.4047720432281494
2013-09-11,-0.15775977075099945
2013-09-12,0.41458961367607117
2013-09-13,-0.048740286380052567
2013-09-14,-0.42993900179862976
2013-09-15,-0.332684725522995
2013-09-16,0.11410515010356903
2013-09-17,0.16201743483543396
2013-09-18,0.2805771827697754
2013-09-19,0.30036461353302
2013-09-20,-0.02905206009745598
2013-09-21,-0.22479833662509918
2013-09-22,0.6100594997406006
2013-09-23,0.09485826641321182
2013-09-24,0.32766491174697876
2013-09-25,0.10746677219867706
2013-09-26,0.25672149658203125
2013-09-27,0.055886682122945786
2013-09-28,-0.0598590187728405
2013-09-29,-0.10304585099220276
2013-09-30,0.17260044813156128
2013-10-01,-0.44048988819122314
2013-10-02,0.2011972814798355
2013-10-03,0.23289629817008972
2013-10-04,-0.03644648194313049
2013-10-05,-0.08350105583667755
2013-10-06,-0.46044108271598816
2013-10-07,0.05447899177670479
2013-10-08,-0.2161853313446045
2013-10-09,0.15025578439235687
2013-10-10,0.11235980689525604
2013-10-11,-0.03152785077691078
2013-10-12,-0.20202048122882843
2013-10-13,0.4868869185447693
2013-10-14,0.1014210507273674
2013-10-15,0.040840499103069305
2013-10-16,0.19748006761074066
2013-10-17,-0.22073806822299957
2013-10-18,-0.060792744159698486
2013-10-19,0.11804954707622528
2013-10-21,0.5673710703849792
2013-10-22,0.10507722198963165
2013-10-23,0.2130439579486847
2013-10-24,-0.31842663884162903
2013-10-25,0.009489715099334717
2013-10-26,0.4364369511604309
2013-10-27,0.8991565108299255
2013-10-28,0.07201876491308212
2013-10-29,0.4462639093399048
2013-10-30,0.1321839541196823
2013-10-31,-0.005023851525038481
2013-11-01,0.09831991791725159
2013-11-02,0.5017204284667969
2013-11-04,0.3423093557357788
2013-11-05,0.033731527626514435
2013-11-06,-0.04145973175764084
2013-11-07,0.0312778502702713
2013-11-08,-0.05692100524902344
2013-11-09,-0.044918060302734375
2013-11-10,0.26132553815841675
2013-11-11,0.151800274848938
2013-11-12,0.06532791256904602
2013-11-13,0.08605600893497467
2013-11-14,0.34345272183418274
2013-11-15,0.042329639196395874
2013-11-16,0.1629628837108612
2013-11-17,0.36498579382896423
2013-11-18,0.20785455405712128
2013-11-19,-0.14949293434619904
2013-11-20,0.29357901215553284
2013-11-21,0.056467730551958084
2013-11-22,-0.09236741065979004
2013-11-23,-0.05037863925099373
2013-11-24,-0.8443533182144165
2013-11-25,0.07832954823970795
2013-11-26,-0.035551927983760834
2013-11-27,0.013589584268629551
2013-11-28,0.2603164613246918
2013-11-29,-0.17860524356365204
2013-11-30,-0.08844231814146042
2013-12-01,-0.07445773482322693
2013-12-02,0.46122273802757263
2013-12-03,0.19837553799152374
2013-12-04,0.1116500049829483
2013-12-05,-0.01769533008337021
2013-12-06,-0.33802855014801025
2013-12-07,0.003424924798309803
2013-12-08,0.6979331970214844
2013-12-09,-0.1019214615225792
2013-12-10,0.016791261732578278
2013-12-11,0.18764789402484894
2013-12-12,0.11556772142648697
2013-12-13,0.11169808357954025
2013-12-14,0.17071372270584106
2013-12-15,-0.41753843426704407
2013-12-16,-0.0012145554646849632
2013-12-17,-0.09017400443553925
2013-12-18,-0.15772800147533417
2013-12-19,0.3371286690235138
2013-12-20,0.04357561469078064
2013-12-23,-0.033528029918670654
2013-12-24,-0.05731331557035446
2013-12-25,0.3200288712978363
2013-12-26,0.13638578355312347
2013-12-27,-0.11016862094402313
2013-12-29,0.5141032934188843
2013-12-30,-0.06642233580350876
2013-12-31,0.24304208159446716
2014-01-01,0.3345004618167877
2014-01-02,-0.3551004230976105
2014-01-03,0.12011562287807465
2014-01-04,0.3790723383426666
2014-01-05,-0.9537274241447449
2014-01-06,-0.33578553795814514
2014-01-07,0.18561506271362305
2014-01-08,0.1690114587545395
2014-01-09,0.05109379068017006
2014-01-10,0.057734791189432144
2014-01-11,-0.4236443042755127
2014-01-12,-0.9376766085624695
2014-01-13,-0.20596565306186676
2014-01-14,-0.41508516669273376
2014-01-15,-0.09391238540410995
2014-01-16,0.9048200845718384
2014-01-17,0.024915484711527824
2014-01-18,-0.39058947563171387
2014-01-19,0.11111313849687576
2014-01-20,0.16823384165763855
2014-01-21,0.18710921704769135
2014-01-22,0.2048839032649994
2014-01-23,-0.012653917074203491
2014-01-24,-0.12817193567752838
2014-01-25,0.11480829119682312
2014-01-26,0.15600714087486267
2014-01-27,0.44962137937545776
2014-01-28,-0.029358068481087685
2014-01-29,0.044812291860580444
2014-01-30,-0.05394880473613739
2014-01-31,-0.09887059777975082
2014-02-01,0.017624134197831154
2014-02-02,0.029244638979434967
2014-02-03,0.0031613558530807495
2014-02-04,-0.15330995619297028
2014-02-05,0.056301236152648926
2014-02-06,-0.06297910213470459
2014-02-07,0.13157282769680023
2014-02-08,0.08752528578042984
2014-02-09,-0.06478334963321686
2014-02-10,-0.2732588052749634
2014-02-11,-0.337488055229187
2014-02-12,0.021485261619091034
2014-02-13,0.1345255821943283
2014-02-14,0.012492835521697998
2014-02-15,-0.31278762221336365
2014-02-16,-0.1597491055727005
2014-02-17,0.08780171722173691
2014-02-18,0.3118670880794525
2014-02-19,0.3348850607872009
2014-02-20,-0.15203584730625153
2014-02-21,-0.50401771068573
2014-02-22,-0.8687095642089844
2014-02-23,0.40608924627304077
2014-02-24,-0.44112128019332886
2014-02-25,0.07952409237623215
2014-02-26,0.25748804211616516
2014-02-27,0.04292523115873337
2014-02-28,-0.019207090139389038
2014-03-01,0.35532650351524353
2014-03-02,-0.9495258927345276
2014-03-03,0.03546087443828583
2014-03-04,-0.05575280264019966
2014-03-05,0.23612385988235474
2014-03-06,-0.0038887590635567904
2014-03-07,-0.3457249104976654
2014-03-08,0.23629863560199738
2014-03-09,0.0003306157886981964
2014-03-10,-0.2564109265804291
2014-03-11,-0.08275187760591507
2014-03-12,0.36277246475219727
2014-03-13,0.03528309985995293
2014-03-14,0.09321652352809906
2014-03-15,-0.2156374603509903
2014-03-16,0.9360440373420715
2014-03-17,-0.11625265330076218
2014-03-18,-0.01654287427663803
2014-03-19,0.15391981601715088
2014-03-20,0.24390552937984467
2014-03-21,0.16699665784835815
2014-03-22,0.11155437678098679
2014-03-23,0.5694877505302429
2014-03-24,-0.12361843883991241
2014-03-25,0.3798128366470337
2014-03-26,0.08532312512397766
2014-03-27,0.02612648904323578
2014-03-28,0.2730642259120941
2014-03-29,0.7712526321411133
2014-03-30,-0.9432376623153687
2014-03-31,0.15471315383911133
2014-04-01,0.1259821653366089
2014-04-02,-0.019046729430556297
2014-04-03,0.28630343079566956
2014-04-04,0.1396527886390686
2014-04-05,-0.15687783062458038
2014-04-07,0.03515881299972534
2014-04-08,-0.24216830730438232
2014-04-09,0.0751081183552742
2014-04-10,0.0947054922580719
2014-04-11,0.04411415010690689
2014-04-12,0.4624476730823517
2014-04-13,-0.20308692753314972
2014-04-14,0.0007770117372274399
2014-04-15,0.024190090596675873
2014-04-16,0.06317402422428131
2014-04-17,0.27341413497924805
2014-04-18,0.8827514052391052
2014-04-19,0.5933101177215576
2014-04-20,-0.47419869899749756
2014-04-21,-0.23132655024528503
2014-04-22,-0.05438700318336487
2014-04-23,0.15714552998542786
2014-04-24,0.32358816266059875
2014-04-25,-0.04964422434568405
2014-04-26,0.12978442013263702
2014-04-27,0.09383071213960648
2014-04-28,0.011080101132392883
2014-04-29,0.2154526263475418
2014-04-30,0.0715213343501091
2014-05-01,0.011662071570754051
2014-05-02,0.002467226004227996
2014-05-03,-0.0253029465675354
2014-05-04,0.6721838116645813
2014-05-05,0.058171678334474564
2014-05-06,0.43615278601646423
2014-05-07,0.2883261740207672
2014-05-08,0.20010991394519806
2014-05-09,0.0763709768652916
2014-05-10,0.2982078790664673
2014-05-11,0.09276255965232849
2014-05-12,0.15393754839897156
2014-05-13,0.7129116654396057
2014-05-14,-0.06717045605182648
2014-05-15,0.30527475476264954
2014-05-16,0.02921421080827713
2014-05-17,0.2435053288936615
2014-05-18,0.9345513582229614
2014-05-19,-0.19086287915706635
2014-05-20,0.016629964113235474
2014-05-21,0.04347144812345505
2014-05-22,-0.37250497937202454
2014-05-23,0.0776667445898056
2014-05-24,0.05136597156524658
2014-05-25,0.1807691603899002
2014-05-26,0.25366097688674927
2014-05-27,0.1191849485039711
2014-05-28,0.13091690838336945
2014-05-29,-0.18517081439495087
2014-05-30,0.2747344970703125
2014-05-31,-0.526098906993866
2014-06-01,0.9284325242042542
2014-06-02,0.03980658948421478
2014-06-03,-0.12485814094543457
2014-06-04,0.3127829134464264
2014-06-05,-0.05402360484004021
2014-06-06,-0.029474454000592232
2014-06-07,0.08852192014455795
2014-06-08,0.7274508476257324
2014-06-09,0.027343228459358215
2014-06-10,-0.11828070878982544
2014-06-11,0.06634332984685898
2014-06-12,0.25094547867774963
2014-06-13,0.2705288529396057
2014-06-14,0.06033802777528763
2014-06-15,0.12919674813747406
2014-06-16,0.32574981451034546
2014-06-17,0.18170450627803802
2014-06-18,-0.20577433705329895
2014-06-19,-0.14517717063426971
2014-06-20,0.027741549536585808
2014-06-21,0.4788985550403595
2014-06-23,-0.0986025333404541
2014-06-24,0.12212532758712769
2014-06-25,0.21801984310150146
2014-06-26,-0.014367553405463696
2014-06-27,0.5173062682151794
2014-06-28,-0.042722489684820175
2014-06-29,-0.2682289481163025
2014-07-01,-0.23076605796813965
2014-07-02,-0.00367283308878541
2014-07-03,0.21251347661018372
2014-07-04,-0.14576022326946259
2014-07-05,0.1289573311805725
2014-07-06,0.45602336525917053
2014-07-07,0.5401419997215271
2014-07-08,0.07112960517406464
2014-07-09,0.10464030504226685
2014-07-10,0.46190348267555237
2014-07-11,0.3145611584186554
2014-07-12,0.39492568373680115
2014-07-13,0.8014925122261047
2014-07-14,0.20431189239025116
2014-07-15,0.050068728625774384
2014-07-16,0.20771612226963043
2014-07-17,0.018300587311387062
2014-07-18,-0.056351616978645325
2014-07-19,0.28832653164863586
2014-07-20,0.2067762166261673
2014-07-21,-0.005912685301154852
2014-07-22,0.21862544119358063
2014-07-23,0.005148834548890591
2014-07-24,-0.02145981974899769
2014-07-25,0.36602982878685
2014-07-26,0.15427882969379425
2014-07-28,0.10990375280380249
2014-07-29,0.3883257806301117
2014-07-30,0.22175967693328857
2014-07-31,-0.4021393060684204
2014-08-01,0.05186954513192177
2014-08-02,-0.06522160023450851
2014-08-03,0.42797714471817017
2014-08-04,0.24028906226158142
2014-08-05,0.22438225150108337
2014-08-06,-0.39436405897140503
2014-08-07,0.14388152956962585
2014-08-08,-0.13355940580368042
2014-08-09,0.28683212399482727
2014-08-10,0.3839450180530548
2014-08-11,0.4430139660835266
2014-08-12,0.1725151389837265
2014-08-13,0.3264092206954956
2014-08-14,-0.014750130474567413
2014-08-15,-0.006761488970369101
2014-08-17,0.1910438984632492
2014-08-18,-0.13289321959018707
2014-08-19,0.13903197646141052
2014-08-20,0.041809629648923874
2014-08-21,0.1016673743724823
2014-08-22,-0.072243832051754
2014-08-25,0.15429353713989258
2014-08-26,0.04458046332001686
2014-08-27,-0.08016394823789597
2014-08-28,-0.27223169803619385
2014-08-29,0.20208850502967834
2014-08-31,0.02879856713116169
2014-09-01,0.14227089285850525
2014-09-02,0.012478131800889969
2014-09-03,0.0828230082988739
2014-09-04,0.10882909595966339
2014-09-05,-0.19593602418899536
2014-09-06,-0.03011281229555607
2014-09-07,0.1676223874092102
2014-09-08,0.2625661790370941
2014-09-09,-0.028354188427329063
2014-09-10,-0.1548157036304474
2014-09-11,-0.010910588316619396
2014-09-12,0.17199547588825226
2014-09-13,0.535536527633667
2014-09-14,0.7600303292274475
2014-09-15,0.5445709228515625
2014-09-16,0.16176390647888184
2014-09-17,0.12998048961162567
2014-09-18,0.023686299100518227
2014-09-19,-0.12928655743598938
2014-09-20,-0.27385854721069336
2014-09-21,-0.5309735536575317
2014-09-22,0.13975803554058075
2014-09-23,0.10270889848470688
2014-09-24,0.5532231330871582
2014-09-25,-0.570341169834137
2014-09-26,-0.01758423075079918
2014-09-27,-0.4347667098045349
2014-09-29,-0.04931625723838806
2014-09-30,-0.2003200799226761
2014-10-01,0.3613095283508301
2014-10-02,-0.2920408546924591
2014-10-03,0.48748597502708435
2014-10-04,-0.5157960057258606
2014-10-06,-0.354170560836792
2014-10-07,0.1577214002609253
2014-10-08,0.015844345092773438
2014-10-09,0.10218396037817001
2014-10-10,0.18308529257774353
2014-10-11,0.12275812774896622
2014-10-13,-0.4395976960659027
2014-10-14,0.06282809376716614
2014-10-15,-0.12073392421007156
2014-10-16,0.24181652069091797
2014-10-18,0.12157498300075531
2014-10-20,0.154854878783226
2014-10-21,0.2958837151527405
2014-10-22,0.5561879873275757
2014-10-23,-0.0402027890086174
2014-10-24,0.07195459306240082
2014-10-25,0.6541675925254822
2014-10-26,-0.4538336992263794
2014-10-27,0.18315044045448303
2014-10-28,0.1516834944486618
2014-10-29,-0.09016701579093933
2014-10-30,-0.045270271599292755
2014-10-31,0.2135407030582428
2014-11-01,0.13653682172298431
2014-11-03,-0.4211856424808502
2014-11-04,0.15886051952838898
2014-11-05,-0.6750739812850952
2014-11-06,0.30530932545661926
2014-11-07,0.028169497847557068
2014-11-08,0.10171744972467422
2014-11-10,-0.4387947618961334
2014-11-11,0.1661534309387207
2014-11-12,-0.015608489513397217
2014-11-13,-0.05284494906663895
2014-11-14,-0.04765727370977402
2014-11-15,-0.027316391468048096
2014-11-16,0.42455846071243286
2014-11-17,0.0973275750875473
2014-11-18,0.018087148666381836
2014-11-19,-0.31581443548202515
2014-11-20,0.28555670380592346
2014-11-21,-0.29906806349754333
2014-11-22,0.3961590528488159
2014-11-23,0.08172210305929184
2014-11-24,0.14065857231616974
2014-11-25,-0.1860283613204956
2014-11-26,0.04492843151092529
2014-11-27,0.23469161987304688
2014-11-28,0.0338122732937336
2014-11-29,-0.04516184329986572
2014-11-30,0.9159463047981262
2014-12-01,-0.16807588934898376
2014-12-02,-0.2922970652580261
2014-12-03,-0.07227763533592224
2014-12-04,0.12743549048900604
2014-12-05,-0.11131332814693451
2014-12-06,0.14511439204216003
2014-12-08,-0.24034689366817474
2014-12-09,0.14954963326454163
2014-12-10,0.03540858253836632
2014-12-11,0.09012770652770996
2014-12-12,0.33928942680358887
2014-12-13,0.7141743898391724
2014-12-14,-0.16590845584869385
2014-12-15,0.002565056085586548
2014-12-16,0.05311525985598564
2014-12-17,0.12945175170898438
2014-12-18,0.15486063063144684
2014-12-19,-0.17820893228054047
2014-12-20,0.18030023574829102
2014-12-21,-0.08028706163167953
2014-12-22,-0.01407160609960556
2014-12-23,-0.0318639911711216
2014-12-24,-0.10586315393447876
2014-12-25,-0.026518063619732857
2014-12-26,0.427646279335022
2014-12-27,0.16802434623241425
2014-12-29,0.4527183175086975
2014-12-30,-0.27986153960227966
2014-12-31,-0.2820606827735901
2015-01-01,0.054084017872810364
2015-01-02,0.09952890127897263
2015-01-03,-0.23529291152954102
2015-01-05,0.5019268989562988
2015-01-06,0.11815251410007477
2015-01-07,0.36124277114868164
2015-01-08,0.19761055707931519
2015-01-09,0.2516971230506897
2015-01-10,-0.08520463109016418
2015-01-11,0.9292880296707153
2015-01-12,-0.14503179490566254
2015-01-13,-0.01411710400134325
2015-01-14,-0.03861881420016289
2015-01-15,0.1282912641763687
2015-01-16,-0.07622659206390381
2015-01-17,0.10419880598783493
2015-01-19,0.05794266611337662
2015-01-20,0.012429013848304749
2015-01-21,-0.004248342476785183
2015-01-22,-0.10293402522802353
2015-01-23,0.34499862790107727
2015-01-24,-0.06052684411406517
2015-01-26,0.34968703985214233
2015-01-27,0.10439752787351608
2015-01-28,0.13364243507385254
2015-01-29,0.4761391282081604
2015-01-30,-0.3745056986808777
2015-01-31,0.0516597256064415
2015-02-02,-0.1487269550561905
2015-02-03,0.17299722135066986
2015-02-04,0.13493619859218597
2015-02-05,0.24663423001766205
2015-02-06,-0.029434971511363983
2015-02-07,0.4577299654483795
2015-02-08,-0.4271141290664673
2015-02-09,0.4046620726585388
2015-02-10,-0.04264907166361809
2015-02-11,0.1629188060760498
2015-02-12,-0.32575610280036926
2015-02-13,-0.04013562947511673
2015-02-14,-0.1681412309408188
2015-02-17,0.167320117354393
2015-02-18,-0.008007675409317017
2015-02-19,0.07250376790761948
2015-02-20,0.0029481735546141863
2015-02-21,0.18477530777454376
2015-02-22,0.3610314726829529
2015-02-23,-0.3708800673484802
2015-02-24,0.10659829527139664
2015-02-25,0.33472955226898193
2015-02-26,-0.05422672629356384
2015-02-27,-0.30317530035972595
2015-02-28,-0.10178854316473007
2015-03-01,-0.657193124294281
2015-03-02,0.01986590400338173
2015-03-03,-0.16574756801128387
2015-03-04,0.19354712963104248
2015-03-05,-0.15220411121845245
2015-03-06,2.3043156033963896e-05
2015-03-07,0.30688849091529846
2015-03-09,0.12704217433929443
2015-03-10,0.3299146592617035
2015-03-11,0.09688248485326767
2015-03-12,0.09155885130167007
2015-03-13,0.22384127974510193
2015-03-14,0.09848947077989578
2015-03-15,0.8755058646202087
2015-03-16,0.10109647363424301
2015-03-17,0.010943035595119
2015-03-18,0.14870721101760864
2015-03-19,0.22858794033527374
2015-03-20,-0.13555121421813965
2015-03-21,-0.24266768991947174
2015-03-22,0.043897539377212524
2015-03-23,0.02971302717924118
2015-03-24,0.06129588186740875
2015-03-25,0.22463038563728333
2015-03-26,-0.1993887722492218
2015-03-27,-0.18618996441364288
2015-03-28,0.03950542211532593
2015-03-29,-0.24782800674438477
2015-03-30,-0.13868002593517303
2015-03-31,0.3375595211982727
2015-04-01,0.08745653182268143
2015-04-02,0.06508428603410721
2015-04-03,-0.07959592342376709
2015-04-04,0.036791685968637466
2015-04-06,0.29841625690460205
2015-04-07,0.026603160426020622
2015-04-08,0.3476009964942932
2015-04-09,0.20336191356182098
2015-04-10,-0.15483824908733368
2015-04-11,0.14849890768527985
2015-04-12,0.32023873925209045
2015-04-13,0.004067381378263235
2015-04-14,0.06007252633571625
2015-04-15,0.0855799987912178
2015-04-16,0.18272006511688232
2015-04-17,0.10771019756793976
2015-04-18,-0.08356896787881851
2015-04-19,0.38106879591941833
2015-04-20,-0.40918031334877014
2015-04-21,-0.010292835533618927
2015-04-22,0.2518936097621918
2015-04-23,-0.007989846169948578
2015-04-24,0.11535428464412689
2015-04-25,-0.32071730494499207
2015-04-26,0.4990679621696472
2015-04-27,-0.23470453917980194
2015-04-28,0.5624551773071289
2015-04-29,0.14416548609733582
2015-04-30,0.1647929698228836
2015-05-01,0.21751365065574646
2015-05-02,-0.4224591553211212
2015-05-03,0.46979403495788574
2015-05-04,0.07416298240423203
2015-05-05,0.042947787791490555
2015-05-06,0.27828702330589294
2015-05-07,0.2664703130722046
2015-05-08,0.42364251613616943
2015-05-09,-0.14817127585411072
2015-05-11,0.2903788685798645
2015-05-12,0.2550654709339142
2015-05-13,-0.3246358036994934
2015-05-14,0.12882168591022491
2015-05-15,-0.07702601701021194
2015-05-17,0.3881939947605133
2015-05-18,0.1363576352596283
2015-05-19,0.13313022255897522
2015-05-20,-0.4246996343135834
2015-05-21,-0.22951090335845947
2015-05-22,-0.2300238311290741
2015-05-23,0.016093850135803223
2015-05-24,0.0033851806074380875
2015-05-25,0.43278762698173523
2015-05-26,-0.05168557167053223
2015-05-27,-0.16665032505989075
2015-05-28,0.48167675733566284
2015-05-29,-0.18735909461975098
2015-05-30,0.2922550439834595
2015-06-01,0.15754516422748566
2015-06-02,-0.20618484914302826
2015-06-03,-0.26041164994239807
2015-06-04,0.36107850074768066
2015-06-05,0.4732501804828644
2015-06-06,0.3209819495677948
2015-06-08,0.2962080240249634
2015-06-09,0.024703264236450195
2015-06-10,0.05022262781858444
2015-06-11,0.23266644775867462
2015-06-12,-0.2388981133699417
2015-06-13,0.07507647573947906
2015-06-14,0.46425655484199524
2015-06-15,0.2371690422296524
2015-06-16,0.032487060874700546
2015-06-17,-0.006352375261485577
2015-06-18,0.2988400459289551
2015-06-19,0.3397890627384186
2015-06-20,0.5515354871749878
2015-06-21,-0.0009087100625038147
2015-06-22,-0.010028928518295288
2015-06-23,0.19496719539165497
2015-06-24,0.09254662692546844
2015-06-25,0.22963166236877441
2015-06-26,0.15963540971279144
2015-06-27,0.16173261404037476
2015-06-28,-0.1829736977815628
2015-06-29,-0.23027920722961426
2015-06-30,0.3287891745567322
2015-07-01,-0.0443510003387928
2015-07-02,0.14961744844913483
2015-07-03,0.08563859015703201
2015-07-04,-0.38609790802001953
2015-07-05,0.04886236786842346
2015-07-06,0.6973187327384949
2015-07-07,0.5169666409492493
2015-07-08,0.0832059308886528
2015-07-09,0.02800542116165161
2015-07-10,0.0714263767004013
2015-07-11,0.021048113703727722
2015-07-12,0.16666649281978607
2015-07-13,0.42051267623901367
2015-07-14,0.12276065349578857
2015-07-15,-0.24706339836120605
2015-07-16,0.25088736414909363
2015-07-17,0.22225941717624664
2015-07-18,-0.03553593158721924
2015-07-20,0.051178254187107086
2015-07-21,0.07743726670742035
2015-07-22,0.14249113202095032
2015-07-23,0.4568938612937927
2015-07-24,-0.04121335595846176
2015-07-25,0.6481010317802429
2015-07-26,0.11343789100646973
2015-07-27,0.003186759538948536
2015-07-28,-0.06319423019886017
2015-07-29,-0.1425066441297531
2015-07-30,-0.12021338939666748
2015-07-31,-0.21652503311634064
2015-08-01,0.3727490305900574
2015-08-02,0.13799113035202026
2015-08-03,-0.09761003404855728
2015-08-04,-0.23102612793445587
2015-08-05,-0.10443355143070221
2015-08-06,0.016237817704677582
2015-08-07,0.2244143784046173
2015-08-08,-0.19187334179878235
2015-08-09,0.5347539782524109
2015-08-10,0.4075239896774292
2015-08-11,0.0806935653090477
2015-08-12,-0.5551624894142151
2015-08-13,-0.1925949603319168
2015-08-14,-0.011579817160964012
2015-08-15,0.30986976623535156
2015-08-16,-0.16869212687015533
2015-08-17,-0.2218664586544037
2015-08-18,0.041526440531015396
2015-08-19,-0.020379340276122093
2015-08-20,0.2810688316822052
2015-08-21,-0.23101429641246796
2015-08-22,0.1474592387676239
2015-08-23,-0.4592929482460022
2015-08-24,-0.20347647368907928
2015-08-25,0.13319191336631775
2015-08-26,-0.015250454656779766
2015-08-27,0.4441857933998108
2015-08-28,-0.061948541551828384
2015-08-29,-0.023611092939972878
2015-08-30,0.5803937911987305
2015-08-31,0.290581613779068
2015-09-01,-0.18027007579803467
2015-09-02,-0.23910753428936005
2015-09-03,-0.07084304839372635
2015-09-04,-0.393566370010376
2015-09-05,-0.38863280415534973
2015-09-06,0.8842167258262634
2015-09-07,0.17081595957279205
2015-09-08,-0.038069240748882294
2015-09-09,0.1738937646150589
2015-09-10,-0.6975243091583252
2015-09-11,0.34785330295562744
2015-09-12,0.023227084428071976
2015-09-13,0.3041290044784546
2015-09-14,0.261007696390152
2015-09-15,0.23488186299800873
2015-09-16,0.32057836651802063
2015-09-17,0.16957296431064606
2015-09-18,-0.2448045015335083
2015-09-19,-0.3141712546348572
2015-09-20,0.5916728377342224
2015-09-21,0.07791125029325485
2015-09-22,0.36423376202583313
2015-09-23,-0.07732999324798584
2015-09-24,0.3295483887195587
2015-09-25,-0.1495520919561386
2015-09-26,0.7578455209732056
2015-09-27,0.24729493260383606
2015-09-28,-0.06421662122011185
2015-09-29,0.09621430933475494
2015-09-30,-0.961158812046051
2015-10-01,0.012784278020262718
2015-10-02,0.22178971767425537
2015-10-03,0.27731049060821533
2015-10-05,-0.0767977237701416
2015-10-06,0.10988754779100418
2015-10-07,0.14376387000083923
2015-10-08,-0.11193065345287323
2015-10-09,-0.00797203928232193
2015-10-10,0.8455243110656738
2015-10-11,-0.6673040986061096
2015-10-12,0.057649511843919754
2015-10-13,-0.055348951369524
2015-10-14,0.13234786689281464
2015-10-15,0.3563272953033447
2015-10-16,0.06839979439973831
2015-10-17,0.044549837708473206
2015-10-19,0.05411664396524429
2015-10-20,0.04918816685676575
2015-10-21,0.01959424465894699
2015-10-22,-0.14950942993164062
2015-10-23,0.11410222202539444
2015-10-24,0.0004848651587963104
2015-10-26,-0.30251356959342957
2015-10-27,0.021116631105542183
2015-10-28,-0.5274474024772644
2015-10-29,0.348825603723526
2015-10-30,0.02772163413465023
2015-10-31,0.2820357084274292
2015-11-02,0.06273983418941498
2015-11-03,-0.372845321893692
2015-11-04,0.056359995156526566
2015-11-05,-0.37296196818351746
2015-11-06,0.20377302169799805
2015-11-07,-0.4616847336292267
2015-11-08,0.5860620141029358
2015-11-09,-0.2474445402622223
2015-11-10,-0.19332578778266907
2015-11-11,0.1953999400138855
2015-11-13,0.40643835067749023
2015-11-14,-0.6170715689659119
2015-11-15,0.10032058507204056
2015-11-16,-0.2163749635219574
2015-11-17,-0.2196023166179657
2015-11-18,0.10114336758852005
2015-11-19,-0.165359228849411
2015-11-20,-0.20032648742198944
2015-11-21,-0.7704483866691589
2015-11-22,0.5200449228286743
2015-11-23,0.2333896905183792
2015-11-24,0.16860100626945496
2015-11-25,0.11871708184480667
2015-11-26,0.16065414249897003
2015-11-27,-0.26830926537513733
2015-11-28,0.22939467430114746
2015-11-29,0.04857932776212692
2015-11-30,0.045120012015104294
2015-12-01,0.0613459050655365
2015-12-02,0.602020263671875
2015-12-03,-0.07358045876026154
2015-12-04,-0.15729032456874847
2015-12-05,-0.4014734923839569
2015-12-07,0.5164834856987
2015-12-08,0.059532903134822845
2015-12-09,0.06021462380886078
2015-12-10,-0.05438034236431122
2015-12-11,-0.41307365894317627
2015-12-12,-0.8386149406433105
2015-12-13,-0.021288633346557617
2015-12-14,0.12437266111373901
2015-12-15,0.011182397603988647
2015-12-16,-0.004298883490264416
2015-12-17,-0.09916703402996063
2015-12-18,0.023941364139318466
2015-12-20,-0.29884225130081177
2015-12-21,0.24262632429599762
2015-12-22,0.2623459994792938
2015-12-23,0.06058725342154503
2015-12-24,-0.030830124393105507
2015-12-25,-0.44358375668525696
2015-12-26,0.19408206641674042
2015-12-27,-0.4413467049598694
2015-12-28,-0.7176661491394043
2015-12-29,0.5769673585891724
2015-12-30,-0.42970922589302063
2015-12-31,-0.14060716331005096
2016-01-02,0.4233103394508362
2016-01-03,0.2792825996875763
2016-01-04,0.0718650221824646
2016-01-05,0.04579316824674606
2016-01-06,0.3157182037830353
2016-01-07,-0.09199845045804977
2016-01-08,-0.28866228461265564
2016-01-09,-0.2519926130771637
2016-01-10,-0.95115727186203
2016-01-11,0.06175949051976204
2016-01-12,-0.3138098418712616
2016-01-13,0.14112597703933716
2016-01-14,-0.08107135444879532
2016-01-15,-0.15448112785816193
2016-01-16,0.2693599462509155
2016-01-17,0.3385779559612274
2016-01-18,0.07533378154039383
2016-01-19,0.02599080093204975
2016-01-20,0.23066000640392303
2016-01-21,0.26975661516189575
2016-01-22,0.20369161665439606
2016-01-23,0.27013078331947327
2016-01-24,0.45229268074035645
2016-01-25,-0.05335391312837601
2016-01-26,0.06199582666158676
2016-01-27,0.05352571979165077
2016-01-28,-0.0006417632102966309
2016-01-29,0.08010099828243256
2016-01-30,0.6493291854858398
2016-01-31,0.8897743225097656
2016-02-01,0.2644612491130829
2016-02-02,0.04857739806175232
2016-02-03,0.9351984262466431
2016-02-04,0.3113650679588318
2016-02-05,0.16519297659397125
2016-02-06,0.8496471643447876
2016-02-07,0.05496116355061531
2016-02-08,0.4091482162475586
2016-02-09,0.03287616744637489
2016-02-10,0.05603631213307381
2016-02-11,-0.28550985455513
2016-02-12,-0.2631886899471283
2016-02-13,-0.3569144010543823
2016-02-14,-0.9538546204566956
2016-02-15,0.5832388997077942
2016-02-16,-0.38439568877220154
2016-02-17,-0.0923311710357666
2016-02-18,0.05710022151470184
2016-02-19,-0.06387052685022354
2016-02-20,-0.08385815471410751
2016-02-21,0.08146398514509201
2016-02-22,-0.10906565189361572
2016-02-23,-0.49091267585754395
2016-02-24,-0.14265957474708557
2016-02-25,0.7873889207839966
2016-02-26,0.1688009351491928
2016-02-27,0.10592611134052277
2016-02-28,-0.05310073494911194
2016-02-29,0.1475442796945572
2016-03-01,0.05398428067564964
2016-03-02,-0.019195524975657463
2016-03-03,-0.1524313986301422
2016-03-04,0.12450743466615677
2016-03-05,0.3446999490261078
2016-03-06,0.06485337764024734
2016-03-07,-0.008590828627347946
2016-03-08,-0.08679305016994476
2016-03-09,-0.1602107584476471
2016-03-10,-0.03486781194806099
2016-03-11,-0.17306342720985413
2016-03-12,-0.23419690132141113
2016-03-13,0.4192836582660675
2016-03-14,0.02449292130768299
2016-03-15,-0.1269972026348114
2016-03-16,-0.03346502408385277
2016-03-17,0.35728326439857483
2016-03-18,0.051884666085243225
2016-03-19,0.016289740800857544
2016-03-20,0.12556296586990356
2016-03-21,0.049085479229688644
2016-03-22,0.19219550490379333
2016-03-23,-0.3711588382720947
2016-03-24,-0.16032208502292633
2016-03-25,-0.08410914242267609
2016-03-26,-0.3376523554325104
2016-03-27,-0.9290401935577393
2016-03-28,-0.19690240919589996
2016-03-29,-0.132704496383667
2016-03-30,0.03621035814285278
2016-03-31,-0.13759946823120117
2016-04-01,0.31933140754699707
2016-04-02,0.4381815493106842
2016-04-03,0.37350940704345703
2016-04-04,-0.016706744208931923
2016-04-05,0.1680583953857422
2016-04-06,0.2411162108182907
2016-04-07,-0.028065860271453857
2016-04-08,0.08497162163257599
2016-04-09,0.24465587735176086
2016-04-10,0.18420495092868805
2016-04-11,-0.11889408528804779
2016-04-12,-0.4019306004047394
2016-04-13,-0.05096178501844406
2016-04-14,-0.08736635744571686
2016-04-15,-0.30696049332618713
2016-04-16,0.09292236715555191
2016-04-18,-0.05888114869594574
2016-04-19,-0.12937220931053162
2016-04-20,0.12207506597042084
2016-04-21,-0.12068740278482437
2016-04-22,0.5797114372253418
2016-04-23,0.2181069701910019
2016-04-24,0.9253126978874207
2016-04-25,0.11328214406967163
2016-04-26,-0.012543742544949055
2016-04-27,0.15144440531730652
2016-04-28,0.18851786851882935
2016-04-29,-0.2518647611141205
2016-04-30,0.07553106546401978
2016-05-01,0.7071806788444519
2016-05-02,-0.837195873260498
2016-05-03,-0.21908986568450928
2016-05-04,0.057679712772369385
2016-05-05,0.09073712676763535
2016-05-06,0.1908884346485138
2016-05-07,0.045018136501312256
2016-05-08,-0.8203953504562378
2016-05-09,-0.18194039165973663
2016-05-10,-0.08114796131849289
2016-05-11,0.015347849577665329
2016-05-12,-0.16366223990917206
2016-05-13,-0.12122682482004166
2016-05-14,0.9392738938331604
2016-05-16,0.20581446588039398
2016-05-17,-0.29206496477127075
2016-05-18,-0.04006120562553406
2016-05-19,0.07666885107755661
2016-05-20,-0.32187601923942566
2016-05-21,0.025116249918937683
2016-05-22,0.1691746860742569
2016-05-23,-0.1301136165857315
2016-05-24,0.3762747347354889
2016-05-25,-0.29617762565612793
2016-05-26,0.12172506004571915
2016-05-27,0.17827731370925903
2016-05-28,0.12765814363956451
2016-05-30,-0.8485822677612305
2016-05-31,-0.14186419546604156
2016-06-01,-0.24001650512218475
2016-06-02,-0.14358676970005035
2016-06-03,0.44345298409461975
2016-06-04,-0.37335070967674255
2016-06-05,-0.00350923091173172
2016-06-06,-0.011085892096161842
2016-06-07,0.18885287642478943
2016-06-08,0.07405054569244385
2016-06-09,-0.1507430523633957
2016-06-10,-0.01711219549179077
2016-06-12,0.5664294958114624
2016-06-13,-0.0647520124912262
2016-06-14,0.04641280323266983
2016-06-15,-0.06299315392971039
2016-06-16,0.07260706275701523
2016-06-17,0.04449939727783203
2016-06-18,0.2174517810344696
2016-06-19,0.4788215458393097
2016-06-20,-0.27902403473854065
2016-06-21,-0.021381478756666183
2016-06-22,0.09546386450529099
2016-06-23,-0.3956413269042969
2016-06-24,-0.012089465744793415
2016-06-25,-0.7059831619262695
2016-06-27,-0.14665403962135315
2016-06-28,0.3867611289024353
2016-06-29,0.2319379299879074
2016-06-30,0.4318596422672272
2016-07-01,-0.1376344859600067
2016-07-02,0.30397772789001465
2016-07-03,0.1145484521985054
2016-07-04,0.013923967257142067
2016-07-05,0.04312539100646973
2016-07-06,0.05771511793136597
2016-07-07,-0.12475838512182236
2016-07-08,0.02698959968984127
2016-07-09,0.013162875548005104
2016-07-10,0.07537402957677841
2016-07-11,0.21814842522144318
2016-07-12,0.12635725736618042
2016-07-13,0.18855564296245575
2016-07-14,0.23435266315937042
2016-07-15,0.09614481031894684
2016-07-16,-0.16950300335884094
2016-07-17,0.11237649619579315
2016-07-18,-0.28004783391952515
2016-07-19,0.15000823140144348
2016-07-20,-0.11497367173433304
2016-07-21,0.2797110080718994
2016-07-22,0.1085183396935463
2016-07-23,0.3141215145587921
2016-07-24,0.11195969581604004
2016-07-25,-0.05574395880103111
2016-07-26,0.00793285109102726
2016-07-27,-0.01492225844413042
2016-07-28,0.3780026435852051
2016-07-29,-0.9463681578636169
2016-07-30,-0.11436767876148224
2016-07-31,0.5113679766654968
2016-08-01,0.22046606242656708
2016-08-02,0.4773869514465332
2016-08-03,0.16818900406360626
2016-08-04,0.15766899287700653
2016-08-05,0.2248549908399582
2016-08-06,-0.6053982377052307
2016-08-08,0.16350270807743073
2016-08-09,0.1090572327375412
2016-08-10,0.3132428824901581
2016-08-11,0.13691899180412292
2016-08-12,-0.0942411720752716
2016-08-13,-0.6713413000106812
2016-08-15,0.017720963805913925
2016-08-16,0.2579652965068817
2016-08-17,0.1703958660364151
2016-08-18,-0.10249414294958115
2016-08-19,0.07882081717252731
2016-08-20,-0.4233960211277008
2016-08-21,0.47245562076568604
2016-08-22,-0.05249980464577675
2016-08-23,0.7765331864356995
2016-08-24,0.16717757284641266
2016-08-25,-0.14282982051372528
2016-08-26,-0.0831005722284317
2016-08-27,0.013119198381900787
2016-08-28,0.11633840948343277
2016-08-29,0.02477610483765602
2016-08-30,0.043838612735271454
2016-08-31,-0.08505970984697342
2016-09-01,0.2021377980709076
2016-09-02,0.017272740602493286
2016-09-03,0.04996839165687561
2016-09-04,0.9284934997558594
2016-09-05,0.1280098557472229
2016-09-06,0.6479126811027527
2016-09-07,0.04503163322806358
2016-09-08,-0.11759475618600845
2016-09-09,0.15971001982688904
2016-09-10,0.6602073907852173
2016-09-11,0.5097113251686096
2016-09-12,0.43107080459594727
2016-09-13,-0.12142517417669296
2016-09-14,-0.0018284320831298828
2016-09-15,-0.09119109809398651
2016-09-16,0.06771960854530334
2016-09-17,0.07592758536338806
2016-09-18,0.07177732139825821
2016-09-19,-0.09006548672914505
2016-09-20,-0.4436663091182709
2016-09-21,0.2087351232767105
2016-09-22,0.1951248049736023
2016-09-23,-0.5291603207588196
2016-09-24,0.2536451816558838
2016-09-25,0.8273051977157593
2016-09-26,0.4709566533565521
2016-09-27,0.04778721183538437
2016-09-28,-0.3239937722682953
2016-09-29,0.11220066249370575
2016-09-30,0.006591442506760359
2016-10-01,-0.3999939262866974
2016-10-03,-0.12036764621734619
2016-10-04,0.12941452860832214
2016-10-05,-0.11196844279766083
2016-10-06,0.0291153397411108
2016-10-07,-0.1884462684392929
2016-10-08,0.35236668586730957
2016-10-09,-0.15315869450569153
2016-10-10,-0.7777910828590393
2016-10-11,0.036533087491989136
2016-10-12,-0.05600130558013916
2016-10-13,0.2481745481491089
2016-10-14,-0.35590437054634094
2016-10-15,0.030647337436676025
2016-10-16,-0.20758871734142303
2016-10-17,0.5722657442092896
2016-10-18,0.2799108922481537
2016-10-19,-0.05552219599485397
2016-10-20,-0.03364584594964981
2016-10-21,-0.33137673139572144
2016-10-23,0.6677395105361938
2016-10-24,0.11834555864334106
2016-10-25,-0.15634171664714813
2016-10-26,0.13777048885822296
2016-10-27,0.38204339146614075
2016-10-28,-0.10840808600187302
2016-10-29,-0.374108225107193
2016-10-31,-0.2060706615447998
2016-11-01,0.041580021381378174
2016-11-02,0.21340663731098175
2016-11-03,-0.044265229254961014
2016-11-04,-0.3780037462711334
2016-11-05,0.4707755148410797
2016-11-06,0.38356685638427734
2016-11-07,-0.3908490538597107
2016-11-08,-0.11091934144496918
2016-11-09,-0.025165801867842674
2016-11-10,0.04162547364830971
2016-11-11,-0.20514965057373047
2016-11-12,0.14860248565673828
2016-11-13,0.04014427959918976
2016-11-14,0.17789188027381897
2016-11-15,0.2075851559638977
2016-11-16,-0.1638963520526886
2016-11-17,0.09975765645503998
2016-11-18,-0.0867266058921814
2016-11-19,-0.9677678942680359
2016-11-21,-0.29700717329978943
2016-11-22,0.11884613335132599
2016-11-23,0.12910360097885132
2016-11-24,-0.12659069895744324
2016-11-25,-0.057635348290205
2016-11-27,0.07014133781194687
2016-11-28,0.3096655011177063
2016-11-29,-0.7295392751693726
2016-11-30,0.040513116866350174
2016-12-01,0.0007742289453744888
2016-12-02,0.0357477143406868
2016-12-03,-0.006940821651369333
2016-12-04,0.14158600568771362
2016-12-05,-0.07228975743055344
2016-12-06,-0.3432075083255768
2016-12-07,0.19049817323684692
2016-12-08,0.22981849312782288
2016-12-09,-0.07747277617454529
2016-12-10,-0.9660090208053589
2016-12-11,-0.9518244862556458
2016-12-12,-0.07431971281766891
2016-12-13,0.02406659908592701
2016-12-14,0.23886564373970032
2016-12-15,-0.21940898895263672
2016-12-16,0.03713531419634819
2016-12-17,0.5169673562049866
2016-12-18,-0.7435705661773682
2016-12-19,0.3953694701194763
2016-12-20,0.8882036805152893
2016-12-21,0.14081256091594696
2016-12-22,0.04273464158177376
2016-12-23,0.2900851368904114
2016-12-24,0.012089647352695465
2016-12-26,0.03525551036000252
2016-12-27,-0.41839128732681274
2016-12-28,-0.2555781602859497
2016-12-29,-0.32044994831085205
2016-12-30,0.4472300410270691
2016-12-31,0.7267428636550903
2017-01-02,0.42837199568748474
2017-01-03,0.0766482725739479
2017-01-04,0.43410444259643555
2017-01-05,0.17014247179031372
2017-01-06,-0.3551676273345947
2017-01-07,-0.8718926310539246
2017-01-08,-0.8138246536254883
2017-01-09,0.0184588935226202
2017-01-10,0.4424220621585846
2017-01-11,-0.3406294882297516
2017-01-12,-0.2435997724533081
2017-01-13,0.27290722727775574
2017-01-14,0.930312991142273
2017-01-15,0.8075262904167175
2017-01-16,0.05867031589150429
2017-01-17,0.0586981326341629
2017-01-18,-0.011399059556424618
2017-01-19,0.6979530453681946
2017-01-20,0.1345391720533371
2017-01-21,-0.8836184144020081
2017-01-23,-0.014115770347416401
2017-01-24,0.4658711552619934
2017-01-25,0.33670228719711304
2017-01-26,-0.009526338428258896
2017-01-27,0.03602500259876251
2017-01-29,0.06818246096372604
2017-01-30,0.004400134086608887
2017-01-31,0.03184637427330017
2017-02-01,-0.5900042057037354
2017-02-02,-0.06247011572122574
2017-02-03,0.12387443333864212
2017-02-04,-0.9548516273498535
2017-02-06,0.31434953212738037
2017-02-07,0.19655616581439972
2017-02-08,-0.10354107618331909
2017-02-09,0.2698075771331787
2017-02-10,-0.20423045754432678
2017-02-11,-0.8287971019744873
2017-02-12,0.8915555477142334
2017-02-13,0.013604182749986649
2017-02-14,0.38070565462112427
2017-02-15,0.19702918827533722
2017-02-16,-0.18453474342823029
2017-02-17,0.06571009755134583
2017-02-18,0.12315797805786133
2017-02-20,0.39837849140167236
2017-02-21,-0.12267176806926727
2017-02-22,0.17007584869861603
2017-02-23,0.22208213806152344
2017-02-24,-0.16189804673194885
2017-02-25,-0.5434302687644958
2017-02-26,-0.27919071912765503
2017-02-27,-0.17539431154727936
2017-02-28,0.02874605730175972
2017-03-01,0.15076853334903717
2017-03-02,-0.15759313106536865
2017-03-03,-0.08257043361663818
2017-03-04,0.5439385771751404
2017-03-06,0.06254399567842484
2017-03-07,0.08876049518585205
2017-03-08,0.036936208605766296
2017-03-09,0.7917057871818542
2017-03-10,0.14545224606990814
2017-03-11,-0.2634800672531128
2017-03-13,0.4379165470600128
2017-03-14,-0.63937908411026
2017-03-15,0.12096773087978363
2017-03-16,-0.34204477071762085
2017-03-17,-0.589238703250885
2017-03-18,-0.820403516292572
2017-03-20,0.14585623145103455
2017-03-21,-0.463352769613266
2017-03-22,-0.2839185893535614
2017-03-23,0.22634737193584442
2017-03-24,-0.5198980569839478
2017-03-25,-0.09250875562429428
2017-03-26,0.5044386982917786
2017-03-27,-0.15590453147888184
2017-03-28,-0.24093061685562134
2017-03-29,0.12236882001161575
2017-03-30,0.21725091338157654
2017-03-31,0.020894300192594528
2017-04-01,0.6111101508140564
2017-04-03,-0.3905726969242096
2017-04-04,0.03412213921546936
2017-04-05,0.01216302439570427
2017-04-06,-0.6230871081352234
2017-04-07,0.2457476258277893
2017-04-09,0.26850929856300354
2017-04-10,-0.100896917283535
2017-04-11,0.2087155282497406
2017-04-12,-0.14309832453727722
2017-04-13,0.07754500210285187
2017-04-14,0.061133310198783875
2017-04-15,0.04427323862910271
2017-04-16,0.8838484883308411
2017-04-17,0.45181888341903687
2017-04-18,-0.3589775562286377
2017-04-19,0.0445447638630867
2017-04-20,0.44532978534698486
2017-04-21,-0.2136119157075882
2017-04-23,0.05201325565576553
2017-04-24,0.44240009784698486
2017-04-25,0.33415907621383667
2017-04-26,0.27431222796440125
2017-04-27,0.19144712388515472
2017-04-28,-0.16696782410144806
2017-04-29,0.24240875244140625
2017-05-01,0.010815322399139404
2017-05-02,0.0619102381169796
2017-05-03,-0.067049041390419
2017-05-04,0.1965503692626953
2017-05-05,0.20521660149097443
2017-05-07,0.08068443089723587
2017-05-08,0.10857010632753372
2017-05-09,0.5082374811172485
2017-05-10,0.16517876088619232
2017-05-11,-0.2750377655029297
2017-05-12,-0.46775907278060913
2017-05-13,0.5222131609916687
2017-05-14,0.3927439749240875
2017-05-15,-0.30414488911628723
2017-05-16,-0.15163858234882355
2017-05-17,0.002966175554320216
2017-05-18,-0.028622785583138466
2017-05-21,0.16252382099628448
2017-05-22,-0.03407354652881622
2017-05-23,-0.19360989332199097
2017-05-24,0.254985511302948
2017-05-25,0.5251609683036804
2017-05-26,-0.3446665108203888
2017-05-27,-0.0632585808634758
2017-05-29,0.5696102976799011
2017-05-30,0.20159566402435303
2017-05-31,-0.30477872490882874
2017-06-01,-0.4550109803676605
2017-06-02,-0.5241138339042664
2017-06-04,0.06934952735900879
2017-06-05,0.46603402495384216
2017-06-06,-0.18759992718696594
2017-06-07,-0.06612231582403183
2017-06-08,-0.2841546833515167
2017-06-09,0.024863028898835182
2017-06-10,0.03700672462582588
2017-06-11,0.36140480637550354
2017-06-12,-0.08712446689605713
2017-06-13,-0.031152307987213135
2017-06-14,-0.27417922019958496
2017-06-15,0.08491136133670807
2017-06-16,0.0638224184513092
2017-06-17,0.11303263157606125
2017-06-19,0.06280146539211273
2017-06-21,0.003847181797027588
2017-06-22,-0.08124557137489319
2017-06-23,-0.015260276384651661
2017-06-24,-0.008786916732788086
2017-06-25,0.29411643743515015
2017-06-26,0.23375985026359558
2017-06-27,-0.1097625344991684
2017-06-28,-0.7675585746765137
2017-06-29,-0.20611658692359924
2017-06-30,0.3358938992023468
2017-07-01,0.1214943379163742
2017-07-02,0.44400882720947266
2017-07-03,0.09326200932264328
2017-07-04,0.6534103751182556
2017-07-05,-0.336993932723999
2017-07-06,-0.3828384280204773
2017-07-07,0.10678764432668686
2017-07-08,-0.12261111289262772
2017-07-09,0.04065190255641937
2017-07-10,0.030431997030973434
2017-07-11,0.38986337184906006
2017-07-12,0.03986671194434166
2017-07-13,0.2161039561033249
2017-07-14,-0.07625887542963028
2017-07-15,0.8031507134437561
2017-07-16,0.29519370198249817
2017-07-17,0.31551143527030945
2017-07-18,-0.9523360133171082
2017-07-19,0.12453669309616089
2017-07-20,0.16467402875423431
2017-07-21,0.2713240385055542
2017-07-22,0.5387191772460938
2017-07-23,-0.15883393585681915
2017-07-24,-0.5212488174438477
2017-07-25,0.8845316767692566
2017-07-26,-0.421823114156723
2017-07-27,0.13280841708183289
2017-07-28,0.6537743806838989
2017-07-31,0.20077960193157196
2017-08-01,-0.1972232162952423
2017-08-02,-0.015694059431552887
2017-08-03,0.01846679113805294
2017-08-04,0.932364284992218
2017-08-05,0.2649797797203064
2017-08-06,0.02736392617225647
2017-08-07,-0.0036758685018867254
2017-08-08,-0.4030708074569702
2017-08-09,-0.17524179816246033
2017-08-10,0.11648164689540863
2017-08-11,0.08692614734172821
2017-08-14,0.19014699757099152
2017-08-15,0.9033231139183044
2017-08-16,0.31851494312286377
2017-08-17,-0.19176815450191498
2017-08-18,-0.36757099628448486
2017-08-20,-0.296489417552948
2017-08-21,0.2517504394054413
2017-08-22,-0.06546762585639954
2017-08-23,-0.02205977961421013
2017-08-24,-0.34298235177993774
2017-08-25,-0.02270042896270752
2017-08-27,0.09974483400583267
2017-08-28,-0.2712530791759491
2017-08-29,0.8704698085784912
2017-08-30,0.18992796540260315
2017-08-31,0.163812518119812
2017-09-01,0.7192027568817139
2017-09-04,-0.004021651577204466
2017-09-05,0.036385949701070786
2017-09-06,-0.10419894009828568
2017-09-07,-0.034383490681648254
2017-09-08,0.03568163886666298
2017-09-09,-0.06418194621801376
2017-09-10,0.8934776782989502
2017-09-11,0.8847223520278931
2017-09-12,0.18711040914058685
2017-09-13,0.07154586166143417
2017-09-14,0.2972619831562042
2017-09-15,-0.4253373146057129
2017-09-17,0.13068561255931854
2017-09-18,-0.05906713008880615
2017-09-19,0.3288000822067261
2017-09-20,-0.035872846841812134
2017-09-21,-0.36885806918144226
2017-09-22,0.013603147119283676
2017-09-23,0.6354295015335083
2017-09-24,0.8420965075492859
2017-09-25,0.20878592133522034
2017-09-26,-0.29806822538375854
2017-09-27,0.10001800209283829
2017-09-28,-0.8120335340499878
2017-09-29,0.5967724919319153
2017-10-02,-0.06037794426083565
2017-10-03,0.34680986404418945
2017-10-04,0.35635870695114136
2017-10-05,0.8600118160247803
2017-10-06,-0.5103868246078491
2017-10-08,0.12654754519462585
2017-10-09,-0.07224810123443604
2017-10-10,0.3972627520561218
2017-10-11,0.20489434897899628
2017-10-12,0.0649028792977333
2017-10-13,-0.5697399973869324
2017-10-14,-0.07869908213615417
2017-10-15,-0.1657331883907318
2017-10-16,-0.4107668399810791
2017-10-17,0.16283130645751953
2017-10-18,-0.9172855019569397
2017-10-19,-0.3551112115383148
2017-10-20,0.3447663187980652
2017-10-21,0.4429253935813904
2017-10-22,0.9319971203804016
2017-10-23,-0.007289178669452667
2017-10-24,0.04690529778599739
2017-10-25,0.29953280091285706
2017-10-26,-0.061303555965423584
2017-10-27,-0.07653547078371048
2017-10-30,-0.19159217178821564
2017-10-31,0.33276674151420593
2017-11-01,0.3168945014476776
2017-11-02,-0.002940211445093155
2017-11-03,-0.11498203873634338
2017-11-04,0.5728784799575806
2017-11-06,0.30556538701057434
2017-11-07,0.18663005530834198
2017-11-08,0.2217285931110382
2017-11-09,0.2025245726108551
2017-11-10,0.25944921374320984
2017-11-11,-0.33402183651924133
2017-11-12,0.927699089050293
2017-11-13,-0.2023141235113144
2017-11-14,0.06257251650094986
2017-11-15,-0.01760413497686386
2017-11-16,0.05226505920290947
2017-11-17,0.5635401010513306
2017-11-18,0.23885434865951538
2017-11-19,0.5564352869987488
2017-11-20,0.058344271034002304
2017-11-21,-0.04538304731249809
2017-11-22,-0.12238162755966187
2017-11-23,0.48179394006729126
2017-11-24,-0.43206900358200073
2017-11-25,0.48224902153015137
2017-11-26,0.003446318209171295
2017-11-27,0.8777925372123718
2017-11-28,0.03323368355631828
2017-11-29,0.37360507249832153
2017-12-02,0.20125268399715424
2017-12-03,-0.04108448326587677
2017-12-04,0.07241402566432953
2017-12-05,-0.013304803520441055
2017-12-06,-0.7423996329307556
2017-12-07,0.46154680848121643
2017-12-08,-0.2848508059978485
2017-12-10,-0.5996566414833069
2017-12-11,-0.07403801381587982
2017-12-12,-0.34273412823677063
2017-12-13,0.06273042410612106
2017-12-14,0.43311160802841187
2017-12-15,0.013528738170862198
2017-12-17,0.09726651757955551
2017-12-18,0.06093711033463478
2017-12-19,0.06993594020605087
2017-12-20,0.13412344455718994
2017-12-21,0.031777698546648026
2017-12-22,0.021656420081853867
2017-12-23,0.8959290981292725
2017-12-26,-0.31419995427131653
2017-12-27,0.2425670474767685
2017-12-28,-0.7924707531929016
2017-12-29,0.3949342370033264
2017-12-30,-0.5604550242424011
2017-12-31,-0.9615705609321594
2018-01-01,0.633236825466156
2018-01-02,0.23938493430614471
2018-01-03,0.17404413223266602
2018-01-04,0.41373780369758606
2018-01-05,0.269376277923584
2018-01-06,0.6054458618164062
2018-01-08,0.24649757146835327
2018-01-09,-0.06415746361017227
2018-01-10,0.3151755630970001
2018-01-12,0.18230248987674713
2018-01-13,-0.11505623906850815
2018-01-14,0.9338462948799133
2018-01-15,0.20707868039608002
2018-01-16,0.21406757831573486
2018-01-17,0.13610751926898956
2018-01-18,0.278816282749176
2018-01-19,0.47847747802734375
2018-01-22,-0.268575519323349
2018-01-23,0.24068720638751984
2018-01-24,0.021891048178076744
2018-01-25,0.12072087824344635
2018-01-26,0.23163291811943054
2018-01-27,0.9064206480979919
2018-01-29,0.009810208342969418
2018-01-30,-0.3385412096977234
2018-01-31,-0.01583663746714592
2018-02-01,-0.16535091400146484
2018-02-02,-0.3647153079509735
2018-02-03,0.32332709431648254
2018-02-05,-0.6746183633804321
2018-02-06,-0.01944795809686184
2018-02-07,-0.2134070247411728
2018-02-08,-0.0820419043302536
2018-02-09,-0.06201019883155823
2018-02-10,0.7447530627250671
2018-02-12,-0.08020728081464767
2018-02-13,-0.3655495047569275
2018-02-14,0.5888064503669739
2018-02-15,0.3190966248512268
2018-02-16,-0.48695898056030273
2018-02-17,0.05384330078959465
2018-02-18,-0.019089460372924805
2018-02-19,0.06670357286930084
2018-02-20,-0.18714576959609985
2018-02-21,0.3284173011779785
2018-02-22,-0.3849911093711853
2018-02-23,-0.3044004440307617
2018-02-24,-0.3677452504634857
2018-02-26,-0.019374703988432884
2018-02-27,0.0693669468164444
2018-02-28,-0.48864513635635376
2018-03-01,0.14359243214130402
2018-03-02,-0.8989009857177734
2018-03-04,0.9314088821411133
2018-03-05,-0.08018574118614197
2018-03-06,-0.28122448921203613
2018-03-07,-0.19314083456993103
2018-03-08,-0.05105007812380791
2018-03-09,-0.30050644278526306
2018-03-10,-0.5979562401771545
2018-03-12,-0.008945994079113007
2018-03-13,-0.16330353915691376
2018-03-14,-0.2782076597213745
2018-03-15,-0.6090094447135925
2018-03-16,-0.14424671232700348
2018-03-17,-0.20663781464099884
2018-03-18,-0.5819703340530396
2018-03-19,-0.5410156846046448
2018-03-20,-0.04185088351368904
2018-03-21,0.0011689463863149285
2018-03-22,0.08884291350841522
2018-03-23,-0.07847791910171509
2018-03-25,0.7252386808395386
2018-03-27,0.10467711836099625
2018-03-28,-0.452119380235672
2018-03-29,-0.5068901777267456
2018-03-30,0.3378954231739044
2018-03-31,0.8674935102462769
2018-04-01,-0.39825883507728577
2018-04-02,-0.30402061343193054
2018-04-03,0.2218295782804489
2018-04-04,0.36898869276046753
2018-04-05,0.3383956849575043
2018-04-06,-0.32130563259124756
2018-04-07,-0.1984969824552536
2018-04-08,0.12126319110393524
2018-04-09,0.029402920976281166
2018-04-10,-0.1548883616924286
2018-04-11,-0.5195959806442261
2018-04-12,-0.35416585206985474
2018-04-13,-0.06720274686813354
2018-04-14,0.30852219462394714
2018-04-15,-0.02458367869257927
2018-04-16,-0.0013668861938640475
2018-04-17,-0.2568296194076538
2018-04-18,-0.5489177703857422
2018-04-19,0.14843779802322388
2018-04-20,-0.8206667900085449
2018-04-21,0.1306990087032318
2018-04-23,0.12450925260782242
2018-04-24,-0.12521877884864807
2018-04-25,0.03947965055704117
2018-04-26,0.081454336643219
2018-04-27,-0.49824032187461853
2018-04-28,0.9224675893783569
2018-04-30,-0.5028456449508667
2018-05-01,0.015489988029003143
2018-05-02,-0.19758720695972443
2018-05-03,0.034629303961992264
2018-05-04,0.21415670216083527
2018-05-06,-0.3539435863494873
2018-05-07,-0.11172505468130112
2018-05-08,0.46361398696899414
2018-05-09,0.27336424589157104
2018-05-10,-0.02470032311975956
2018-05-11,0.3026227056980133
2018-05-12,-0.8802651166915894
2018-05-14,0.16655878722667694
2018-05-15,-0.30487173795700073
2018-05-16,-0.00039440393447875977
2018-05-17,0.04132763668894768
2018-05-18,0.8217455148696899
2018-05-19,0.06978711485862732
2018-05-21,-0.3278449475765228
2018-05-22,0.06372920423746109
2018-05-23,-0.26757121086120605
2018-05-24,0.20936012268066406
2018-05-25,0.7440933585166931
2018-05-26,0.4731309711933136
2018-05-27,-0.0182499997317791
2018-05-28,0.8916770219802856
2018-05-29,-0.24920137226581573
2018-05-30,-0.7847798466682434
2018-05-31,-0.8293424248695374
2018-06-01,-0.014474005438387394
2018-06-02,0.6861454248428345
2018-06-04,0.047166623175144196
2018-06-05,0.21220311522483826
2018-06-06,-0.11736427992582321
2018-06-07,0.9054367542266846
2018-06-08,-0.08372996002435684
2018-06-09,0.057424403727054596
2018-06-10,-0.005247585475444794
2018-06-12,-0.21941153705120087
2018-06-13,0.35822516679763794
2018-06-14,0.046271491795778275
2018-06-15,-0.4501068592071533
2018-06-16,-0.6566854119300842
2018-06-18,-0.05531395599246025
2018-06-19,-0.7335795164108276
2018-06-20,0.2263580560684204
2018-06-21,0.06244698911905289
2018-06-22,-0.03897508978843689
2018-06-23,-0.019345805048942566
2018-06-25,-0.2376103699207306
2018-06-26,-0.0024079978466033936
2018-06-27,0.5826406478881836
2018-06-28,0.2051093876361847
2018-06-29,-0.08870042860507965
2018-06-30,-0.40770697593688965
2018-07-02,0.05312519520521164
2018-07-03,0.1277221441268921
2018-07-04,0.2872588038444519
2018-07-05,0.10263216495513916
2018-07-06,0.008546799421310425
2018-07-07,-0.8881087899208069
2018-07-08,0.24575358629226685
2018-07-09,-0.1545456051826477
2018-07-10,0.08089381456375122
2018-07-11,-0.9155582189559937
2018-07-12,-0.17483459413051605
2018-07-13,0.2611522674560547
2018-07-16,0.02350022830069065
2018-07-17,-0.13540580868721008
2018-07-18,-0.028224056586623192
2018-07-19,0.4765528440475464
2018-07-20,0.024249309673905373
2018-07-21,-0.9695353507995605
2018-07-23,0.28745368123054504
2018-07-24,-0.46985748410224915
2018-07-25,-0.04752102494239807
2018-07-26,0.1412610560655594
2018-07-27,0.06105789542198181
2018-07-28,0.12490023672580719
2018-07-29,0.026481881737709045
2018-07-30,0.17197486758232117
2018-07-31,0.2052549570798874
2018-08-01,-0.14448152482509613
2018-08-02,0.07281479984521866
2018-08-03,0.8537952303886414
2018-08-05,0.05289912968873978
2018-08-06,-0.08806208521127701
2018-08-08,0.40324488282203674
2018-08-09,0.16766434907913208
2018-08-10,-0.678311824798584
2018-08-11,0.49266675114631653
2018-08-13,0.10539887100458145
2018-08-14,0.02794952131807804
2018-08-15,0.33598271012306213
2018-08-16,0.05559489503502846
2018-08-18,0.04368503764271736
2018-08-20,-0.27195557951927185
2018-08-21,-0.0724342092871666
2018-08-22,-0.1109347864985466
2018-08-23,0.03893665969371796
2018-08-24,0.008150797337293625
2018-08-27,0.030508989468216896
2018-08-28,0.0518358014523983
2018-08-29,-0.4835185110569
2018-08-30,0.26635968685150146
2018-08-31,-0.01244046725332737
2018-09-01,0.07290682196617126
2018-09-03,-0.31466174125671387
2018-09-04,-0.0988144800066948
2018-09-05,-0.20372481644153595
2018-09-06,0.41833093762397766
2018-09-08,0.07118405401706696
2018-09-10,0.2903660237789154
2018-09-11,-0.5256103873252869
2018-09-12,-0.14479117095470428
2018-09-13,0.43114447593688965
2018-09-14,-0.7421286106109619
2018-09-16,0.013677815906703472
2018-09-17,0.2748013436794281
2018-09-18,-0.899567186832428
2018-09-19,-0.37201470136642456
2018-09-20,-0.02335715852677822
2018-09-21,0.08027501404285431
2018-09-22,0.18908505141735077
2018-09-23,0.3965306282043457
2018-09-24,-0.9562265872955322
2018-09-25,0.023382119834423065
2018-09-26,-0.5568422079086304
2018-09-27,-0.379930317401886
2018-09-28,0.046543896198272705
2018-10-01,0.026165682822465897
2018-10-02,0.5859274864196777
2018-10-03,-0.16587138175964355
2018-10-04,0.26940542459487915
2018-10-05,-0.09007039666175842
2018-10-06,0.02120092511177063
2018-10-07,0.08382199704647064
2018-10-08,-0.5239285230636597
2018-10-09,-0.07681526243686676
2018-10-10,-0.11923404783010483
2018-10-11,-0.02949337661266327
2018-10-12,-0.45848679542541504
2018-10-13,-0.8740898370742798
2018-10-14,0.9245027899742126
2018-10-15,-0.34964966773986816
2018-10-16,-0.3453921675682068
2018-10-17,-0.4540822505950928
2018-10-18,-0.07377436012029648
2018-10-19,-0.546665370464325
2018-10-20,0.1881013810634613
2018-10-22,0.01573621854186058
2018-10-23,0.2864246070384979
2018-10-24,0.0702633336186409
2018-10-25,-0.20642909407615662
2018-10-26,0.13642024993896484
2018-10-28,-0.4669286906719208
2018-10-29,-0.24016980826854706
2018-10-30,-0.27760645747184753
2018-10-31,0.009927012957632542
2018-11-01,-0.07555215805768967
2018-11-02,-0.03559136390686035
2018-11-03,0.011922799050807953
2018-11-04,0.2577567398548126
2018-11-05,-0.052821580320596695
2018-11-06,0.019862348213791847
2018-11-07,0.13901720941066742
2018-11-08,0.18647152185440063
2018-11-09,0.6953004598617554
2018-11-10,0.2810213565826416
2018-11-11,0.9188194870948792
2018-11-12,-0.18887096643447876
2018-11-13,-0.5280933380126953
2018-11-14,-0.2046104073524475
2018-11-15,-0.34335651993751526
2018-11-16,0.09436676651239395
2018-11-19,-0.30848416686058044
2018-11-20,-0.09774450212717056
2018-11-22,0.33242934942245483
2018-11-23,-0.11462221294641495
2018-11-26,0.011911595240235329
2018-11-27,0.08316195011138916
2018-11-28,0.1057301014661789
2018-11-29,-0.28155091404914856
2018-11-30,-0.0361122190952301
2018-12-03,0.042167145758867264
2018-12-04,-0.08335152268409729
2018-12-05,-0.47319167852401733
2018-12-06,0.06820119172334671
2018-12-07,0.22765111923217773
2018-12-09,0.32129207253456116
2018-12-10,0.880709171295166
2018-12-11,0.10917305946350098
2018-12-12,0.16699309647083282
2018-12-13,-0.01289067231118679
2018-12-14,-0.5325247049331665
2018-12-15,0.04528697207570076
2018-12-17,-0.3189258575439453
2018-12-18,-0.3435925841331482
2018-12-19,0.08131581544876099
2018-12-20,-0.02736608311533928
2018-12-21,0.019877541810274124
2018-12-24,0.25620341300964355
2018-12-25,-0.48654448986053467
2018-12-26,-0.22537408769130707
2018-12-27,-0.19340258836746216
2018-12-28,-0.26436346769332886
2018-12-29,0.11963677406311035
2018-12-31,-0.5282294750213623
2019-01-02,-0.14249445497989655
2019-01-03,0.13435404002666473
2019-01-04,-0.46592119336128235
2019-01-06,-0.05631345510482788
2019-01-07,-0.0054932087659835815
2019-01-08,-0.2312583029270172
2019-01-09,-0.2024761140346527
2019-01-10,0.219842791557312
2019-01-11,0.5165124535560608
2019-01-13,0.9289378523826599
2019-01-14,-0.03670371323823929
2019-01-15,-0.9539613723754883
2019-01-16,0.4312261641025543
2019-01-17,0.05092845484614372
2019-01-18,0.577563464641571
2019-01-19,-0.4696183502674103
2019-01-21,-0.22194387018680573
2019-01-22,0.3102625012397766
2019-01-23,0.28505292534828186
2019-01-24,-0.42604178190231323
2019-01-25,0.21461422741413116
2019-01-27,0.6592932939529419
2019-01-28,0.021252749487757683
2019-01-29,0.26920002698898315
2019-01-30,-0.2253057211637497
2019-01-31,-0.027952399104833603
2019-02-01,-0.20839141309261322
2019-02-02,0.07931504398584366
2019-02-03,-0.9438601732254028
2019-02-04,-0.4225617051124573
2019-02-05,0.2269970029592514
2019-02-06,-0.22381551563739777
2019-02-07,0.30028319358825684
2019-02-08,-0.07066181302070618
2019-02-10,0.08265705406665802
2019-02-11,0.4300917088985443
2019-02-12,0.23345805704593658
2019-02-13,-0.00820837076753378
2019-02-14,-0.011434942483901978
2019-02-15,-0.10466846823692322
2019-02-17,-0.5687593817710876
2019-02-18,-0.925191342830658
2019-02-19,0.077353835105896
2019-02-20,0.06448260694742203
2019-02-21,0.11909552663564682
2019-02-22,0.8139422535896301
2019-02-24,0.06376754492521286
2019-02-25,0.48908185958862305
2019-02-27,-0.04433600232005119
2019-02-28,-0.0019914209842681885
2019-03-01,-0.08165905624628067
2019-03-03,-0.22337664663791656
2019-03-04,0.28858479857444763
2019-03-05,-0.14735765755176544
2019-03-06,0.3747499883174896
2019-03-07,-0.0005996624822728336
2019-03-08,-0.06407663226127625
2019-03-09,0.022710580378770828
2019-03-10,0.34580427408218384
2019-03-11,0.36558929085731506
2019-03-12,-0.2226761132478714
2019-03-13,0.44360339641571045
2019-03-14,0.23500560224056244
2019-03-15,-0.3367414176464081
2019-03-16,0.1638546586036682
2019-03-17,0.07321231067180634
2019-03-18,-0.3444198966026306
2019-03-21,0.4133353531360626
2019-03-22,-0.9214754700660706
2019-03-23,-0.8896487355232239
2019-03-25,0.025835394859313965
2019-03-26,-0.12830767035484314
2019-03-27,-0.020293131470680237
2019-03-28,0.036700934171676636
2019-03-29,-0.05936552956700325
2019-04-01,0.03249755874276161
2019-04-02,-0.8281866312026978
2019-04-03,-0.017728755250573158
2019-04-04,0.036292169243097305
2019-04-05,0.21564354002475739
2019-04-06,0.1945134997367859
2019-04-08,-0.3291690945625305
2019-04-09,-0.5774970650672913
2019-04-10,-0.2867375612258911
2019-04-11,0.5427139401435852
2019-04-12,-0.30322420597076416
2019-04-14,-0.1930319219827652
2019-04-15,-0.9539046883583069
2019-04-16,-0.010183259844779968
2019-04-17,0.20400144159793854
2019-04-18,0.020102038979530334
2019-04-19,0.9276809692382812
2019-04-21,0.4435650110244751
2019-04-23,-0.06833691895008087
2019-04-24,0.9014599919319153
2019-04-25,-0.3315597474575043
2019-04-27,0.07893231511116028
2019-04-29,-0.17183372378349304
2019-04-30,0.003057660534977913
2019-05-01,-0.4197468161582947
2019-05-02,0.2733142077922821
2019-05-03,-0.7290534377098083
2019-05-04,0.05835761874914169
2019-05-06,0.012500792741775513
2019-05-07,0.17873547971248627
2019-05-08,-0.3989793658256531
2019-05-09,-0.0006079114973545074
2019-05-10,-0.0008611579542048275
2019-05-13,0.1485392451286316
2019-05-14,0.32431840896606445
2019-05-15,-0.26758912205696106
2019-05-16,-0.34475550055503845
2019-05-20,-0.23639647662639618
2019-05-21,-0.2723968029022217
2019-05-22,-0.16630765795707703
2019-05-24,0.13862431049346924
2019-05-28,-0.3919692039489746
2019-05-29,0.1220800057053566
2019-05-30,-0.40918803215026855
2019-05-31,0.7073589563369751
2019-06-01,-0.9664028882980347
2019-06-02,-0.9575616121292114
2019-06-03,0.04590724781155586
2019-06-04,0.07565400004386902
2019-06-05,-0.021855413913726807
2019-06-06,-0.27205944061279297
2019-06-07,-0.3871729075908661
2019-06-08,-0.8972994089126587
2019-06-09,-0.009573083370923996
2019-06-10,-0.32903990149497986
2019-06-11,0.23138391971588135
2019-06-12,0.14953285455703735
2019-06-13,0.047549765557050705
2019-06-14,0.0278745349496603
2019-06-17,0.027385206893086433
2019-06-18,-0.016511544585227966
2019-06-19,-0.3255375325679779
2019-06-20,0.6329377889633179
2019-06-21,0.11649305373430252
2019-06-24,0.2411954402923584
2019-06-25,-0.05510208383202553
2019-06-26,-0.38674747943878174
2019-06-27,-0.958800196647644
2019-06-28,-0.19211828708648682
2019-06-29,0.467081755399704
2019-07-01,0.15129195153713226
2019-07-02,0.5462847352027893
2019-07-03,0.4276179075241089
2019-07-04,0.06776987016201019
2019-07-05,-0.8806456327438354
2019-07-07,0.8757996559143066
2019-07-08,0.10897861421108246
2019-07-09,0.3899763822555542
2019-07-10,-0.33249732851982117
2019-07-11,0.1890513002872467
2019-07-12,0.4061862528324127
2019-07-13,0.900641143321991
2019-07-14,0.9256328344345093
2019-07-15,0.022791048511862755
2019-07-16,0.5695340037345886
2019-07-17,-0.19647139310836792
2019-07-19,-0.07855723053216934
2019-07-20,0.34821245074272156
2019-07-22,-0.4520348012447357
2019-07-23,0.2569698989391327
2019-07-24,0.019309155642986298
2019-07-25,0.6149333715438843
2019-07-26,0.2211463749408722
2019-07-28,0.5305657386779785
2019-07-30,-0.19050177931785583
2019-07-31,-0.03639214485883713
2019-08-01,-0.014840136282145977
2019-08-02,-0.9333527684211731
2019-08-03,0.10948708653450012
2019-08-05,-0.08731011301279068
2019-08-06,0.29407626390457153
2019-08-07,-0.05728905275464058
2019-08-08,0.37934598326683044
2019-08-09,-0.286954790353775
2019-08-13,0.9115533232688904
2019-08-14,-0.15017853677272797
2019-08-15,-0.24540109932422638
2019-08-16,-0.22033891081809998
2019-08-17,0.721916139125824
2019-08-18,0.08555732667446136
2019-08-19,-0.036274269223213196
2019-08-20,0.09627799689769745
2019-08-21,0.1532861888408661
2019-08-22,-0.7551913261413574
2019-08-23,-0.011995628476142883
2019-08-25,0.17389455437660217
2019-08-26,0.01536920852959156
2019-08-27,0.21849983930587769
2019-08-28,0.09918510168790817
2019-08-29,0.5416271090507507
2019-08-30,-0.23171032965183258
2019-08-31,0.02578585408627987
2019-09-01,-0.9174253940582275
2019-09-02,0.04878610745072365
2019-09-03,0.06575489044189453
2019-09-04,-0.2612033784389496
2019-09-05,-0.02846912108361721
2019-09-06,0.11745784431695938
2019-09-07,0.011046979576349258
2019-09-08,-0.44523876905441284
2019-09-09,-0.254935622215271
2019-09-10,0.29407063126564026
2019-09-11,0.1712666004896164
2019-09-12,-0.058267828077077866
2019-09-13,-0.4699792265892029
2019-09-16,0.21130043268203735
2019-09-17,-0.19258518517017365
2019-09-18,-0.055764734745025635
2019-09-19,0.0011985128512606025
2019-09-20,-0.018930664286017418
2019-09-21,0.8905266523361206
2019-09-23,0.17838990688323975
2019-09-24,-0.1617148518562317
2019-09-25,-0.08029159158468246
2019-09-26,-0.16867604851722717
2019-09-27,0.13720157742500305
2019-09-28,-0.8723974823951721
2019-09-29,-0.39128202199935913
2019-09-30,-0.18898242712020874
2019-10-01,-0.35953110456466675
2019-10-02,-0.3720538318157196
2019-10-03,-0.015529320575296879
2019-10-04,-0.46201106905937195
2019-10-05,-0.6493576765060425
2019-10-07,-0.185988187789917
2019-10-08,0.25257229804992676
2019-10-09,0.39477643370628357
2019-10-10,0.02852625586092472
2019-10-11,0.04210812598466873
2019-10-12,-0.5368214249610901
2019-10-14,-0.1643878072500229
2019-10-15,-0.3866264820098877
2019-10-16,-0.25669997930526733
2019-10-17,0.013234521262347698
2019-10-18,0.05027360841631889
2019-10-20,0.8850135803222656
2019-10-21,0.006112862378358841
2019-10-22,-0.07225026935338974
2019-10-23,-0.5498571395874023
2019-10-24,-0.6218797564506531
2019-10-25,0.3147433400154114
2019-10-26,0.9175699949264526
2019-10-28,-0.0775831863284111
2019-10-29,0.5136061310768127
2019-10-30,0.3049165606498718
2019-10-31,0.30160439014434814
2019-11-01,-0.3458248972892761
2019-11-02,0.34380030632019043
2019-11-04,-0.30608081817626953
2019-11-05,-0.4603935480117798
2019-11-06,0.25732219219207764
2019-11-07,-0.04904486984014511
2019-11-08,-0.882366955280304
2019-11-09,0.03844687342643738
2019-11-11,-0.013235045596957207
2019-11-12,-0.005138480104506016
2019-11-13,-0.3308810591697693
2019-11-14,0.028732165694236755
2019-11-15,0.25382235646247864
2019-11-16,-0.0044191814959049225
2019-11-18,-0.028203943744301796
2019-11-19,-0.31627658009529114
2019-11-20,-0.15392348170280457
2019-11-21,-0.23677568137645721
2019-11-22,-0.04814951494336128
2019-11-24,-0.024763578549027443
2019-11-25,0.22363832592964172
2019-11-26,0.0009020090219564736
2019-11-27,-0.0255782138556242
2019-11-28,0.5606997609138489
2019-11-29,0.2564345598220825
2019-11-30,0.2271873950958252
2019-12-01,0.11472740769386292
2019-12-02,-0.0342729315161705
2019-12-03,0.05128093808889389
2019-12-04,0.06350378692150116
2019-12-05,-0.05837804079055786
2019-12-06,0.27471140027046204
2019-12-07,0.21780115365982056
2019-12-09,0.43864932656288147
2019-12-10,0.04275985062122345
2019-12-11,-0.036391470581293106
2019-12-12,-0.4184041917324066
2019-12-13,0.21728193759918213
2019-12-16,-0.056764084845781326
2019-12-17,-0.03368949517607689
2019-12-18,-0.026573678478598595
2019-12-19,0.4088032841682434
2019-12-20,0.42643091082572937
2019-12-22,0.2011096328496933
2019-12-23,0.027705907821655273
2019-12-24,-0.23138459026813507
2019-12-25,-0.6745559573173523
2019-12-26,0.11947444826364517
2019-12-27,0.26340773701667786
2019-12-28,0.26863914728164673
2019-12-29,0.16622765362262726
2019-12-30,-0.01836785115301609
2019-12-31,0.25013720989227295
2020-01-01,0.7939345836639404
2020-01-02,0.019258147105574608
2020-01-03,0.06198304146528244
2020-01-04,0.0721200481057167
2020-01-05,-0.21590180695056915
2020-01-06,0.08447658270597458
2020-01-07,-0.3569329082965851
2020-01-08,0.08271930366754532
2020-01-09,-0.10209443420171738
2020-01-10,0.07639682292938232
2020-01-13,-0.48446786403656006
2020-01-14,0.053735505789518356
2020-01-15,-0.2163584679365158
2020-01-16,0.08162933588027954
2020-01-17,0.21475236117839813
2020-01-21,0.08922549337148666
2020-01-22,-0.6425843238830566
2020-01-23,0.04746780917048454
2020-01-24,0.14501740038394928
2020-01-25,0.930796205997467
2020-01-27,0.07459477335214615
2020-01-28,0.13166546821594238
2020-01-29,0.34343981742858887
2020-01-30,-0.3960021734237671
2020-02-01,0.06616222858428955
2020-02-03,0.26898184418678284
2020-02-04,-0.3343450427055359
2020-02-05,0.010748875327408314
2020-02-06,-0.44768837094306946
2020-02-07,-0.1741836816072464
2020-02-09,0.3233894407749176
2020-02-10,-0.15323983132839203
2020-02-11,-0.38277775049209595
2020-02-12,-0.026215247809886932
2020-02-13,-0.02997909113764763
2020-02-14,0.12569497525691986
2020-02-16,0.658290445804596
2020-02-18,-0.06087304651737213
2020-02-19,-0.18340130150318146
2020-02-20,-0.32493165135383606
2020-02-21,0.15536858141422272
2020-02-22,-0.10051744431257248
2020-02-23,0.16579236090183258
2020-02-24,-0.3866635262966156
2020-02-25,-0.32894548773765564
2020-02-26,-0.10989198088645935
2020-02-27,-0.37976163625717163
2020-02-28,-0.23352821171283722
2020-02-29,-0.8671995401382446
2020-03-02,-0.12963248789310455
2020-03-03,0.3454033434391022
2020-03-04,0.25540658831596375
2020-03-05,-0.16178777813911438
2020-03-06,-0.15234880149364471
2020-03-08,-0.8227956295013428
2020-03-09,-0.36564040184020996
2020-03-10,-0.01690632477402687
2020-03-11,-0.33277857303619385
2020-03-12,-0.47820156812667847
2020-03-13,-0.07310342788696289
2020-03-14,-0.916347324848175
2020-03-15,-0.9121692180633545
2020-03-16,-0.6198595762252808
2020-03-17,-0.42287638783454895
2020-03-18,-0.36701783537864685
2020-03-19,-0.11917189508676529
2020-03-20,-0.6124659180641174
2020-03-21,0.09408941864967346
2020-03-22,0.14045849442481995
2020-03-23,-0.47861385345458984
2020-03-24,-0.3113003969192505
2020-03-25,-0.2650658190250397
2020-03-26,-0.44181838631629944
2020-03-27,-0.1891600340604782
2020-03-28,-0.7515298128128052
2020-03-29,0.36485370993614197
2020-03-30,-0.9580050110816956
2020-03-31,-0.3627270758152008
2020-04-01,-0.0950445905327797
2020-04-02,-0.12594552338123322
2020-04-03,-0.1804874688386917
2020-04-06,-0.24652476608753204
2020-04-07,0.32143107056617737
2020-04-08,-0.01978735625743866
2020-04-09,0.11956038326025009
2020-04-11,-0.6262646317481995
2020-04-13,-0.019677072763442993
2020-04-14,-0.3228866457939148
2020-04-15,0.25375038385391235
2020-04-16,-0.5238442420959473
2020-04-17,-0.355131596326828
2020-04-18,-0.24460940062999725
2020-04-19,0.04766816645860672
2020-04-20,0.20482368767261505
2020-04-21,0.0252167247235775
2020-04-23,-0.16602911055088043
2020-04-24,-0.2663784921169281
2020-04-27,-0.20454642176628113
2020-04-28,0.015365079045295715
2020-04-29,0.8018122315406799
2020-04-30,-0.25214505195617676
2020-05-01,0.0010395353892818093
2020-05-02,-0.2709689736366272
2020-05-03,0.240792378783226
2020-05-04,-0.26971545815467834
2020-05-05,-0.10153049230575562
2020-05-06,0.5125163197517395
2020-05-07,-0.2885506749153137
2020-05-08,-0.07031452655792236
2020-05-11,0.0022154871840029955
2020-05-12,0.32054218649864197
2020-05-13,0.11773965507745743
2020-05-14,-0.2549895942211151
2020-05-15,0.034671805799007416
2020-05-18,-0.246118426322937
2020-05-19,-0.5363708734512329
2020-05-20,-0.005740382708609104
2020-05-21,0.15438655018806458
2020-05-22,-0.10800205916166306
2020-05-23,0.3533618748188019
2020-05-24,0.863271951675415
2020-05-26,-0.056044355034828186
2020-05-27,0.06463663280010223
2020-05-28,0.02245466411113739
2020-05-29,0.3280833959579468
2020-06-01,0.09781026095151901
2020-06-02,-0.09210269153118134
2020-06-03,-0.08742988109588623
2020-06-04,-0.02305547147989273
2020-06-05,0.036374546587467194
2020-06-08,0.21821177005767822
2020-06-09,-0.17250405251979828
2020-06-10,-0.6280794739723206
2020-06-11,0.024837806820869446
2020-06-12,0.11391860246658325
2020-06-15,-0.2760859727859497
2020-06-16,-0.11827602982521057
2020-06-17,0.006119986996054649
2020-06-18,0.17926375567913055
2020-06-19,-0.1332145482301712
2020-06-22,0.04136545956134796
2020-06-24,-0.2948169708251953
2020-06-25,-0.19293463230133057
2020-06-26,0.32915833592414856
2020-06-29,0.12485042959451675
2020-06-30,-0.022335071116685867
2020-07-01,0.07994400709867477
2020-07-02,0.03613036870956421
2020-07-06,-0.3755318224430084
2020-07-08,0.14637741446495056
2020-07-09,0.3666223883628845
2020-07-10,-0.35342609882354736
2020-07-13,-0.3848094046115875
2020-07-15,-0.0013423655182123184
2020-07-20,0.5700827240943909
2020-07-21,0.1786736249923706
2020-07-22,-0.4082063138484955
2020-07-24,-0.7617600560188293
2020-07-27,-0.04932032898068428
2020-07-28,0.024179300293326378
2020-07-29,-0.9108639359474182
2020-07-30,0.2903421223163605
2020-07-31,-0.25293150544166565
2020-08-03,0.5622595548629761
2020-08-04,0.24022555351257324
2020-08-06,0.07132118940353394
2020-08-07,-0.0892387181520462
2020-08-10,0.02478168159723282
2020-08-11,0.16856756806373596
2020-08-13,-0.3651576042175293
2020-08-14,0.12969322502613068
2020-08-17,0.017784176394343376
2020-08-18,0.11061829328536987
2020-08-19,0.04122798889875412
2020-08-20,0.043492391705513
2020-08-21,0.015443598851561546
2020-08-24,-0.20094892382621765
2020-08-25,-0.08580168336629868
2020-08-26,-0.2457929253578186
2020-08-27,0.027738144621253014
2020-08-28,0.05056142061948776
2020-08-31,-0.31948354840278625
2020-09-01,0.023066498339176178
2020-09-02,-0.4605211317539215
2020-09-03,-0.6411699652671814
2020-09-04,-0.02321479469537735
2020-09-08,-0.6905139088630676
2020-09-09,-0.12429219484329224
2020-09-10,0.33305537700653076
2020-09-14,0.6876822710037231
2020-09-15,0.06723417341709137
2020-09-16,0.10450851172208786
2020-09-17,0.3278510272502899
2020-09-18,-0.20327119529247284
2020-09-21,-0.44392579793930054
2020-09-22,-0.9465471506118774
2020-09-23,-0.2782129645347595
2020-09-24,0.45976579189300537
2020-09-25,-0.9247428774833679
2020-09-28,0.8885540962219238
2020-09-29,0.36120814085006714
2020-09-30,0.03747786208987236
2020-10-01,-0.0349111333489418
2020-10-05,0.36225438117980957
2020-10-06,-0.5715135335922241
2020-10-07,0.11452555656433105
2020-10-08,0.09498462080955505
2020-10-12,0.03034283220767975
2020-10-13,-0.11251809448003769
2020-10-14,0.06420920044183731
2020-10-15,-0.07792466878890991
2020-10-19,0.11469852179288864
2020-10-20,0.21097102761268616
2020-10-21,0.23534508049488068
2020-10-22,-0.017854642122983932
2020-10-23,-0.19347041845321655
2020-10-26,0.8954594731330872
2020-10-27,-0.009901722893118858
2020-10-28,-0.2748974561691284
2020-10-29,0.06903187930583954
2020-11-02,0.14915667474269867
2020-11-03,0.2896887958049774
2020-11-04,0.1405922770500183
2020-11-05,-0.21153604984283447
2020-11-06,0.49255457520484924
2020-11-09,0.25510820746421814
2020-11-10,0.005067229270935059
2020-11-12,-0.008326709270477295
2020-11-13,0.3154216706752777
2020-11-16,0.5061403512954712
2020-11-17,0.10375399887561798
2020-11-18,0.14672796428203583
2020-11-19,-0.3289624750614166
2020-11-20,-0.012849602848291397
2020-11-23,-0.06251174956560135
2020-11-24,0.31958648562431335
2020-11-25,0.1382109671831131
2020-11-27,0.434104323387146
2020-11-30,-0.3743770122528076
2020-12-01,0.07760745286941528
2020-12-02,0.35740453004837036
2020-12-04,0.9209809899330139
2020-12-09,0.7663640975952148
2020-12-10,-0.3030194342136383
2020-12-11,0.004104409366846085
2020-12-14,0.1485709697008133
2020-12-15,0.006709424778819084
2020-12-16,0.15782195329666138
2020-12-17,0.5021560192108154
2020-12-21,0.03165906295180321
2020-12-22,-0.09398588538169861
2020-12-23,0.023017046973109245
2020-12-24,0.34212353825569153
2020-12-28,-0.7572823166847229
2020-12-29,0.23597951233386993
2020-12-30,0.8650264739990234
2021-01-04,-0.22306287288665771
2021-01-05,-0.3078027069568634
2021-01-06,-0.7636337280273438
2021-01-07,-0.008675210177898407
2021-01-08,0.02872515469789505
2021-01-11,-0.03912941366434097
2021-01-12,0.03311347961425781
2021-01-13,-0.47690349817276
2021-01-14,-0.05684378743171692
2021-01-15,-0.03894506022334099
2021-01-19,0.10100430995225906
2021-01-20,0.1554018259048462
2021-01-21,-0.10787903517484665
2021-01-25,-0.4610346257686615
2021-01-26,0.06489020586013794
2021-01-28,0.058420367538928986
2021-01-29,0.21842220425605774
2021-02-01,0.5480971932411194
2021-02-02,-0.4069235920906067
2021-02-04,0.017744749784469604
2021-02-05,-0.20761162042617798
2021-02-08,0.008780993521213531
2021-02-09,-0.16895243525505066
2021-02-10,-0.04224569723010063
2021-02-11,0.09564395993947983
2021-02-12,0.3172302544116974
2021-02-16,0.19686877727508545
2021-02-17,-0.0846601352095604
2021-02-18,-0.41282129287719727
2021-02-22,-0.026801113039255142
2021-02-23,0.3783795237541199
2021-02-24,0.9008098840713501
2021-02-25,-0.11332470178604126
2021-02-26,0.531866729259491
2021-03-01,0.19742143154144287
2021-03-02,0.6053001880645752
2021-03-03,0.4421178698539734
2021-03-04,-0.1470518559217453
2021-03-05,-0.09676122665405273
2021-03-08,-0.12200260907411575
2021-03-09,-0.18706731498241425
2021-03-10,-0.4726204574108124
2021-03-11,0.19442540407180786
2021-03-12,0.014425858855247498
2021-03-15,0.0037389416247606277
2021-03-16,-0.30390816926956177
2021-03-17,0.24289585649967194
2021-03-18,-0.010510195977985859
2021-03-19,-0.046184152364730835
2021-03-22,-0.40457040071487427
2021-03-23,-0.14977790415287018
2021-03-24,-0.23195518553256989
2021-03-25,0.021235987544059753
2021-03-26,-0.08556488156318665
2021-03-29,0.24111586809158325
2021-03-30,-0.1406753659248352
2021-03-31,-0.08064088225364685
2021-04-01,0.3638680875301361
2021-04-05,-0.8437097668647766
2021-04-06,-0.05284187197685242
2021-04-07,0.08210719376802444
2021-04-08,-0.01236000657081604
2021-04-09,0.04441795498132706
2021-04-12,0.07074172049760818
2021-04-13,-0.31192880868911743
2021-04-14,0.2305188775062561
2021-04-15,-0.050814952701330185
2021-04-16,0.07481413334608078
2021-04-19,-0.31887805461883545
2021-04-20,0.10841131210327148
2021-04-21,-0.24310801923274994
2021-04-22,0.49567610025405884
2021-04-23,0.03175339847803116
2021-04-26,0.8887833952903748
2021-04-27,0.11627218872308731
2021-04-28,-0.07852980494499207
2021-04-29,-0.4704665541648865
2021-04-30,0.13017629086971283
2021-05-03,0.16287463903427124
2021-05-04,-0.2063504457473755
2021-05-05,0.1863217055797577
2021-05-06,0.05326635017991066
2021-05-07,-0.028292857110500336
2021-05-10,-0.19678620994091034
2021-05-11,-0.45370277762413025
2021-05-12,-0.19242335855960846
2021-05-13,-0.07630479335784912
2021-05-14,0.8104340434074402
2021-05-17,-0.2678496837615967
2021-05-18,0.012854775413870811
2021-05-19,-0.02236083894968033
2021-05-20,-0.2868833541870117
2021-05-21,-0.2958463728427887
2021-05-24,0.14356814324855804
2021-05-25,0.11160309612751007
2021-05-26,-0.10041335225105286
2021-05-27,0.06855882704257965
2021-06-01,0.2198069840669632
2021-06-02,0.5530061721801758
2021-06-03,0.008130241185426712
2021-06-04,0.07822811603546143
2021-06-07,-0.4482536017894745
2021-06-08,0.30857470631599426
2021-06-09,0.2507351040840149
2021-06-10,0.23373639583587646
2021-06-14,0.05276582017540932
2021-06-15,-0.0509960874915123
2021-06-16,0.05113703012466431
2021-06-17,-0.3540516495704651
2021-06-18,-0.053572893142700195
2021-06-21,0.10008949041366577
2021-06-22,0.08005410432815552
2021-06-23,-0.05547831580042839
2021-06-24,0.004970591515302658
2021-06-25,-0.22832022607326508
2021-06-28,0.11434449255466461
2021-06-29,0.24316169321537018
2021-06-30,-0.0272698812186718
2021-07-01,-0.42914122343063354
2021-07-02,0.028550423681735992
2021-07-06,0.8025965690612793
2021-07-07,-0.17607374489307404
2021-07-08,0.7600175738334656
2021-07-12,0.16482144594192505
2021-07-13,-0.5138373970985413
2021-07-14,-0.32689011096954346
2021-07-15,-0.595500111579895
2021-07-16,0.17976033687591553
2021-07-19,-0.12501566112041473
2021-07-20,0.1706930249929428
2021-07-21,0.29906630516052246
2021-07-22,-0.289357453584671
2021-07-23,-0.41066476702690125
2021-07-26,0.06365650147199631
2021-07-27,0.8404573202133179
2021-07-29,-0.00552692636847496
2021-07-30,0.10477573424577713
2021-08-02,-0.08980689942836761
2021-08-03,0.11179495602846146
2021-08-04,-0.062371570616960526
2021-08-05,0.4267715811729431
2021-08-06,0.41137710213661194
2021-08-09,0.03149757534265518
2021-08-10,-0.36844316124916077
2021-08-11,-0.10658556967973709
2021-08-13,-0.6901476979255676
2021-08-16,0.21385808289051056
2021-08-17,0.22520753741264343
2021-08-18,0.08582931756973267
2021-08-19,0.23904722929000854
2021-08-20,-0.4873053729534149
2021-08-24,0.22469714283943176
2021-08-25,-0.37316951155662537
2021-08-26,0.0719461664557457
2021-08-27,0.05033230409026146
2021-08-30,-0.04355321079492569
2021-08-31,0.0052533820271492004
2021-09-01,-0.32199570536613464
2021-09-02,-0.6136196851730347
2021-09-03,-0.7901108264923096
2021-09-07,-0.002957763150334358
2021-09-08,-0.0393400676548481
2021-09-09,0.02702317014336586
2021-09-14,-0.055001597851514816
2021-09-15,-0.1180688738822937
2021-09-16,0.02675645425915718
2021-09-17,-0.3605080544948578
2021-09-20,-0.34016671776771545
2021-09-21,-0.6763460636138916
2021-09-22,-0.014053542166948318
2021-09-23,-0.538258969783783
2021-09-24,0.0024673491716384888
2021-09-27,0.42191752791404724
2021-09-28,0.07247111946344376
2021-09-29,0.17614437639713287
2021-09-30,-0.03787592425942421
2021-10-01,-0.020188316702842712
2021-10-04,-0.04213990271091461
2021-10-05,-0.264252632856369
2021-10-06,-0.26097482442855835
2021-10-07,0.9291402697563171
2021-10-08,0.023647993803024292
2021-10-11,0.44236645102500916
2021-10-12,0.10647555440664291
2021-10-13,-0.1512334644794464
2021-10-14,-0.01236288994550705
2021-10-15,-0.01238089706748724
2021-10-18,0.8250777721405029
2021-10-19,0.09679997712373734
2021-10-20,-0.07087678462266922
2021-10-21,0.4729706346988678
2021-10-22,-0.12468535453081131
2021-10-25,0.0032716933637857437
2021-10-26,-0.23083442449569702
2021-10-27,-0.26130107045173645
2021-10-28,-0.006340215913951397
2021-10-29,-0.0434381403028965
2021-11-01,0.01135940570384264
2021-11-02,-0.09602171182632446
2021-11-03,0.0899750366806984
2021-11-04,-0.013847112655639648
2021-11-05,0.24262697994709015
2021-11-08,-0.10753665119409561
2021-11-09,0.06107424572110176
2021-11-10,-0.468963623046875
2021-11-12,-0.04788355529308319
2021-11-15,0.044292252510786057
2021-11-16,-0.4553847312927246
2021-11-17,0.050068337470293045
2021-11-18,-0.0752222016453743
2021-11-19,0.04539073631167412
2021-11-22,0.05281147360801697
2021-11-23,0.04738746955990791
2021-11-24,-0.018053896725177765
2021-11-26,-0.03459637612104416
2021-11-29,-0.21947066485881805
2021-11-30,-0.020823011174798012
2021-12-01,-0.09650671482086182
2021-12-02,-0.20702113211154938
2021-12-03,-0.5201393365859985
2021-12-06,0.10567054897546768
2021-12-07,0.21494722366333008
2021-12-08,-0.19400160014629364
2021-12-09,-0.010780679062008858
2021-12-10,0.009220704436302185
2021-12-13,0.18151262402534485
2021-12-14,0.16565847396850586
2021-12-15,-0.468258261680603
2021-12-16,0.13675232231616974
2021-12-20,0.007867519743740559
2021-12-21,0.24363601207733154
2021-12-22,0.21019694209098816
2021-12-23,0.01113065518438816
2021-12-27,-0.26019537448883057
2021-12-28,0.0013356758281588554
2021-12-29,-0.16760781407356262
2021-12-30,0.2321614772081375
2021-12-31,0.03856225684285164
2022-01-03,-0.05356960371136665
2022-01-04,0.12779580056667328
2022-01-05,0.23840577900409698
2022-01-06,-0.26041457056999207
2022-01-07,-0.21495524048805237
2022-01-10,-0.16863137483596802
2022-01-11,-0.013991824351251125
2022-01-12,0.029471198096871376
2022-01-13,0.13680917024612427
2022-01-14,0.49404531717300415
2022-01-18,-0.3063121438026428
2022-01-19,0.07712046802043915
2022-01-20,-0.4554964601993561
2022-01-21,-0.32014909386634827
2022-01-24,-0.4157133102416992
2022-01-25,-0.45360592007637024
2022-01-26,-0.15251484513282776
2022-01-27,-0.15582610666751862
2022-01-28,0.06919993460178375
2022-01-31,-0.2953309416770935
2022-02-01,-0.07887797802686691
2022-02-02,-0.1455783247947693
2022-02-03,0.24990186095237732
2022-02-04,-0.023714030161499977
2022-02-07,0.22283266484737396
2022-02-08,-0.10108961910009384
2022-02-09,0.1132257804274559
2022-02-10,0.004455068148672581
2022-02-11,0.04828682541847229
2022-02-14,-0.15640811622142792
2022-02-15,-0.006515592336654663
2022-02-16,-0.42874351143836975
2022-02-18,0.013188594952225685
2022-02-22,-0.18034307658672333
2022-02-23,-0.20231367647647858
2022-02-24,0.06363476812839508
2022-02-25,0.47167548537254333
2022-02-28,0.5861730575561523
2022-03-01,0.24341237545013428
2022-03-02,0.03132843226194382
2022-03-03,-0.028690798208117485
2022-03-04,-0.23043903708457947
2022-03-07,-0.1806691437959671
2022-03-08,-0.20281603932380676
2022-03-09,-0.2459871619939804
2022-03-10,0.1074526458978653
2022-03-11,-0.01027590874582529
2022-03-14,-0.2938876450061798
2022-03-15,0.055876605212688446
2022-03-16,0.05893370509147644
2022-03-17,0.1145564466714859
2022-03-18,-0.03504123166203499
2022-03-21,0.17728427052497864
2022-03-22,-0.39775174856185913
2022-03-23,-0.16733157634735107
2022-03-24,-0.03223901614546776
2022-03-25,0.17579035460948944
2022-03-28,-0.23286958038806915
2022-03-29,0.0021593011915683746
2022-03-30,-0.5402085185050964
2022-03-31,0.77745521068573
2022-04-01,0.48110145330429077
2022-04-04,0.10127846896648407
2022-04-05,-0.021314358338713646
2022-04-06,-0.34197667241096497
2022-04-07,0.17327947914600372
2022-04-08,-0.004691331181675196
2022-04-11,0.04615600407123566
2022-04-12,0.34170493483543396
2022-04-13,0.021679505705833435
2022-04-14,0.3221985697746277
2022-04-18,0.01052489597350359
2022-04-19,-0.02572260983288288
2022-04-20,-0.5589114427566528
2022-04-21,-0.4223080575466156
2022-04-22,-0.1806837022304535
2022-04-25,-0.01584537886083126
2022-04-26,-0.053257089108228683
2022-04-27,-0.10558507591485977
2022-04-28,-0.4240860342979431
2022-04-29,-0.1628834754228592
2022-05-02,-0.7606726288795471
2022-05-03,-0.01759207993745804
2022-05-04,-0.09824428707361221
2022-05-05,-0.1436101645231247
2022-05-06,-0.06428221613168716
2022-05-09,-0.35245847702026367
2022-05-10,0.0376216396689415
2022-05-11,-0.5142901539802551
2022-05-12,-0.16733232140541077
2022-05-13,-0.26697245240211487
2022-05-16,-0.06229110434651375
2022-05-17,-0.27098116278648376
2022-05-18,-0.6198239922523499
2022-05-19,-0.3954002261161804
2022-05-20,-0.2096800059080124
2022-05-23,0.08101550489664078
2022-05-24,0.26433485746383667
2022-05-25,0.007975900545716286
2022-05-26,-0.050119947642087936
2022-05-27,0.085685133934021
2022-05-31,-0.10958272218704224
2022-06-01,0.08000767976045609
2022-06-02,-0.06606706976890564
2022-06-03,-0.13538353145122528
2022-06-06,0.45524269342422485
2022-06-07,-0.24337370693683624
2022-06-08,-0.3341337740421295
2022-06-09,0.051852159202098846
2022-06-10,-0.473811537027359
2022-06-13,0.2672401964664459
2022-06-14,-0.30876484513282776
2022-06-15,-0.3519752025604248
2022-06-16,0.01754755526781082
2022-06-17,-0.3197333812713623
2022-06-21,-0.04260765388607979
2022-06-22,-0.12090262025594711
2022-06-23,-0.2793189287185669
2022-06-24,0.2206454575061798
2022-06-27,-0.02523195743560791
2022-06-28,-0.03322821110486984
2022-06-29,-0.24882379174232483
2022-06-30,-0.266627699136734
2022-07-01,-0.2659357190132141
2022-07-05,0.1596396267414093
2022-07-06,0.1204170286655426
2022-07-08,-0.21931123733520508
2022-07-11,-0.24297554790973663
2022-07-12,0.9193234443664551
2022-07-13,0.02005072310566902
2022-07-14,0.04773487150669098
2022-07-15,-0.5949854254722595
2022-07-18,0.14173774421215057
2022-07-19,-0.36406177282333374
2022-07-21,-0.09167779237031937
2022-07-22,0.18733321130275726
2022-07-25,0.355732798576355
2022-07-26,0.034232597798109055
2022-07-27,0.10382233560085297
2022-07-28,0.3080836236476898
2022-07-29,-0.005875567439943552
2022-08-01,-0.3346175253391266
2022-08-02,0.056583136320114136
2022-08-03,-0.5700527429580688
2022-08-04,-0.13237230479717255
2022-08-05,0.020041801035404205
2022-08-08,-0.1502421647310257
2022-08-09,0.02179582044482231
2022-08-10,-0.032772213220596313
2022-08-11,-0.040734585374593735
2022-08-12,0.08136250823736191
2022-08-15,-0.003809673013165593
2022-08-16,-0.0052789486944675446
2022-08-17,-0.29294541478157043
2022-08-18,-0.15325669944286346
2022-08-19,-0.38696542382240295
2022-08-22,0.03357066214084625
2022-08-23,0.664193868637085
2022-08-24,-0.14995762705802917
2022-08-25,-0.0331229493021965
2022-08-26,-0.024544641375541687
2022-08-29,-0.008210811764001846
2022-08-30,0.02463902160525322
2022-08-31,-0.5135310292243958
2022-09-01,-0.3251235783100128
2022-09-02,-0.3280962407588959
2022-09-06,-0.21017369627952576
2022-09-07,-0.003226935863494873
2022-09-08,0.4231032431125641
2022-09-09,0.6273590326309204
2022-09-12,0.020756864920258522
2022-09-13,-0.4379023015499115
2022-09-14,-0.41394394636154175
2022-09-15,-0.32139429450035095
2022-09-16,0.1077565923333168
2022-09-19,-0.23096248507499695
2022-09-20,-0.2198532074689865
2022-09-21,0.03716808557510376
2022-09-22,0.048692502081394196
2022-09-23,-0.5083078145980835
2022-09-26,0.5713645815849304
2022-09-27,-0.4470488727092743
2022-09-28,-0.23780576884746552
2022-09-29,-0.1410641372203827
2022-09-30,-0.1977934092283249
2022-10-03,0.16227228939533234
2022-10-04,-0.22857330739498138
2022-10-05,0.3073089122772217
2022-10-06,0.04263196513056755
2022-10-07,0.12096498161554337
2022-10-10,-0.06235694885253906
2022-10-11,-0.010035181418061256
2022-10-12,-0.1332535445690155
2022-10-13,0.037821944802999496
2022-10-14,0.0284053273499012
2022-10-17,0.11118343472480774
2022-10-18,-0.11746399849653244
2022-10-19,-0.24869222939014435
2022-10-20,-0.2056114226579666
2022-10-21,0.04313460737466812
2022-10-24,-0.27077969908714294
2022-10-25,0.058176323771476746
2022-10-26,-0.8788391947746277
2022-10-27,-0.05972668528556824
2022-10-28,0.3387431800365448
2022-10-31,-0.009537912905216217
2022-11-01,0.1564178764820099
2022-11-02,-0.8514413237571716
2022-11-03,0.09164493530988693
2022-11-04,0.10252758115530014
2022-11-07,-0.029956983402371407
2022-11-08,0.26560068130493164
2022-11-09,-0.15715914964675903
2022-11-10,-0.021781131625175476
2022-11-11,-0.22789610922336578
2022-11-14,0.2173340618610382
2022-11-15,0.028256168588995934
2022-11-16,0.22007505595684052
2022-11-17,-0.32725101709365845
2022-11-18,0.4583834409713745
2022-11-21,-0.06888896226882935
2022-11-22,0.3710308074951172
2022-11-23,-0.04846321418881416
2022-11-25,0.004915978759527206
2022-11-28,0.04441271349787712
2022-11-29,-0.3870115280151367
2022-11-30,-0.3610427677631378
2022-12-01,0.1713223159313202
2022-12-02,-0.6777143478393555
2022-12-05,0.02628396451473236
2022-12-06,-0.3233625292778015
2022-12-07,-0.4323098063468933
2022-12-08,0.3141704499721527
2022-12-09,0.17229871451854706
2022-12-12,0.2754989564418793
2022-12-13,-0.07681089639663696
2022-12-14,0.10824128240346909
2022-12-15,-0.36398154497146606
2022-12-16,-0.554256021976471
2022-12-19,-0.3137553632259369
2022-12-20,0.27073347568511963
2022-12-21,0.12963899970054626
2022-12-22,-0.23859922587871552
2022-12-23,-0.46670857071876526
2022-12-27,-0.23334813117980957
2022-12-28,-0.07054396718740463
2022-12-29,0.1363220512866974
2022-12-30,-0.344778835773468
2023-01-03,-0.1210370734333992
2023-01-04,-0.028894297778606415
2023-01-05,0.2433520406484604
2023-01-06,0.24421119689941406
2023-01-09,-0.464324951171875
2023-01-10,0.04603632539510727
2023-01-11,0.19877226650714874
2023-01-12,-0.06320753693580627
2023-01-13,0.06335379183292389
2023-01-17,-0.14795386791229248
2023-01-18,-0.47121986746788025
2023-01-19,-0.46438324451446533
2023-01-20,0.07350011169910431
2023-01-23,0.12821663916110992
2023-01-24,-0.3233984708786011
2023-01-25,-0.41621068120002747
2023-01-26,0.424106627702713
2023-01-27,-0.1551744043827057
2023-01-30,-0.22659540176391602
2023-01-31,-0.10180927067995071
2023-02-01,-0.03763023018836975
2023-02-02,0.21081267297267914
2023-02-03,0.2533572018146515
2023-02-06,0.5019059777259827
2023-02-07,-0.10530715435743332
2023-02-08,-0.17099107801914215
2023-02-09,-0.10441648960113525
2023-02-10,-0.3629709482192993
2023-02-13,0.04529943689703941
2023-02-14,-0.2879754900932312
2023-02-15,0.17077265679836273
2023-02-16,-0.03125773370265961
2023-02-17,-0.20274047553539276
2023-02-21,-0.4942266345024109
2023-02-22,0.027191244065761566
2023-02-23,0.010999918915331364
2023-02-24,-0.31833624839782715
2023-02-27,-0.04755852371454239
2023-02-28,-0.002341039478778839
2023-03-01,-0.10820458829402924
2023-03-02,-0.020521536469459534
2023-03-03,-0.13939262926578522
2023-03-06,-0.060137998312711716
2023-03-07,0.027095923200249672
2023-03-08,-0.03537369146943092
2023-03-09,-0.3870984613895416
2023-03-10,-0.8354508280754089
2023-03-13,-0.4018080234527588
2023-03-14,-0.10250288248062134
2023-03-15,-0.4251070022583008
2023-03-16,0.0791865736246109
2023-03-17,-0.027661558240652084
2023-03-20,-0.0715903714299202
2023-03-21,0.15167781710624695
2023-03-22,-0.022251397371292114
2023-03-23,0.044884201139211655
2023-03-24,0.14803475141525269
2023-03-27,0.014088715426623821
2023-03-28,0.03759434074163437
2023-03-29,0.22989694774150848
2023-03-30,-0.29318636655807495
2023-03-31,-0.36405590176582336
2023-04-03,-0.11011944711208344
2023-04-04,-0.09807977825403214
2023-04-05,-0.033201415091753006
2023-04-06,0.04814557358622551
2023-04-10,-0.34288373589515686
2023-04-11,0.08444775640964508
2023-04-12,-0.2229413241147995
2023-04-13,-0.1314818561077118
2023-04-14,-0.28462085127830505
2023-04-17,0.11429440230131149
2023-04-18,-0.12927444279193878
2023-04-19,0.08550261706113815
2023-04-20,-0.002551436424255371
2023-05-01,-0.3097255229949951
2023-05-02,-0.2838289737701416
2023-05-03,-0.5163750648498535
2023-05-04,-0.916194498538971
2023-05-05,0.04291363060474396
2023-05-08,-0.13962459564208984
2023-05-09,-0.13066081702709198
2023-05-10,-0.06990952044725418
2023-05-11,-0.21990294754505157
2023-05-12,0.00813035387545824
2023-05-15,-0.2319401353597641
2023-05-16,0.26719245314598083
2023-05-17,0.37091362476348877
2023-05-18,0.07855688780546188
2023-05-19,-0.032623618841171265
2023-05-22,-0.24952301383018494
2023-05-23,-0.33838698267936707
2023-05-24,-0.29243534803390503
2023-05-25,-0.5505744814872742
2023-05-26,-0.024643447250127792
2023-05-30,0.06042202562093735
2023-05-31,-0.20537205040454865
2023-06-01,-0.4362228512763977
2023-06-02,0.043025460094213486
2023-06-05,0.06342483311891556
2023-06-07,0.9075620174407959
2023-06-08,-0.7815970778465271
2023-06-09,-0.03823321312665939
2023-06-12,-0.5503020286560059
2023-06-13,0.09156965464353561
2023-06-14,-0.42584213614463806
2023-06-15,0.06586942821741104
2023-06-16,0.05153527110815048
2023-06-20,0.048415862023830414
2023-06-21,-0.231827974319458
2023-06-22,0.2825467884540558
2023-06-23,-0.14535370469093323
2023-06-26,-0.27119794487953186
2023-06-27,0.3195284307003021
2023-06-28,-0.29029279947280884
2023-06-29,0.4638671875
2023-06-30,0.5417974591255188
2023-07-03,-0.4750990569591522
2023-07-05,-0.20480674505233765
2023-07-06,-0.14920327067375183
2023-07-07,-0.06837256997823715
2023-07-10,0.016664661467075348
2023-07-11,0.3754369616508484
2023-07-12,-0.027471482753753662
2023-07-13,0.0512656643986702
2023-07-14,-0.27729836106300354
2023-07-17,0.24573364853858948
2023-07-18,0.3098668158054352
2023-07-19,-0.11361918598413467
2023-07-20,-0.19434379041194916
2023-07-21,0.12299291044473648
2023-07-24,0.025260867550969124
2023-07-25,-0.05601929500699043
2023-07-26,-0.05974895879626274
2023-07-27,-0.23592296242713928
2023-07-28,0.29429298639297485
2023-07-31,0.6148345470428467
2023-08-01,-0.11141720414161682
2023-08-02,-0.5180495381355286
2023-08-03,0.446399986743927
2023-08-04,-0.31864574551582336
2023-08-07,-0.02099531888961792
2023-08-08,-0.49071720242500305
2023-08-09,-0.295427143573761
2023-08-10,-0.1045622006058693
2023-08-11,0.0919957235455513
2023-08-14,0.19961513578891754
2023-08-15,-0.6125640273094177
2023-08-16,0.26775968074798584
2023-08-17,-0.4469496011734009
2023-08-18,-0.17091472446918488
2023-08-21,0.019350409507751465
2023-08-22,-0.04693560674786568
2023-08-23,0.24881334602832794
2023-08-24,-0.18053577840328217
2023-08-25,-0.030022302642464638
2023-08-28,0.008030260913074017
2023-08-29,0.0064722103998064995
2023-08-30,-0.12878629565238953
2023-08-31,0.4044420123100281
2023-09-01,-0.1906316727399826
2023-09-05,-0.02676226757466793
2023-09-06,-0.17682614922523499
2023-09-07,-0.4093342423439026
2023-09-08,-0.43481871485710144
2023-09-11,0.388408899307251
2023-09-12,0.011748766526579857
2023-09-13,0.24910640716552734
2023-09-14,-0.08982513844966888
2023-09-15,0.22459164261817932
2023-09-18,0.27950263023376465
2023-09-19,-0.438225120306015
2023-09-20,0.8585248589515686
2023-09-21,-0.9432027339935303
2023-09-22,0.05134030431509018
2023-09-26,-0.8472460508346558
2023-09-27,-0.5847022533416748
2023-09-28,-0.3126195967197418
2023-09-29,0.036743003875017166
2023-10-02,0.17836883664131165
2023-10-03,-0.7045391201972961
2023-10-04,0.7134994864463806
2023-10-05,-0.7136799097061157
2023-10-06,-0.14133356511592865
2023-10-09,-0.13312101364135742
2023-10-10,-0.6091375946998596
2023-10-11,0.5168588161468506
2023-10-12,-0.009675532579421997
2023-10-13,0.0043133702129125595
2023-10-16,-0.4189121723175049
2023-10-17,0.033388376235961914
2023-10-18,0.24529173970222473
2023-10-19,-0.2658098042011261
2023-10-20,-0.6306032538414001
2023-10-23,-0.5941469669342041
2023-10-24,-0.01375579833984375
2023-10-25,0.24215097725391388
2023-10-26,0.00011394917964935303
2023-10-30,-0.31182751059532166
2023-10-31,-0.7741064429283142
2023-11-01,-0.8829936385154724
2023-11-02,-0.9067786931991577
2023-11-03,0.2962733209133148
2023-11-06,-0.03292975202202797
2023-11-07,-0.10023914277553558
2023-11-08,0.8781180381774902
2023-11-10,0.006260037422180176
2023-11-13,0.06422770768404007
2023-11-14,0.18990668654441833
2023-11-15,-0.08204568922519684
2023-11-16,-0.4407001733779907
2023-11-17,0.35395026206970215
2023-11-20,0.24196116626262665
2023-11-21,0.34002622961997986
2023-11-22,0.3441116213798523
2023-11-24,-0.16370251774787903
2023-11-27,0.019136790186166763
2023-11-28,-0.2638537585735321
2023-11-29,0.0037062689661979675
2023-11-30,0.30093786120414734
2023-12-04,-0.9579334259033203
2023-12-05,-0.030948122963309288
2023-12-06,-0.6092300415039062
2023-12-07,-0.015150576829910278
2023-12-08,0.43456944823265076
2023-12-11,0.6947227120399475
2023-12-13,0.08392112702131271
2023-12-14,0.11265984922647476
2023-12-15,0.6061651110649109
2023-12-18,0.49699467420578003
2023-12-19,-0.007687777280807495
2023-12-20,-0.3261243402957916
2023-12-21,0.0060675861313939095
2023-12-22,0.06701115518808365
2023-12-26,-0.9043973088264465
2023-12-27,-0.20170694589614868
2023-12-29,-0.05437344312667847
2024-01-02,0.35072222352027893
2024-01-03,-0.9467170238494873
2024-01-04,0.1505097597837448
2024-01-05,0.3168805241584778
2024-01-08,0.18996819853782654
2024-01-09,-0.42971110343933105
2024-01-10,0.06718583405017853
2024-01-11,0.4628901481628418
2024-01-12,-0.3677164614200592
2024-01-16,-0.31486231088638306
2024-01-18,-0.5815749764442444
2024-01-19,-0.02425316721200943
2024-01-22,0.02481391280889511
2024-01-26,-0.019668105989694595
2024-01-30,0.0368354469537735
2024-01-31,0.3595471680164337
2024-02-01,0.3972528874874115
2024-02-02,-0.5614535808563232
2024-02-09,0.014318592846393585
2024-02-12,0.20123812556266785
2024-02-13,-0.9251927733421326
2024-02-14,0.009539146907627583
2024-02-15,-0.07881955802440643
2024-02-16,0.007441878318786621
2024-02-22,0.22240713238716125
2024-02-23,0.7519243359565735
2024-02-26,-0.9577999114990234
2024-02-27,-0.3663526773452759
2024-02-28,-0.23548932373523712
2024-02-29,-0.15688863396644592
2024-03-01,-0.2503252625465393
2024-03-04,-0.26507917046546936
2024-04-23,-0.0674353763461113
2025-01-26,-0.028906911611557007
2025-01-27,-0.18959489464759827
2025-08-07,-0.2048978954553604
2026-04-14,-0.04915398359298706
2026-04-23,0.22912588715553284
2026-05-01,0.016411570832133293
2026-05-11,0.06606607884168625
2026-05-12,0.11367302387952805
2026-05-13,0.09053017199039459
2026-05-14,-0.028471721336245537
2026-05-15,0.16118913888931274
2026-05-16,0.052855055779218674
2026-05-17,0.11826776713132858
2026-05-18,-0.052087392657995224
